Country,YearMonth,Passengers,Year,Month_num,Month
Total Passengers,2002M03,33616.0,2002,3,March
Iceland,2002M03,16966.0,2002,3,March
Foreigners,2002M03,16650.0,2002,3,March
U.S.A.,2002M03,4238.0,2002,3,March
U.K.,2002M03,3401.0,2002,3,March
Denmark,2002M03,1329.0,2002,3,March
Finland,2002M03,414.0,2002,3,March
France,2002M03,660.0,2002,3,March
Netherlands,2002M03,611.0,2002,3,March
Italy,2002M03,102.0,2002,3,March
Japan,2002M03,282.0,2002,3,March
Canada,2002M03,181.0,2002,3,March
Norway,2002M03,1459.0,2002,3,March
Spain,2002M03,77.0,2002,3,March
Switzherland,2002M03,170.0,2002,3,March
Sweden,2002M03,1241.0,2002,3,March
Germany,2002M03,1264.0,2002,3,March
Other Countries,2002M03,1221.0,2002,3,March
Total Passengers,2002M04,35695.0,2002,4,April
Iceland,2002M04,16655.0,2002,4,April
Foreigners,2002M04,19040.0,2002,4,April
U.S.A.,2002M04,3286.0,2002,4,April
U.K.,2002M04,5156.0,2002,4,April
Denmark,2002M04,1159.0,2002,4,April
Finland,2002M04,643.0,2002,4,April
France,2002M04,687.0,2002,4,April
Netherlands,2002M04,680.0,2002,4,April
Italy,2002M04,96.0,2002,4,April
Japan,2002M04,178.0,2002,4,April
Canada,2002M04,111.0,2002,4,April
Norway,2002M04,1771.0,2002,4,April
Spain,2002M04,145.0,2002,4,April
Switzherland,2002M04,103.0,2002,4,April
Sweden,2002M04,2404.0,2002,4,April
Germany,2002M04,947.0,2002,4,April
Other Countries,2002M04,1674.0,2002,4,April
Total Passengers,2002M05,38770.0,2002,5,May
Iceland,2002M05,19969.0,2002,5,May
Foreigners,2002M05,18801.0,2002,5,May
U.S.A.,2002M05,3782.0,2002,5,May
U.K.,2002M05,2590.0,2002,5,May
Denmark,2002M05,1480.0,2002,5,May
Finland,2002M05,523.0,2002,5,May
France,2002M05,871.0,2002,5,May
Netherlands,2002M05,856.0,2002,5,May
Italy,2002M05,238.0,2002,5,May
Japan,2002M05,145.0,2002,5,May
Canada,2002M05,161.0,2002,5,May
Norway,2002M05,2078.0,2002,5,May
Spain,2002M05,152.0,2002,5,May
Switzherland,2002M05,143.0,2002,5,May
Sweden,2002M05,2330.0,2002,5,May
Germany,2002M05,1535.0,2002,5,May
Other Countries,2002M05,1917.0,2002,5,May
Total Passengers,2002M06,60249.0,2002,6,June
Iceland,2002M06,28034.0,2002,6,June
Foreigners,2002M06,32215.0,2002,6,June
U.S.A.,2002M06,5635.0,2002,6,June
U.K.,2002M06,3600.0,2002,6,June
Denmark,2002M06,2249.0,2002,6,June
Finland,2002M06,842.0,2002,6,June
France,2002M06,2184.0,2002,6,June
Netherlands,2002M06,1020.0,2002,6,June
Italy,2002M06,709.0,2002,6,June
Japan,2002M06,312.0,2002,6,June
Canada,2002M06,455.0,2002,6,June
Norway,2002M06,2849.0,2002,6,June
Spain,2002M06,364.0,2002,6,June
Switzherland,2002M06,708.0,2002,6,June
Sweden,2002M06,2645.0,2002,6,June
Germany,2002M06,4113.0,2002,6,June
Other Countries,2002M06,4530.0,2002,6,June
Total Passengers,2002M07,72861.0,2002,7,July
Iceland,2002M07,26846.0,2002,7,July
Foreigners,2002M07,46015.0,2002,7,July
U.S.A.,2002M07,5808.0,2002,7,July
U.K.,2002M07,5636.0,2002,7,July
Denmark,2002M07,4033.0,2002,7,July
Finland,2002M07,724.0,2002,7,July
France,2002M07,4800.0,2002,7,July
Netherlands,2002M07,1773.0,2002,7,July
Italy,2002M07,1725.0,2002,7,July
Japan,2002M07,504.0,2002,7,July
Canada,2002M07,265.0,2002,7,July
Norway,2002M07,2438.0,2002,7,July
Spain,2002M07,810.0,2002,7,July
Switzherland,2002M07,1884.0,2002,7,July
Sweden,2002M07,2629.0,2002,7,July
Germany,2002M07,7652.0,2002,7,July
Other Countries,2002M07,5334.0,2002,7,July
Total Passengers,2002M08,76494.0,2002,8,August
Iceland,2002M08,25957.0,2002,8,August
Foreigners,2002M08,50537.0,2002,8,August
U.S.A.,2002M08,5848.0,2002,8,August
U.K.,2002M08,5573.0,2002,8,August
Denmark,2002M08,2765.0,2002,8,August
Finland,2002M08,882.0,2002,8,August
France,2002M08,5197.0,2002,8,August
Netherlands,2002M08,1871.0,2002,8,August
Italy,2002M08,3674.0,2002,8,August
Japan,2002M08,698.0,2002,8,August
Canada,2002M08,227.0,2002,8,August
Norway,2002M08,2528.0,2002,8,August
Spain,2002M08,1524.0,2002,8,August
Switzherland,2002M08,1965.0,2002,8,August
Sweden,2002M08,3206.0,2002,8,August
Germany,2002M08,9060.0,2002,8,August
Other Countries,2002M08,5519.0,2002,8,August
Total Passengers,2002M09,44754.0,2002,9,September
Iceland,2002M09,20201.0,2002,9,September
Foreigners,2002M09,24553.0,2002,9,September
U.S.A.,2002M09,4172.0,2002,9,September
U.K.,2002M09,3271.0,2002,9,September
Denmark,2002M09,2143.0,2002,9,September
Finland,2002M09,676.0,2002,9,September
France,2002M09,1653.0,2002,9,September
Netherlands,2002M09,940.0,2002,9,September
Italy,2002M09,393.0,2002,9,September
Japan,2002M09,337.0,2002,9,September
Canada,2002M09,271.0,2002,9,September
Norway,2002M09,2711.0,2002,9,September
Spain,2002M09,341.0,2002,9,September
Switzherland,2002M09,322.0,2002,9,September
Sweden,2002M09,2190.0,2002,9,September
Germany,2002M09,2547.0,2002,9,September
Other Countries,2002M09,2586.0,2002,9,September
Total Passengers,2002M10,40284.0,2002,10,October
Iceland,2002M10,22513.0,2002,10,October
Foreigners,2002M10,17771.0,2002,10,October
U.S.A.,2002M10,3089.0,2002,10,October
U.K.,2002M10,5086.0,2002,10,October
Denmark,2002M10,1475.0,2002,10,October
Finland,2002M10,465.0,2002,10,October
France,2002M10,408.0,2002,10,October
Netherlands,2002M10,563.0,2002,10,October
Italy,2002M10,109.0,2002,10,October
Japan,2002M10,162.0,2002,10,October
Canada,2002M10,157.0,2002,10,October
Norway,2002M10,1624.0,2002,10,October
Spain,2002M10,69.0,2002,10,October
Switzherland,2002M10,89.0,2002,10,October
Sweden,2002M10,1820.0,2002,10,October
Germany,2002M10,811.0,2002,10,October
Other Countries,2002M10,1844.0,2002,10,October
Total Passengers,2002M11,30775.0,2002,11,November
Iceland,2002M11,18369.0,2002,11,November
Foreigners,2002M11,12406.0,2002,11,November
U.S.A.,2002M11,2384.0,2002,11,November
U.K.,2002M11,2780.0,2002,11,November
Denmark,2002M11,1155.0,2002,11,November
Finland,2002M11,296.0,2002,11,November
France,2002M11,530.0,2002,11,November
Netherlands,2002M11,385.0,2002,11,November
Italy,2002M11,129.0,2002,11,November
Japan,2002M11,93.0,2002,11,November
Canada,2002M11,118.0,2002,11,November
Norway,2002M11,1349.0,2002,11,November
Spain,2002M11,56.0,2002,11,November
Switzherland,2002M11,56.0,2002,11,November
Sweden,2002M11,1410.0,2002,11,November
Germany,2002M11,503.0,2002,11,November
Other Countries,2002M11,1162.0,2002,11,November
Total Passengers,2002M12,22427.0,2002,12,December
Iceland,2002M12,11835.0,2002,12,December
Foreigners,2002M12,10592.0,2002,12,December
U.S.A.,2002M12,1767.0,2002,12,December
U.K.,2002M12,1816.0,2002,12,December
Denmark,2002M12,855.0,2002,12,December
Finland,2002M12,212.0,2002,12,December
France,2002M12,358.0,2002,12,December
Netherlands,2002M12,286.0,2002,12,December
Italy,2002M12,104.0,2002,12,December
Japan,2002M12,169.0,2002,12,December
Canada,2002M12,96.0,2002,12,December
Norway,2002M12,1102.0,2002,12,December
Spain,2002M12,107.0,2002,12,December
Switzherland,2002M12,79.0,2002,12,December
Sweden,2002M12,1242.0,2002,12,December
Germany,2002M12,654.0,2002,12,December
Other Countries,2002M12,1745.0,2002,12,December
Total Passengers,2003M01,30556.0,2003,1,January
Iceland,2003M01,17859.0,2003,1,January
Foreigners,2003M01,12697.0,2003,1,January
U.S.A.,2003M01,2451.0,2003,1,January
U.K.,2003M01,2927.0,2003,1,January
Denmark,2003M01,763.0,2003,1,January
Finland,2003M01,194.0,2003,1,January
France,2003M01,412.0,2003,1,January
Netherlands,2003M01,294.0,2003,1,January
Italy,2003M01,222.0,2003,1,January
Japan,2003M01,385.0,2003,1,January
Canada,2003M01,125.0,2003,1,January
Norway,2003M01,1075.0,2003,1,January
Spain,2003M01,125.0,2003,1,January
Switzherland,2003M01,104.0,2003,1,January
Sweden,2003M01,973.0,2003,1,January
Germany,2003M01,784.0,2003,1,January
Other Countries,2003M01,1863.0,2003,1,January
Total Passengers,2003M02,26738.0,2003,2,February
Iceland,2003M02,13790.0,2003,2,February
Foreigners,2003M02,12948.0,2003,2,February
U.S.A.,2003M02,1990.0,2003,2,February
U.K.,2003M02,3605.0,2003,2,February
Denmark,2003M02,917.0,2003,2,February
Finland,2003M02,290.0,2003,2,February
France,2003M02,631.0,2003,2,February
Netherlands,2003M02,458.0,2003,2,February
Italy,2003M02,108.0,2003,2,February
Japan,2003M02,238.0,2003,2,February
Canada,2003M02,93.0,2003,2,February
Norway,2003M02,1616.0,2003,2,February
Spain,2003M02,65.0,2003,2,February
Switzherland,2003M02,71.0,2003,2,February
Sweden,2003M02,1217.0,2003,2,February
Germany,2003M02,683.0,2003,2,February
Other Countries,2003M02,966.0,2003,2,February
Total Passengers,2003M03,38177.0,2003,3,March
Iceland,2003M03,19640.0,2003,3,March
Foreigners,2003M03,18537.0,2003,3,March
U.S.A.,2003M03,2969.0,2003,3,March
U.K.,2003M03,3812.0,2003,3,March
Denmark,2003M03,1532.0,2003,3,March
Finland,2003M03,545.0,2003,3,March
France,2003M03,1072.0,2003,3,March
Netherlands,2003M03,1146.0,2003,3,March
Italy,2003M03,159.0,2003,3,March
Japan,2003M03,259.0,2003,3,March
Canada,2003M03,134.0,2003,3,March
Norway,2003M03,2064.0,2003,3,March
Spain,2003M03,105.0,2003,3,March
Switzherland,2003M03,126.0,2003,3,March
Sweden,2003M03,2004.0,2003,3,March
Germany,2003M03,1001.0,2003,3,March
Other Countries,2003M03,1609.0,2003,3,March
Total Passengers,2003M04,45955.0,2003,4,April
Iceland,2003M04,25490.0,2003,4,April
Foreigners,2003M04,20465.0,2003,4,April
U.S.A.,2003M04,2838.0,2003,4,April
U.K.,2003M04,5840.0,2003,4,April
Denmark,2003M04,1664.0,2003,4,April
Finland,2003M04,702.0,2003,4,April
France,2003M04,880.0,2003,4,April
Netherlands,2003M04,480.0,2003,4,April
Italy,2003M04,196.0,2003,4,April
Japan,2003M04,146.0,2003,4,April
Canada,2003M04,185.0,2003,4,April
Norway,2003M04,1982.0,2003,4,April
Spain,2003M04,120.0,2003,4,April
Switzherland,2003M04,91.0,2003,4,April
Sweden,2003M04,2227.0,2003,4,April
Germany,2003M04,1009.0,2003,4,April
Other Countries,2003M04,2105.0,2003,4,April
Total Passengers,2003M05,44693.0,2003,5,May
Iceland,2003M05,24320.0,2003,5,May
Foreigners,2003M05,20373.0,2003,5,May
U.S.A.,2003M05,3623.0,2003,5,May
U.K.,2003M05,3960.0,2003,5,May
Denmark,2003M05,1549.0,2003,5,May
Finland,2003M05,736.0,2003,5,May
France,2003M05,967.0,2003,5,May
Netherlands,2003M05,929.0,2003,5,May
Italy,2003M05,222.0,2003,5,May
Japan,2003M05,190.0,2003,5,May
Canada,2003M05,156.0,2003,5,May
Norway,2003M05,2031.0,2003,5,May
Spain,2003M05,303.0,2003,5,May
Switzherland,2003M05,142.0,2003,5,May
Sweden,2003M05,2132.0,2003,5,May
Germany,2003M05,1571.0,2003,5,May
Other Countries,2003M05,1862.0,2003,5,May
Total Passengers,2003M06,66846.0,2003,6,June
Iceland,2003M06,32333.0,2003,6,June
Foreigners,2003M06,34513.0,2003,6,June
U.S.A.,2003M06,5943.0,2003,6,June
U.K.,2003M06,4734.0,2003,6,June
Denmark,2003M06,2955.0,2003,6,June
Finland,2003M06,644.0,2003,6,June
France,2003M06,2803.0,2003,6,June
Netherlands,2003M06,1083.0,2003,6,June
Italy,2003M06,748.0,2003,6,June
Japan,2003M06,262.0,2003,6,June
Canada,2003M06,339.0,2003,6,June
Norway,2003M06,2501.0,2003,6,June
Spain,2003M06,615.0,2003,6,June
Switzherland,2003M06,650.0,2003,6,June
Sweden,2003M06,2380.0,2003,6,June
Germany,2003M06,5142.0,2003,6,June
Other Countries,2003M06,3714.0,2003,6,June
Total Passengers,2003M07,87639.0,2003,7,July
Iceland,2003M07,35032.0,2003,7,July
Foreigners,2003M07,52607.0,2003,7,July
U.S.A.,2003M07,6232.0,2003,7,July
U.K.,2003M07,6826.0,2003,7,July
Denmark,2003M07,4918.0,2003,7,July
Finland,2003M07,845.0,2003,7,July
France,2003M07,4870.0,2003,7,July
Netherlands,2003M07,1965.0,2003,7,July
Italy,2003M07,1939.0,2003,7,July
Japan,2003M07,526.0,2003,7,July
Canada,2003M07,281.0,2003,7,July
Norway,2003M07,2573.0,2003,7,July
Spain,2003M07,1006.0,2003,7,July
Switzherland,2003M07,2095.0,2003,7,July
Sweden,2003M07,2739.0,2003,7,July
Germany,2003M07,9576.0,2003,7,July
Other Countries,2003M07,6216.0,2003,7,July
Total Passengers,2003M08,88150.0,2003,8,August
Iceland,2003M08,29387.0,2003,8,August
Foreigners,2003M08,58763.0,2003,8,August
U.S.A.,2003M08,6454.0,2003,8,August
U.K.,2003M08,7270.0,2003,8,August
Denmark,2003M08,3156.0,2003,8,August
Finland,2003M08,925.0,2003,8,August
France,2003M08,5908.0,2003,8,August
Netherlands,2003M08,2161.0,2003,8,August
Italy,2003M08,4255.0,2003,8,August
Japan,2003M08,723.0,2003,8,August
Canada,2003M08,496.0,2003,8,August
Norway,2003M08,3015.0,2003,8,August
Spain,2003M08,1988.0,2003,8,August
Switzherland,2003M08,2275.0,2003,8,August
Sweden,2003M08,3560.0,2003,8,August
Germany,2003M08,9959.0,2003,8,August
Other Countries,2003M08,6618.0,2003,8,August
Total Passengers,2003M09,54228.0,2003,9,September
Iceland,2003M09,25170.0,2003,9,September
Foreigners,2003M09,29058.0,2003,9,September
U.S.A.,2003M09,4554.0,2003,9,September
U.K.,2003M09,4179.0,2003,9,September
Denmark,2003M09,2561.0,2003,9,September
Finland,2003M09,715.0,2003,9,September
France,2003M09,1487.0,2003,9,September
Netherlands,2003M09,844.0,2003,9,September
Italy,2003M09,546.0,2003,9,September
Japan,2003M09,388.0,2003,9,September
Canada,2003M09,310.0,2003,9,September
Norway,2003M09,2331.0,2003,9,September
Spain,2003M09,481.0,2003,9,September
Switzherland,2003M09,324.0,2003,9,September
Sweden,2003M09,2665.0,2003,9,September
Germany,2003M09,4544.0,2003,9,September
Other Countries,2003M09,3129.0,2003,9,September
Total Passengers,2003M10,51657.0,2003,10,October
Iceland,2003M10,29125.0,2003,10,October
Foreigners,2003M10,22532.0,2003,10,October
U.S.A.,2003M10,3528.0,2003,10,October
U.K.,2003M10,4143.0,2003,10,October
Denmark,2003M10,2031.0,2003,10,October
Finland,2003M10,951.0,2003,10,October
France,2003M10,532.0,2003,10,October
Netherlands,2003M10,640.0,2003,10,October
Italy,2003M10,166.0,2003,10,October
Japan,2003M10,875.0,2003,10,October
Canada,2003M10,221.0,2003,10,October
Norway,2003M10,2631.0,2003,10,October
Spain,2003M10,134.0,2003,10,October
Switzherland,2003M10,125.0,2003,10,October
Sweden,2003M10,2602.0,2003,10,October
Germany,2003M10,1251.0,2003,10,October
Other Countries,2003M10,2702.0,2003,10,October
Total Passengers,2003M11,37281.0,2003,11,November
Iceland,2003M11,22145.0,2003,11,November
Foreigners,2003M11,15136.0,2003,11,November
U.S.A.,2003M11,2779.0,2003,11,November
U.K.,2003M11,3363.0,2003,11,November
Denmark,2003M11,1349.0,2003,11,November
Finland,2003M11,270.0,2003,11,November
France,2003M11,288.0,2003,11,November
Netherlands,2003M11,391.0,2003,11,November
Italy,2003M11,166.0,2003,11,November
Japan,2003M11,213.0,2003,11,November
Canada,2003M11,101.0,2003,11,November
Norway,2003M11,1703.0,2003,11,November
Spain,2003M11,68.0,2003,11,November
Switzherland,2003M11,50.0,2003,11,November
Sweden,2003M11,1812.0,2003,11,November
Germany,2003M11,608.0,2003,11,November
Other Countries,2003M11,1975.0,2003,11,November
Total Passengers,2003M12,28449.0,2003,12,December
Iceland,2003M12,17310.0,2003,12,December
Foreigners,2003M12,11139.0,2003,12,December
U.S.A.,2003M12,1881.0,2003,12,December
U.K.,2003M12,2314.0,2003,12,December
Denmark,2003M12,931.0,2003,12,December
Finland,2003M12,153.0,2003,12,December
France,2003M12,495.0,2003,12,December
Netherlands,2003M12,335.0,2003,12,December
Italy,2003M12,264.0,2003,12,December
Japan,2003M12,253.0,2003,12,December
Canada,2003M12,118.0,2003,12,December
Norway,2003M12,895.0,2003,12,December
Spain,2003M12,116.0,2003,12,December
Switzherland,2003M12,68.0,2003,12,December
Sweden,2003M12,900.0,2003,12,December
Germany,2003M12,679.0,2003,12,December
Other Countries,2003M12,1737.0,2003,12,December
Total Passengers,2004M01,34471.0,2004,1,January
Iceland,2004M01,21206.0,2004,1,January
Foreigners,2004M01,13265.0,2004,1,January
U.S.A.,2004M01,2479.0,2004,1,January
U.K.,2004M01,2553.0,2004,1,January
Denmark,2004M01,1114.0,2004,1,January
Finland,2004M01,295.0,2004,1,January
France,2004M01,772.0,2004,1,January
Netherlands,2004M01,313.0,2004,1,January
Italy,2004M01,231.0,2004,1,January
Japan,2004M01,487.0,2004,1,January
Canada,2004M01,138.0,2004,1,January
Norway,2004M01,1161.0,2004,1,January
Spain,2004M01,155.0,2004,1,January
Switzherland,2004M01,151.0,2004,1,January
Sweden,2004M01,1096.0,2004,1,January
Germany,2004M01,873.0,2004,1,January
Other Countries,2004M01,1447.0,2004,1,January
Total Passengers,2004M02,35515.0,2004,2,February
Iceland,2004M02,20091.0,2004,2,February
Foreigners,2004M02,15424.0,2004,2,February
U.S.A.,2004M02,2269.0,2004,2,February
U.K.,2004M02,3793.0,2004,2,February
Denmark,2004M02,1483.0,2004,2,February
Finland,2004M02,285.0,2004,2,February
France,2004M02,675.0,2004,2,February
Netherlands,2004M02,522.0,2004,2,February
Italy,2004M02,157.0,2004,2,February
Japan,2004M02,374.0,2004,2,February
Canada,2004M02,95.0,2004,2,February
Norway,2004M02,2174.0,2004,2,February
Spain,2004M02,83.0,2004,2,February
Switzherland,2004M02,71.0,2004,2,February
Sweden,2004M02,1422.0,2004,2,February
Germany,2004M02,715.0,2004,2,February
Other Countries,2004M02,1306.0,2004,2,February
Total Passengers,2004M03,40961.0,2004,3,March
Iceland,2004M03,22219.0,2004,3,March
Foreigners,2004M03,18742.0,2004,3,March
U.S.A.,2004M03,2796.0,2004,3,March
U.K.,2004M03,3551.0,2004,3,March
Denmark,2004M03,1909.0,2004,3,March
Finland,2004M03,452.0,2004,3,March
France,2004M03,814.0,2004,3,March
Netherlands,2004M03,932.0,2004,3,March
Italy,2004M03,188.0,2004,3,March
Japan,2004M03,401.0,2004,3,March
Canada,2004M03,155.0,2004,3,March
Norway,2004M03,2334.0,2004,3,March
Spain,2004M03,74.0,2004,3,March
Switzherland,2004M03,93.0,2004,3,March
Sweden,2004M03,1837.0,2004,3,March
Germany,2004M03,1246.0,2004,3,March
Other Countries,2004M03,1960.0,2004,3,March
Total Passengers,2004M04,55639.0,2004,4,April
Iceland,2004M04,31191.0,2004,4,April
Foreigners,2004M04,24448.0,2004,4,April
U.S.A.,2004M04,2900.0,2004,4,April
U.K.,2004M04,7335.0,2004,4,April
Denmark,2004M04,2413.0,2004,4,April
Finland,2004M04,512.0,2004,4,April
France,2004M04,956.0,2004,4,April
Netherlands,2004M04,569.0,2004,4,April
Italy,2004M04,312.0,2004,4,April
Japan,2004M04,270.0,2004,4,April
Canada,2004M04,130.0,2004,4,April
Norway,2004M04,2339.0,2004,4,April
Spain,2004M04,186.0,2004,4,April
Switzherland,2004M04,119.0,2004,4,April
Sweden,2004M04,2727.0,2004,4,April
Germany,2004M04,1239.0,2004,4,April
Other Countries,2004M04,2441.0,2004,4,April
Total Passengers,2004M05,57186.0,2004,5,May
Iceland,2004M05,31440.0,2004,5,May
Foreigners,2004M05,25746.0,2004,5,May
U.S.A.,2004M05,4127.0,2004,5,May
U.K.,2004M05,3950.0,2004,5,May
Denmark,2004M05,2993.0,2004,5,May
Finland,2004M05,704.0,2004,5,May
France,2004M05,935.0,2004,5,May
Netherlands,2004M05,880.0,2004,5,May
Italy,2004M05,381.0,2004,5,May
Japan,2004M05,329.0,2004,5,May
Canada,2004M05,245.0,2004,5,May
Norway,2004M05,2639.0,2004,5,May
Spain,2004M05,166.0,2004,5,May
Switzherland,2004M05,190.0,2004,5,May
Sweden,2004M05,2588.0,2004,5,May
Germany,2004M05,2099.0,2004,5,May
Other Countries,2004M05,3520.0,2004,5,May
Total Passengers,2004M06,77858.0,2004,6,June
Iceland,2004M06,39694.0,2004,6,June
Foreigners,2004M06,38164.0,2004,6,June
U.S.A.,2004M06,6263.0,2004,6,June
U.K.,2004M06,5812.0,2004,6,June
Denmark,2004M06,3269.0,2004,6,June
Finland,2004M06,1139.0,2004,6,June
France,2004M06,2138.0,2004,6,June
Netherlands,2004M06,1115.0,2004,6,June
Italy,2004M06,751.0,2004,6,June
Japan,2004M06,426.0,2004,6,June
Canada,2004M06,378.0,2004,6,June
Norway,2004M06,2855.0,2004,6,June
Spain,2004M06,438.0,2004,6,June
Switzherland,2004M06,618.0,2004,6,June
Sweden,2004M06,2741.0,2004,6,June
Germany,2004M06,4666.0,2004,6,June
Other Countries,2004M06,5555.0,2004,6,June
Total Passengers,2004M07,100669.0,2004,7,July
Iceland,2004M07,36394.0,2004,7,July
Foreigners,2004M07,64275.0,2004,7,July
U.S.A.,2004M07,7322.0,2004,7,July
U.K.,2004M07,7541.0,2004,7,July
Denmark,2004M07,6395.0,2004,7,July
Finland,2004M07,1195.0,2004,7,July
France,2004M07,5492.0,2004,7,July
Netherlands,2004M07,2185.0,2004,7,July
Italy,2004M07,2292.0,2004,7,July
Japan,2004M07,1224.0,2004,7,July
Canada,2004M07,774.0,2004,7,July
Norway,2004M07,2939.0,2004,7,July
Spain,2004M07,1287.0,2004,7,July
Switzherland,2004M07,3161.0,2004,7,July
Sweden,2004M07,3798.0,2004,7,July
Germany,2004M07,10691.0,2004,7,July
Other Countries,2004M07,7979.0,2004,7,July
Total Passengers,2004M08,97809.0,2004,8,August
Iceland,2004M08,33275.0,2004,8,August
Foreigners,2004M08,64534.0,2004,8,August
U.S.A.,2004M08,7722.0,2004,8,August
U.K.,2004M08,8804.0,2004,8,August
Denmark,2004M08,4068.0,2004,8,August
Finland,2004M08,918.0,2004,8,August
France,2004M08,6429.0,2004,8,August
Netherlands,2004M08,2235.0,2004,8,August
Italy,2004M08,4001.0,2004,8,August
Japan,2004M08,1405.0,2004,8,August
Canada,2004M08,515.0,2004,8,August
Norway,2004M08,2658.0,2004,8,August
Spain,2004M08,2395.0,2004,8,August
Switzherland,2004M08,1965.0,2004,8,August
Sweden,2004M08,3091.0,2004,8,August
Germany,2004M08,10861.0,2004,8,August
Other Countries,2004M08,7467.0,2004,8,August
Total Passengers,2004M09,60955.0,2004,9,September
Iceland,2004M09,30055.0,2004,9,September
Foreigners,2004M09,30900.0,2004,9,September
U.S.A.,2004M09,4530.0,2004,9,September
U.K.,2004M09,4469.0,2004,9,September
Denmark,2004M09,3612.0,2004,9,September
Finland,2004M09,813.0,2004,9,September
France,2004M09,1403.0,2004,9,September
Netherlands,2004M09,1085.0,2004,9,September
Italy,2004M09,525.0,2004,9,September
Japan,2004M09,665.0,2004,9,September
Canada,2004M09,341.0,2004,9,September
Norway,2004M09,2549.0,2004,9,September
Spain,2004M09,537.0,2004,9,September
Switzherland,2004M09,298.0,2004,9,September
Sweden,2004M09,2693.0,2004,9,September
Germany,2004M09,3420.0,2004,9,September
Other Countries,2004M09,3960.0,2004,9,September
Total Passengers,2004M10,56694.0,2004,10,October
Iceland,2004M10,31356.0,2004,10,October
Foreigners,2004M10,25338.0,2004,10,October
U.S.A.,2004M10,3605.0,2004,10,October
U.K.,2004M10,6356.0,2004,10,October
Denmark,2004M10,2799.0,2004,10,October
Finland,2004M10,550.0,2004,10,October
France,2004M10,749.0,2004,10,October
Netherlands,2004M10,530.0,2004,10,October
Italy,2004M10,209.0,2004,10,October
Japan,2004M10,237.0,2004,10,October
Canada,2004M10,183.0,2004,10,October
Norway,2004M10,2981.0,2004,10,October
Spain,2004M10,141.0,2004,10,October
Switzherland,2004M10,148.0,2004,10,October
Sweden,2004M10,2636.0,2004,10,October
Germany,2004M10,1132.0,2004,10,October
Other Countries,2004M10,3082.0,2004,10,October
Total Passengers,2004M11,45034.0,2004,11,November
Iceland,2004M11,29074.0,2004,11,November
Foreigners,2004M11,15960.0,2004,11,November
U.S.A.,2004M11,2525.0,2004,11,November
U.K.,2004M11,3507.0,2004,11,November
Denmark,2004M11,1582.0,2004,11,November
Finland,2004M11,383.0,2004,11,November
France,2004M11,575.0,2004,11,November
Netherlands,2004M11,377.0,2004,11,November
Italy,2004M11,165.0,2004,11,November
Japan,2004M11,227.0,2004,11,November
Canada,2004M11,305.0,2004,11,November
Norway,2004M11,1372.0,2004,11,November
Spain,2004M11,66.0,2004,11,November
Switzherland,2004M11,59.0,2004,11,November
Sweden,2004M11,1720.0,2004,11,November
Germany,2004M11,890.0,2004,11,November
Other Countries,2004M11,2207.0,2004,11,November
Total Passengers,2004M12,31092.0,2004,12,December
Iceland,2004M12,19355.0,2004,12,December
Foreigners,2004M12,11737.0,2004,12,December
U.S.A.,2004M12,1828.0,2004,12,December
U.K.,2004M12,2185.0,2004,12,December
Denmark,2004M12,1208.0,2004,12,December
Finland,2004M12,214.0,2004,12,December
France,2004M12,544.0,2004,12,December
Netherlands,2004M12,271.0,2004,12,December
Italy,2004M12,258.0,2004,12,December
Japan,2004M12,480.0,2004,12,December
Canada,2004M12,222.0,2004,12,December
Norway,2004M12,745.0,2004,12,December
Spain,2004M12,85.0,2004,12,December
Switzherland,2004M12,91.0,2004,12,December
Sweden,2004M12,696.0,2004,12,December
Germany,2004M12,707.0,2004,12,December
Other Countries,2004M12,2203.0,2004,12,December
Total Passengers,2005M01,37747.0,2005,1,January
Iceland,2005M01,23733.0,2005,1,January
Foreigners,2005M01,14014.0,2005,1,January
U.S.A.,2005M01,2445.0,2005,1,January
U.K.,2005M01,3112.0,2005,1,January
Denmark,2005M01,1255.0,2005,1,January
Finland,2005M01,153.0,2005,1,January
France,2005M01,577.0,2005,1,January
Netherlands,2005M01,376.0,2005,1,January
Italy,2005M01,229.0,2005,1,January
Japan,2005M01,592.0,2005,1,January
Canada,2005M01,130.0,2005,1,January
Norway,2005M01,1139.0,2005,1,January
Spain,2005M01,106.0,2005,1,January
Switzherland,2005M01,318.0,2005,1,January
Sweden,2005M01,1090.0,2005,1,January
Germany,2005M01,986.0,2005,1,January
Other Countries,2005M01,1506.0,2005,1,January
Total Passengers,2005M02,37780.0,2005,2,February
Iceland,2005M02,22619.0,2005,2,February
Foreigners,2005M02,15161.0,2005,2,February
U.S.A.,2005M02,2246.0,2005,2,February
U.K.,2005M02,4292.0,2005,2,February
Denmark,2005M02,1379.0,2005,2,February
Finland,2005M02,233.0,2005,2,February
France,2005M02,672.0,2005,2,February
Netherlands,2005M02,500.0,2005,2,February
Italy,2005M02,150.0,2005,2,February
Japan,2005M02,466.0,2005,2,February
Canada,2005M02,128.0,2005,2,February
Norway,2005M02,1630.0,2005,2,February
Spain,2005M02,96.0,2005,2,February
Switzherland,2005M02,100.0,2005,2,February
Sweden,2005M02,928.0,2005,2,February
Germany,2005M02,777.0,2005,2,February
Other Countries,2005M02,1564.0,2005,2,February
Total Passengers,2005M03,51840.0,2005,3,March
Iceland,2005M03,33017.0,2005,3,March
Foreigners,2005M03,18823.0,2005,3,March
U.S.A.,2005M03,3082.0,2005,3,March
U.K.,2005M03,4033.0,2005,3,March
Denmark,2005M03,2145.0,2005,3,March
Finland,2005M03,326.0,2005,3,March
France,2005M03,807.0,2005,3,March
Netherlands,2005M03,674.0,2005,3,March
Italy,2005M03,218.0,2005,3,March
Japan,2005M03,456.0,2005,3,March
Canada,2005M03,166.0,2005,3,March
Norway,2005M03,1561.0,2005,3,March
Spain,2005M03,188.0,2005,3,March
Switzherland,2005M03,76.0,2005,3,March
Sweden,2005M03,1478.0,2005,3,March
Germany,2005M03,1268.0,2005,3,March
Other Countries,2005M03,2345.0,2005,3,March
Total Passengers,2005M04,50247.0,2005,4,April
Iceland,2005M04,28541.0,2005,4,April
Foreigners,2005M04,21706.0,2005,4,April
U.S.A.,2005M04,2945.0,2005,4,April
U.K.,2005M04,5745.0,2005,4,April
Denmark,2005M04,2401.0,2005,4,April
Finland,2005M04,536.0,2005,4,April
France,2005M04,961.0,2005,4,April
Netherlands,2005M04,470.0,2005,4,April
Italy,2005M04,187.0,2005,4,April
Japan,2005M04,130.0,2005,4,April
Canada,2005M04,152.0,2005,4,April
Norway,2005M04,2096.0,2005,4,April
Spain,2005M04,122.0,2005,4,April
Switzherland,2005M04,145.0,2005,4,April
Sweden,2005M04,2385.0,2005,4,April
Germany,2005M04,1171.0,2005,4,April
Other Countries,2005M04,2260.0,2005,4,April
Total Passengers,2005M05,59551.0,2005,5,May
Iceland,2005M05,32116.0,2005,5,May
Foreigners,2005M05,27435.0,2005,5,May
U.S.A.,2005M05,4642.0,2005,5,May
U.K.,2005M05,4001.0,2005,5,May
Denmark,2005M05,3164.0,2005,5,May
Finland,2005M05,811.0,2005,5,May
France,2005M05,1217.0,2005,5,May
Netherlands,2005M05,822.0,2005,5,May
Italy,2005M05,291.0,2005,5,May
Japan,2005M05,238.0,2005,5,May
Canada,2005M05,272.0,2005,5,May
Norway,2005M05,2260.0,2005,5,May
Spain,2005M05,288.0,2005,5,May
Switzherland,2005M05,276.0,2005,5,May
Sweden,2005M05,2799.0,2005,5,May
Germany,2005M05,2504.0,2005,5,May
Other Countries,2005M05,3850.0,2005,5,May
Total Passengers,2005M06,87127.0,2005,6,June
Iceland,2005M06,46171.0,2005,6,June
Foreigners,2005M06,40956.0,2005,6,June
U.S.A.,2005M06,8165.0,2005,6,June
U.K.,2005M06,5875.0,2005,6,June
Denmark,2005M06,3377.0,2005,6,June
Finland,2005M06,1038.0,2005,6,June
France,2005M06,2358.0,2005,6,June
Netherlands,2005M06,1201.0,2005,6,June
Italy,2005M06,867.0,2005,6,June
Japan,2005M06,482.0,2005,6,June
Canada,2005M06,398.0,2005,6,June
Norway,2005M06,2455.0,2005,6,June
Spain,2005M06,438.0,2005,6,June
Switzherland,2005M06,498.0,2005,6,June
Sweden,2005M06,2806.0,2005,6,June
Germany,2005M06,4714.0,2005,6,June
Other Countries,2005M06,6284.0,2005,6,June
Total Passengers,2005M07,106708.0,2005,7,July
Iceland,2005M07,41516.0,2005,7,July
Foreigners,2005M07,65192.0,2005,7,July
U.S.A.,2005M07,8740.0,2005,7,July
U.K.,2005M07,8044.0,2005,7,July
Denmark,2005M07,7128.0,2005,7,July
Finland,2005M07,1556.0,2005,7,July
France,2005M07,5272.0,2005,7,July
Netherlands,2005M07,2083.0,2005,7,July
Italy,2005M07,1915.0,2005,7,July
Japan,2005M07,621.0,2005,7,July
Canada,2005M07,516.0,2005,7,July
Norway,2005M07,2986.0,2005,7,July
Spain,2005M07,1563.0,2005,7,July
Switzherland,2005M07,2561.0,2005,7,July
Sweden,2005M07,3586.0,2005,7,July
Germany,2005M07,8623.0,2005,7,July
Other Countries,2005M07,9998.0,2005,7,July
Total Passengers,2005M08,105284.0,2005,8,August
Iceland,2005M08,39789.0,2005,8,August
Foreigners,2005M08,65495.0,2005,8,August
U.S.A.,2005M08,8108.0,2005,8,August
U.K.,2005M08,7985.0,2005,8,August
Denmark,2005M08,4905.0,2005,8,August
Finland,2005M08,1256.0,2005,8,August
France,2005M08,5672.0,2005,8,August
Netherlands,2005M08,2374.0,2005,8,August
Italy,2005M08,3908.0,2005,8,August
Japan,2005M08,703.0,2005,8,August
Canada,2005M08,744.0,2005,8,August
Norway,2005M08,3074.0,2005,8,August
Spain,2005M08,2601.0,2005,8,August
Switzherland,2005M08,1870.0,2005,8,August
Sweden,2005M08,3799.0,2005,8,August
Germany,2005M08,9927.0,2005,8,August
Other Countries,2005M08,8569.0,2005,8,August
Total Passengers,2005M09,72143.0,2005,9,September
Iceland,2005M09,37524.0,2005,9,September
Foreigners,2005M09,34619.0,2005,9,September
U.S.A.,2005M09,5667.0,2005,9,September
U.K.,2005M09,4386.0,2005,9,September
Denmark,2005M09,3712.0,2005,9,September
Finland,2005M09,848.0,2005,9,September
France,2005M09,1282.0,2005,9,September
Netherlands,2005M09,1159.0,2005,9,September
Italy,2005M09,621.0,2005,9,September
Japan,2005M09,732.0,2005,9,September
Canada,2005M09,368.0,2005,9,September
Norway,2005M09,2826.0,2005,9,September
Spain,2005M09,556.0,2005,9,September
Switzherland,2005M09,406.0,2005,9,September
Sweden,2005M09,2502.0,2005,9,September
Germany,2005M09,4347.0,2005,9,September
Other Countries,2005M09,5207.0,2005,9,September
Total Passengers,2005M10,60733.0,2005,10,October
Iceland,2005M10,33694.0,2005,10,October
Foreigners,2005M10,27039.0,2005,10,October
U.S.A.,2005M10,3792.0,2005,10,October
U.K.,2005M10,5662.0,2005,10,October
Denmark,2005M10,2767.0,2005,10,October
Finland,2005M10,1203.0,2005,10,October
France,2005M10,663.0,2005,10,October
Netherlands,2005M10,785.0,2005,10,October
Italy,2005M10,227.0,2005,10,October
Japan,2005M10,912.0,2005,10,October
Canada,2005M10,195.0,2005,10,October
Norway,2005M10,2312.0,2005,10,October
Spain,2005M10,248.0,2005,10,October
Switzherland,2005M10,191.0,2005,10,October
Sweden,2005M10,2531.0,2005,10,October
Germany,2005M10,1206.0,2005,10,October
Other Countries,2005M10,4345.0,2005,10,October
Total Passengers,2005M11,48064.0,2005,11,November
Iceland,2005M11,32254.0,2005,11,November
Foreigners,2005M11,15810.0,2005,11,November
U.S.A.,2005M11,2636.0,2005,11,November
U.K.,2005M11,3055.0,2005,11,November
Denmark,2005M11,1492.0,2005,11,November
Finland,2005M11,221.0,2005,11,November
France,2005M11,467.0,2005,11,November
Netherlands,2005M11,400.0,2005,11,November
Italy,2005M11,185.0,2005,11,November
Japan,2005M11,280.0,2005,11,November
Canada,2005M11,239.0,2005,11,November
Norway,2005M11,1351.0,2005,11,November
Spain,2005M11,118.0,2005,11,November
Switzherland,2005M11,69.0,2005,11,November
Sweden,2005M11,1803.0,2005,11,November
Germany,2005M11,894.0,2005,11,November
Other Countries,2005M11,2600.0,2005,11,November
Total Passengers,2005M12,40232.0,2005,12,December
Iceland,2005M12,25295.0,2005,12,December
Foreigners,2005M12,14937.0,2005,12,December
U.S.A.,2005M12,2163.0,2005,12,December
U.K.,2005M12,2370.0,2005,12,December
Denmark,2005M12,1227.0,2005,12,December
Finland,2005M12,192.0,2005,12,December
France,2005M12,568.0,2005,12,December
Netherlands,2005M12,314.0,2005,12,December
Italy,2005M12,174.0,2005,12,December
Japan,2005M12,507.0,2005,12,December
Canada,2005M12,138.0,2005,12,December
Norway,2005M12,851.0,2005,12,December
Spain,2005M12,112.0,2005,12,December
Switzherland,2005M12,90.0,2005,12,December
Sweden,2005M12,895.0,2005,12,December
Germany,2005M12,970.0,2005,12,December
Other Countries,2005M12,4366.0,2005,12,December
Total Passengers,2006M01,42563.0,2006,1,January
Iceland,2006M01,27186.0,2006,1,January
Foreigners,2006M01,15377.0,2006,1,January
U.S.A.,2006M01,2891.0,2006,1,January
U.K.,2006M01,3437.0,2006,1,January
Denmark,2006M01,1374.0,2006,1,January
Finland,2006M01,221.0,2006,1,January
France,2006M01,650.0,2006,1,January
Netherlands,2006M01,392.0,2006,1,January
Italy,2006M01,160.0,2006,1,January
Japan,2006M01,794.0,2006,1,January
Canada,2006M01,130.0,2006,1,January
Norway,2006M01,967.0,2006,1,January
Spain,2006M01,188.0,2006,1,January
Switzherland,2006M01,118.0,2006,1,January
Sweden,2006M01,837.0,2006,1,January
Germany,2006M01,1207.0,2006,1,January
Other Countries,2006M01,2011.0,2006,1,January
Total Passengers,2006M02,41197.0,2006,2,February
Iceland,2006M02,26298.0,2006,2,February
Foreigners,2006M02,14899.0,2006,2,February
U.S.A.,2006M02,2411.0,2006,2,February
U.K.,2006M02,3680.0,2006,2,February
Denmark,2006M02,1460.0,2006,2,February
Finland,2006M02,250.0,2006,2,February
France,2006M02,786.0,2006,2,February
Netherlands,2006M02,544.0,2006,2,February
Italy,2006M02,141.0,2006,2,February
Japan,2006M02,449.0,2006,2,February
Canada,2006M02,128.0,2006,2,February
Norway,2006M02,1426.0,2006,2,February
Spain,2006M02,95.0,2006,2,February
Switzherland,2006M02,82.0,2006,2,February
Sweden,2006M02,873.0,2006,2,February
Germany,2006M02,796.0,2006,2,February
Other Countries,2006M02,1778.0,2006,2,February
Total Passengers,2006M03,47377.0,2006,3,March
Iceland,2006M03,29495.0,2006,3,March
Foreigners,2006M03,17882.0,2006,3,March
U.S.A.,2006M03,3379.0,2006,3,March
U.K.,2006M03,3471.0,2006,3,March
Denmark,2006M03,1981.0,2006,3,March
Finland,2006M03,309.0,2006,3,March
France,2006M03,883.0,2006,3,March
Netherlands,2006M03,636.0,2006,3,March
Italy,2006M03,175.0,2006,3,March
Japan,2006M03,423.0,2006,3,March
Canada,2006M03,199.0,2006,3,March
Norway,2006M03,1936.0,2006,3,March
Spain,2006M03,91.0,2006,3,March
Switzherland,2006M03,103.0,2006,3,March
Sweden,2006M03,1143.0,2006,3,March
Germany,2006M03,1137.0,2006,3,March
Other Countries,2006M03,2016.0,2006,3,March
Total Passengers,2006M04,65520.0,2006,4,April
Iceland,2006M04,40212.0,2006,4,April
Foreigners,2006M04,25308.0,2006,4,April
U.S.A.,2006M04,3586.0,2006,4,April
U.K.,2006M04,6283.0,2006,4,April
Denmark,2006M04,2927.0,2006,4,April
Finland,2006M04,535.0,2006,4,April
France,2006M04,992.0,2006,4,April
Netherlands,2006M04,608.0,2006,4,April
Italy,2006M04,248.0,2006,4,April
Japan,2006M04,291.0,2006,4,April
Canada,2006M04,214.0,2006,4,April
Norway,2006M04,1929.0,2006,4,April
Spain,2006M04,201.0,2006,4,April
Switzherland,2006M04,165.0,2006,4,April
Sweden,2006M04,1884.0,2006,4,April
Germany,2006M04,1410.0,2006,4,April
Other Countries,2006M04,4035.0,2006,4,April
Total Passengers,2006M05,66988.0,2006,5,May
Iceland,2006M05,35913.0,2006,5,May
Foreigners,2006M05,31075.0,2006,5,May
U.S.A.,2006M05,5238.0,2006,5,May
U.K.,2006M05,4948.0,2006,5,May
Denmark,2006M05,3397.0,2006,5,May
Finland,2006M05,960.0,2006,5,May
France,2006M05,1152.0,2006,5,May
Netherlands,2006M05,863.0,2006,5,May
Italy,2006M05,459.0,2006,5,May
Japan,2006M05,249.0,2006,5,May
Canada,2006M05,323.0,2006,5,May
Norway,2006M05,2973.0,2006,5,May
Spain,2006M05,231.0,2006,5,May
Switzherland,2006M05,212.0,2006,5,May
Sweden,2006M05,3128.0,2006,5,May
Germany,2006M05,1941.0,2006,5,May
Other Countries,2006M05,5001.0,2006,5,May
Total Passengers,2006M06,95219.0,2006,6,June
Iceland,2006M06,50628.0,2006,6,June
Foreigners,2006M06,44591.0,2006,6,June
U.S.A.,2006M06,7578.0,2006,6,June
U.K.,2006M06,6613.0,2006,6,June
Denmark,2006M06,3309.0,2006,6,June
Finland,2006M06,1132.0,2006,6,June
France,2006M06,2420.0,2006,6,June
Netherlands,2006M06,1211.0,2006,6,June
Italy,2006M06,916.0,2006,6,June
Japan,2006M06,507.0,2006,6,June
Canada,2006M06,442.0,2006,6,June
Norway,2006M06,2880.0,2006,6,June
Spain,2006M06,557.0,2006,6,June
Switzherland,2006M06,731.0,2006,6,June
Sweden,2006M06,3093.0,2006,6,June
Germany,2006M06,5030.0,2006,6,June
Other Countries,2006M06,8172.0,2006,6,June
Total Passengers,2006M07,109475.0,2006,7,July
Iceland,2006M07,42603.0,2006,7,July
Foreigners,2006M07,66872.0,2006,7,July
U.S.A.,2006M07,8673.0,2006,7,July
U.K.,2006M07,8047.0,2006,7,July
Denmark,2006M07,6993.0,2006,7,July
Finland,2006M07,1423.0,2006,7,July
France,2006M07,5186.0,2006,7,July
Netherlands,2006M07,1996.0,2006,7,July
Italy,2006M07,1824.0,2006,7,July
Japan,2006M07,542.0,2006,7,July
Canada,2006M07,643.0,2006,7,July
Norway,2006M07,3197.0,2006,7,July
Spain,2006M07,1824.0,2006,7,July
Switzherland,2006M07,1963.0,2006,7,July
Sweden,2006M07,3901.0,2006,7,July
Germany,2006M07,8952.0,2006,7,July
Other Countries,2006M07,11708.0,2006,7,July
Total Passengers,2006M08,112176.0,2006,8,August
Iceland,2006M08,42589.0,2006,8,August
Foreigners,2006M08,69587.0,2006,8,August
U.S.A.,2006M08,8667.0,2006,8,August
U.K.,2006M08,8728.0,2006,8,August
Denmark,2006M08,5034.0,2006,8,August
Finland,2006M08,1181.0,2006,8,August
France,2006M08,5907.0,2006,8,August
Netherlands,2006M08,2158.0,2006,8,August
Italy,2006M08,3558.0,2006,8,August
Japan,2006M08,714.0,2006,8,August
Canada,2006M08,785.0,2006,8,August
Norway,2006M08,3311.0,2006,8,August
Spain,2006M08,3445.0,2006,8,August
Switzherland,2006M08,1848.0,2006,8,August
Sweden,2006M08,3658.0,2006,8,August
Germany,2006M08,10368.0,2006,8,August
Other Countries,2006M08,10225.0,2006,8,August
Total Passengers,2006M09,75845.0,2006,9,September
Iceland,2006M09,36217.0,2006,9,September
Foreigners,2006M09,39628.0,2006,9,September
U.S.A.,2006M09,5378.0,2006,9,September
U.K.,2006M09,5729.0,2006,9,September
Denmark,2006M09,4555.0,2006,9,September
Finland,2006M09,1117.0,2006,9,September
France,2006M09,1384.0,2006,9,September
Netherlands,2006M09,1225.0,2006,9,September
Italy,2006M09,680.0,2006,9,September
Japan,2006M09,877.0,2006,9,September
Canada,2006M09,470.0,2006,9,September
Norway,2006M09,3434.0,2006,9,September
Spain,2006M09,716.0,2006,9,September
Switzherland,2006M09,349.0,2006,9,September
Sweden,2006M09,2867.0,2006,9,September
Germany,2006M09,4094.0,2006,9,September
Other Countries,2006M09,6753.0,2006,9,September
Total Passengers,2006M10,70265.0,2006,10,October
Iceland,2006M10,38188.0,2006,10,October
Foreigners,2006M10,32077.0,2006,10,October
U.S.A.,2006M10,3590.0,2006,10,October
U.K.,2006M10,7509.0,2006,10,October
Denmark,2006M10,3426.0,2006,10,October
Finland,2006M10,923.0,2006,10,October
France,2006M10,613.0,2006,10,October
Netherlands,2006M10,996.0,2006,10,October
Italy,2006M10,266.0,2006,10,October
Japan,2006M10,829.0,2006,10,October
Canada,2006M10,470.0,2006,10,October
Norway,2006M10,3123.0,2006,10,October
Spain,2006M10,275.0,2006,10,October
Switzherland,2006M10,170.0,2006,10,October
Sweden,2006M10,2984.0,2006,10,October
Germany,2006M10,1635.0,2006,10,October
Other Countries,2006M10,5268.0,2006,10,October
Total Passengers,2006M11,57827.0,2006,11,November
Iceland,2006M11,36267.0,2006,11,November
Foreigners,2006M11,21560.0,2006,11,November
U.S.A.,2006M11,2797.0,2006,11,November
U.K.,2006M11,5100.0,2006,11,November
Denmark,2006M11,2245.0,2006,11,November
Finland,2006M11,293.0,2006,11,November
France,2006M11,519.0,2006,11,November
Netherlands,2006M11,534.0,2006,11,November
Italy,2006M11,214.0,2006,11,November
Japan,2006M11,328.0,2006,11,November
Canada,2006M11,408.0,2006,11,November
Norway,2006M11,2056.0,2006,11,November
Spain,2006M11,193.0,2006,11,November
Switzherland,2006M11,135.0,2006,11,November
Sweden,2006M11,1801.0,2006,11,November
Germany,2006M11,880.0,2006,11,November
Other Countries,2006M11,4057.0,2006,11,November
Total Passengers,2006M12,46076.0,2006,12,December
Iceland,2006M12,26031.0,2006,12,December
Foreigners,2006M12,20045.0,2006,12,December
U.S.A.,2006M12,1612.0,2006,12,December
U.K.,2006M12,3985.0,2006,12,December
Denmark,2006M12,1504.0,2006,12,December
Finland,2006M12,191.0,2006,12,December
France,2006M12,581.0,2006,12,December
Netherlands,2006M12,351.0,2006,12,December
Italy,2006M12,199.0,2006,12,December
Japan,2006M12,458.0,2006,12,December
Canada,2006M12,212.0,2006,12,December
Norway,2006M12,1308.0,2006,12,December
Spain,2006M12,183.0,2006,12,December
Switzherland,2006M12,89.0,2006,12,December
Sweden,2006M12,1196.0,2006,12,December
Germany,2006M12,1039.0,2006,12,December
Other Countries,2006M12,7137.0,2006,12,December
Total Passengers,2007M01,47905.0,2007,1,January
Iceland,2007M01,29095.0,2007,1,January
Foreigners,2007M01,18810.0,2007,1,January
U.S.A.,2007M01,2068.0,2007,1,January
U.K.,2007M01,4287.0,2007,1,January
Denmark,2007M01,2001.0,2007,1,January
Finland,2007M01,332.0,2007,1,January
France,2007M01,546.0,2007,1,January
Netherlands,2007M01,441.0,2007,1,January
Italy,2007M01,264.0,2007,1,January
Japan,2007M01,714.0,2007,1,January
Canada,2007M01,184.0,2007,1,January
Norway,2007M01,1414.0,2007,1,January
Spain,2007M01,191.0,2007,1,January
Switzherland,2007M01,276.0,2007,1,January
Sweden,2007M01,1465.0,2007,1,January
Germany,2007M01,1058.0,2007,1,January
Other Countries,2007M01,3569.0,2007,1,January
Total Passengers,2007M02,47032.0,2007,2,February
Iceland,2007M02,29385.0,2007,2,February
Foreigners,2007M02,17647.0,2007,2,February
U.S.A.,2007M02,1685.0,2007,2,February
U.K.,2007M02,5344.0,2007,2,February
Denmark,2007M02,1731.0,2007,2,February
Finland,2007M02,305.0,2007,2,February
France,2007M02,686.0,2007,2,February
Netherlands,2007M02,454.0,2007,2,February
Italy,2007M02,144.0,2007,2,February
Japan,2007M02,528.0,2007,2,February
Canada,2007M02,114.0,2007,2,February
Norway,2007M02,1629.0,2007,2,February
Spain,2007M02,86.0,2007,2,February
Switzherland,2007M02,91.0,2007,2,February
Sweden,2007M02,1189.0,2007,2,February
Germany,2007M02,886.0,2007,2,February
Other Countries,2007M02,2775.0,2007,2,February
Total Passengers,2007M03,59051.0,2007,3,March
Iceland,2007M03,35351.0,2007,3,March
Foreigners,2007M03,23700.0,2007,3,March
U.S.A.,2007M03,2517.0,2007,3,March
U.K.,2007M03,5486.0,2007,3,March
Denmark,2007M03,2841.0,2007,3,March
Finland,2007M03,286.0,2007,3,March
France,2007M03,919.0,2007,3,March
Netherlands,2007M03,720.0,2007,3,March
Italy,2007M03,488.0,2007,3,March
Japan,2007M03,475.0,2007,3,March
Canada,2007M03,189.0,2007,3,March
China,2007M03,116.0,2007,3,March
Norway,2007M03,2504.0,2007,3,March
Poland,2007M03,624.0,2007,3,March
Spain,2007M03,199.0,2007,3,March
Switzherland,2007M03,120.0,2007,3,March
Sweden,2007M03,1838.0,2007,3,March
Germany,2007M03,1314.0,2007,3,March
Other Countries,2007M03,3064.0,2007,3,March
Total Passengers,2007M04,64920.0,2007,4,April
Iceland,2007M04,37256.0,2007,4,April
Foreigners,2007M04,27664.0,2007,4,April
U.S.A.,2007M04,2934.0,2007,4,April
U.K.,2007M04,7547.0,2007,4,April
Denmark,2007M04,2832.0,2007,4,April
Finland,2007M04,534.0,2007,4,April
France,2007M04,1248.0,2007,4,April
Netherlands,2007M04,654.0,2007,4,April
Italy,2007M04,238.0,2007,4,April
Japan,2007M04,308.0,2007,4,April
Canada,2007M04,205.0,2007,4,April
China,2007M04,245.0,2007,4,April
Norway,2007M04,2432.0,2007,4,April
Poland,2007M04,1619.0,2007,4,April
Spain,2007M04,237.0,2007,4,April
Switzherland,2007M04,129.0,2007,4,April
Sweden,2007M04,1867.0,2007,4,April
Germany,2007M04,1390.0,2007,4,April
Other Countries,2007M04,3245.0,2007,4,April
Total Passengers,2007M05,74202.0,2007,5,May
Iceland,2007M05,39946.0,2007,5,May
Foreigners,2007M05,34256.0,2007,5,May
U.S.A.,2007M05,4754.0,2007,5,May
U.K.,2007M05,4997.0,2007,5,May
Denmark,2007M05,3016.0,2007,5,May
Finland,2007M05,1077.0,2007,5,May
France,2007M05,1471.0,2007,5,May
Netherlands,2007M05,1256.0,2007,5,May
Italy,2007M05,429.0,2007,5,May
Japan,2007M05,315.0,2007,5,May
Canada,2007M05,500.0,2007,5,May
China,2007M05,381.0,2007,5,May
Norway,2007M05,3439.0,2007,5,May
Poland,2007M05,1197.0,2007,5,May
Spain,2007M05,515.0,2007,5,May
Switzherland,2007M05,247.0,2007,5,May
Sweden,2007M05,2911.0,2007,5,May
Germany,2007M05,2365.0,2007,5,May
Other Countries,2007M05,5386.0,2007,5,May
Total Passengers,2007M06,110496.0,2007,6,June
Iceland,2007M06,54769.0,2007,6,June
Foreigners,2007M06,55727.0,2007,6,June
U.S.A.,2007M06,8788.0,2007,6,June
U.K.,2007M06,6594.0,2007,6,June
Denmark,2007M06,4632.0,2007,6,June
Finland,2007M06,1498.0,2007,6,June
France,2007M06,2189.0,2007,6,June
Netherlands,2007M06,1727.0,2007,6,June
Italy,2007M06,1111.0,2007,6,June
Japan,2007M06,463.0,2007,6,June
Canada,2007M06,993.0,2007,6,June
China,2007M06,1779.0,2007,6,June
Norway,2007M06,4378.0,2007,6,June
Poland,2007M06,2080.0,2007,6,June
Spain,2007M06,684.0,2007,6,June
Switzherland,2007M06,841.0,2007,6,June
Sweden,2007M06,4056.0,2007,6,June
Germany,2007M06,5347.0,2007,6,June
Other Countries,2007M06,8567.0,2007,6,June
Total Passengers,2007M07,130072.0,2007,7,July
Iceland,2007M07,49311.0,2007,7,July
Foreigners,2007M07,80761.0,2007,7,July
U.S.A.,2007M07,8548.0,2007,7,July
U.K.,2007M07,8775.0,2007,7,July
Denmark,2007M07,7583.0,2007,7,July
Finland,2007M07,1700.0,2007,7,July
France,2007M07,5917.0,2007,7,July
Netherlands,2007M07,3103.0,2007,7,July
Italy,2007M07,2079.0,2007,7,July
Japan,2007M07,707.0,2007,7,July
Canada,2007M07,1173.0,2007,7,July
China,2007M07,1873.0,2007,7,July
Norway,2007M07,4817.0,2007,7,July
Poland,2007M07,2907.0,2007,7,July
Spain,2007M07,1986.0,2007,7,July
Switzherland,2007M07,2283.0,2007,7,July
Sweden,2007M07,5129.0,2007,7,July
Germany,2007M07,10438.0,2007,7,July
Other Countries,2007M07,11743.0,2007,7,July
Total Passengers,2007M08,128628.0,2007,8,August
Iceland,2007M08,47357.0,2007,8,August
Foreigners,2007M08,81271.0,2007,8,August
U.S.A.,2007M08,8282.0,2007,8,August
U.K.,2007M08,8813.0,2007,8,August
Denmark,2007M08,5432.0,2007,8,August
Finland,2007M08,1287.0,2007,8,August
France,2007M08,6487.0,2007,8,August
Netherlands,2007M08,2929.0,2007,8,August
Italy,2007M08,4339.0,2007,8,August
Japan,2007M08,758.0,2007,8,August
Canada,2007M08,1358.0,2007,8,August
China,2007M08,1732.0,2007,8,August
Norway,2007M08,4279.0,2007,8,August
Poland,2007M08,2105.0,2007,8,August
Spain,2007M08,3887.0,2007,8,August
Switzherland,2007M08,2029.0,2007,8,August
Sweden,2007M08,4968.0,2007,8,August
Germany,2007M08,11140.0,2007,8,August
Other Countries,2007M08,11446.0,2007,8,August
Total Passengers,2007M09,73869.0,2007,9,September
Iceland,2007M09,34804.0,2007,9,September
Foreigners,2007M09,39065.0,2007,9,September
U.S.A.,2007M09,4996.0,2007,9,September
U.K.,2007M09,5602.0,2007,9,September
Denmark,2007M09,3926.0,2007,9,September
Finland,2007M09,1085.0,2007,9,September
France,2007M09,1173.0,2007,9,September
Netherlands,2007M09,1443.0,2007,9,September
Italy,2007M09,743.0,2007,9,September
Japan,2007M09,467.0,2007,9,September
Canada,2007M09,614.0,2007,9,September
China,2007M09,1321.0,2007,9,September
Norway,2007M09,3291.0,2007,9,September
Poland,2007M09,1300.0,2007,9,September
Spain,2007M09,1133.0,2007,9,September
Switzherland,2007M09,498.0,2007,9,September
Sweden,2007M09,3367.0,2007,9,September
Germany,2007M09,3191.0,2007,9,September
Other Countries,2007M09,4915.0,2007,9,September
Total Passengers,2007M10,76724.0,2007,10,October
Iceland,2007M10,42549.0,2007,10,October
Foreigners,2007M10,34175.0,2007,10,October
U.S.A.,2007M10,3432.0,2007,10,October
U.K.,2007M10,7309.0,2007,10,October
Denmark,2007M10,3739.0,2007,10,October
Finland,2007M10,1028.0,2007,10,October
France,2007M10,776.0,2007,10,October
Netherlands,2007M10,822.0,2007,10,October
Italy,2007M10,276.0,2007,10,October
Japan,2007M10,371.0,2007,10,October
Canada,2007M10,351.0,2007,10,October
China,2007M10,1150.0,2007,10,October
Norway,2007M10,3113.0,2007,10,October
Poland,2007M10,1121.0,2007,10,October
Spain,2007M10,220.0,2007,10,October
Switzherland,2007M10,198.0,2007,10,October
Sweden,2007M10,3397.0,2007,10,October
Germany,2007M10,1382.0,2007,10,October
Other Countries,2007M10,5490.0,2007,10,October
Total Passengers,2007M11,64052.0,2007,11,November
Iceland,2007M11,40943.0,2007,11,November
Foreigners,2007M11,23109.0,2007,11,November
U.S.A.,2007M11,2374.0,2007,11,November
U.K.,2007M11,5150.0,2007,11,November
Denmark,2007M11,2132.0,2007,11,November
Finland,2007M11,456.0,2007,11,November
France,2007M11,696.0,2007,11,November
Netherlands,2007M11,457.0,2007,11,November
Italy,2007M11,199.0,2007,11,November
Japan,2007M11,402.0,2007,11,November
Canada,2007M11,321.0,2007,11,November
China,2007M11,522.0,2007,11,November
Norway,2007M11,2213.0,2007,11,November
Poland,2007M11,764.0,2007,11,November
Spain,2007M11,159.0,2007,11,November
Switzherland,2007M11,91.0,2007,11,November
Sweden,2007M11,2025.0,2007,11,November
Germany,2007M11,995.0,2007,11,November
Other Countries,2007M11,4153.0,2007,11,November
Total Passengers,2007M12,51933.0,2007,12,December
Iceland,2007M12,29119.0,2007,12,December
Foreigners,2007M12,22814.0,2007,12,December
U.S.A.,2007M12,1531.0,2007,12,December
U.K.,2007M12,3487.0,2007,12,December
Denmark,2007M12,1527.0,2007,12,December
Finland,2007M12,287.0,2007,12,December
France,2007M12,563.0,2007,12,December
Netherlands,2007M12,399.0,2007,12,December
Italy,2007M12,165.0,2007,12,December
Japan,2007M12,588.0,2007,12,December
Canada,2007M12,294.0,2007,12,December
China,2007M12,414.0,2007,12,December
Norway,2007M12,1270.0,2007,12,December
Poland,2007M12,5303.0,2007,12,December
Spain,2007M12,158.0,2007,12,December
Switzherland,2007M12,108.0,2007,12,December
Sweden,2007M12,1144.0,2007,12,December
Germany,2007M12,1050.0,2007,12,December
Other Countries,2007M12,4526.0,2007,12,December
Total Passengers,2008M01,51292.0,2008,1,January
Iceland,2008M01,31003.0,2008,1,January
Foreigners,2008M01,20289.0,2008,1,January
U.S.A.,2008M01,2130.0,2008,1,January
U.K.,2008M01,3872.0,2008,1,January
Denmark,2008M01,1941.0,2008,1,January
Finland,2008M01,288.0,2008,1,January
France,2008M01,1040.0,2008,1,January
Netherlands,2008M01,573.0,2008,1,January
Italy,2008M01,291.0,2008,1,January
Japan,2008M01,768.0,2008,1,January
Canada,2008M01,316.0,2008,1,January
China,2008M01,226.0,2008,1,January
Norway,2008M01,1660.0,2008,1,January
Poland,2008M01,808.0,2008,1,January
Spain,2008M01,166.0,2008,1,January
Switzherland,2008M01,195.0,2008,1,January
Sweden,2008M01,1544.0,2008,1,January
Germany,2008M01,1162.0,2008,1,January
Other Countries,2008M01,3309.0,2008,1,January
Total Passengers,2008M02,52783.0,2008,2,February
Iceland,2008M02,32471.0,2008,2,February
Foreigners,2008M02,20312.0,2008,2,February
U.S.A.,2008M02,1502.0,2008,2,February
U.K.,2008M02,5797.0,2008,2,February
Denmark,2008M02,1762.0,2008,2,February
Finland,2008M02,586.0,2008,2,February
France,2008M02,1074.0,2008,2,February
Netherlands,2008M02,655.0,2008,2,February
Italy,2008M02,160.0,2008,2,February
Japan,2008M02,668.0,2008,2,February
Canada,2008M02,225.0,2008,2,February
China,2008M02,133.0,2008,2,February
Norway,2008M02,1907.0,2008,2,February
Poland,2008M02,725.0,2008,2,February
Spain,2008M02,172.0,2008,2,February
Switzherland,2008M02,103.0,2008,2,February
Sweden,2008M02,1468.0,2008,2,February
Germany,2008M02,1094.0,2008,2,February
Other Countries,2008M02,2281.0,2008,2,February
Total Passengers,2008M03,64254.0,2008,3,March
Iceland,2008M03,38635.0,2008,3,March
Foreigners,2008M03,25619.0,2008,3,March
U.S.A.,2008M03,2112.0,2008,3,March
U.K.,2008M03,5703.0,2008,3,March
Denmark,2008M03,2307.0,2008,3,March
Finland,2008M03,711.0,2008,3,March
France,2008M03,1093.0,2008,3,March
Netherlands,2008M03,1075.0,2008,3,March
Italy,2008M03,242.0,2008,3,March
Japan,2008M03,702.0,2008,3,March
Canada,2008M03,210.0,2008,3,March
China,2008M03,145.0,2008,3,March
Norway,2008M03,1994.0,2008,3,March
Poland,2008M03,2077.0,2008,3,March
Spain,2008M03,299.0,2008,3,March
Switzherland,2008M03,98.0,2008,3,March
Sweden,2008M03,1570.0,2008,3,March
Germany,2008M03,1568.0,2008,3,March
Other Countries,2008M03,3713.0,2008,3,March
Total Passengers,2008M04,60976.0,2008,4,April
Iceland,2008M04,34891.0,2008,4,April
Foreigners,2008M04,26085.0,2008,4,April
U.S.A.,2008M04,2111.0,2008,4,April
U.K.,2008M04,5817.0,2008,4,April
Denmark,2008M04,2583.0,2008,4,April
Finland,2008M04,804.0,2008,4,April
France,2008M04,1204.0,2008,4,April
Netherlands,2008M04,956.0,2008,4,April
Italy,2008M04,279.0,2008,4,April
Japan,2008M04,172.0,2008,4,April
Canada,2008M04,350.0,2008,4,April
China,2008M04,320.0,2008,4,April
Norway,2008M04,3001.0,2008,4,April
Poland,2008M04,1292.0,2008,4,April
Spain,2008M04,173.0,2008,4,April
Switzherland,2008M04,151.0,2008,4,April
Sweden,2008M04,1856.0,2008,4,April
Germany,2008M04,1468.0,2008,4,April
Other Countries,2008M04,3548.0,2008,4,April
Total Passengers,2008M05,77592.0,2008,5,May
Iceland,2008M05,41568.0,2008,5,May
Foreigners,2008M05,36024.0,2008,5,May
U.S.A.,2008M05,3354.0,2008,5,May
U.K.,2008M05,4938.0,2008,5,May
Denmark,2008M05,3351.0,2008,5,May
Finland,2008M05,1142.0,2008,5,May
France,2008M05,1468.0,2008,5,May
Netherlands,2008M05,1739.0,2008,5,May
Italy,2008M05,404.0,2008,5,May
Japan,2008M05,286.0,2008,5,May
Canada,2008M05,995.0,2008,5,May
China,2008M05,647.0,2008,5,May
Norway,2008M05,3012.0,2008,5,May
Poland,2008M05,2052.0,2008,5,May
Spain,2008M05,409.0,2008,5,May
Switzherland,2008M05,272.0,2008,5,May
Sweden,2008M05,3094.0,2008,5,May
Germany,2008M05,3098.0,2008,5,May
Other Countries,2008M05,5763.0,2008,5,May
Total Passengers,2008M06,105051.0,2008,6,June
Iceland,2008M06,49073.0,2008,6,June
Foreigners,2008M06,55978.0,2008,6,June
U.S.A.,2008M06,5947.0,2008,6,June
U.K.,2008M06,5440.0,2008,6,June
Denmark,2008M06,4683.0,2008,6,June
Finland,2008M06,1528.0,2008,6,June
France,2008M06,2780.0,2008,6,June
Netherlands,2008M06,2066.0,2008,6,June
Italy,2008M06,1110.0,2008,6,June
Japan,2008M06,545.0,2008,6,June
Canada,2008M06,1598.0,2008,6,June
China,2008M06,1000.0,2008,6,June
Norway,2008M06,4117.0,2008,6,June
Poland,2008M06,3120.0,2008,6,June
Spain,2008M06,875.0,2008,6,June
Switzherland,2008M06,738.0,2008,6,June
Sweden,2008M06,4354.0,2008,6,June
Germany,2008M06,5708.0,2008,6,June
Other Countries,2008M06,10369.0,2008,6,June
Total Passengers,2008M07,125663.0,2008,7,July
Iceland,2008M07,44396.0,2008,7,July
Foreigners,2008M07,81267.0,2008,7,July
U.S.A.,2008M07,6378.0,2008,7,July
U.K.,2008M07,8031.0,2008,7,July
Denmark,2008M07,7737.0,2008,7,July
Finland,2008M07,1506.0,2008,7,July
France,2008M07,6129.0,2008,7,July
Netherlands,2008M07,3448.0,2008,7,July
Italy,2008M07,1857.0,2008,7,July
Japan,2008M07,560.0,2008,7,July
Canada,2008M07,1827.0,2008,7,July
China,2008M07,965.0,2008,7,July
Norway,2008M07,4352.0,2008,7,July
Poland,2008M07,3772.0,2008,7,July
Spain,2008M07,1892.0,2008,7,July
Switzherland,2008M07,2340.0,2008,7,July
Sweden,2008M07,4646.0,2008,7,July
Germany,2008M07,11047.0,2008,7,July
Other Countries,2008M07,14780.0,2008,7,July
Total Passengers,2008M08,123511.0,2008,8,August
Iceland,2008M08,39544.0,2008,8,August
Foreigners,2008M08,83967.0,2008,8,August
U.S.A.,2008M08,6892.0,2008,8,August
U.K.,2008M08,8685.0,2008,8,August
Denmark,2008M08,5370.0,2008,8,August
Finland,2008M08,1230.0,2008,8,August
France,2008M08,7232.0,2008,8,August
Netherlands,2008M08,3841.0,2008,8,August
Italy,2008M08,4212.0,2008,8,August
Japan,2008M08,844.0,2008,8,August
Canada,2008M08,2388.0,2008,8,August
China,2008M08,684.0,2008,8,August
Norway,2008M08,3584.0,2008,8,August
Poland,2008M08,2638.0,2008,8,August
Spain,2008M08,4623.0,2008,8,August
Switzherland,2008M08,2214.0,2008,8,August
Sweden,2008M08,4123.0,2008,8,August
Germany,2008M08,10612.0,2008,8,August
Other Countries,2008M08,14795.0,2008,8,August
Total Passengers,2008M09,77494.0,2008,9,September
Iceland,2008M09,33587.0,2008,9,September
Foreigners,2008M09,43907.0,2008,9,September
U.S.A.,2008M09,3784.0,2008,9,September
U.K.,2008M09,6812.0,2008,9,September
Denmark,2008M09,4123.0,2008,9,September
Finland,2008M09,1204.0,2008,9,September
France,2008M09,1708.0,2008,9,September
Netherlands,2008M09,1629.0,2008,9,September
Italy,2008M09,874.0,2008,9,September
Japan,2008M09,538.0,2008,9,September
Canada,2008M09,1276.0,2008,9,September
China,2008M09,425.0,2008,9,September
Norway,2008M09,3897.0,2008,9,September
Poland,2008M09,1703.0,2008,9,September
Spain,2008M09,1054.0,2008,9,September
Switzherland,2008M09,598.0,2008,9,September
Sweden,2008M09,3337.0,2008,9,September
Germany,2008M09,5025.0,2008,9,September
Other Countries,2008M09,5920.0,2008,9,September
Total Passengers,2008M10,61813.0,2008,10,October
Iceland,2008M10,28987.0,2008,10,October
Foreigners,2008M10,32826.0,2008,10,October
U.S.A.,2008M10,2535.0,2008,10,October
U.K.,2008M10,6377.0,2008,10,October
Denmark,2008M10,2909.0,2008,10,October
Finland,2008M10,995.0,2008,10,October
France,2008M10,850.0,2008,10,October
Netherlands,2008M10,1191.0,2008,10,October
Italy,2008M10,312.0,2008,10,October
Japan,2008M10,455.0,2008,10,October
Canada,2008M10,967.0,2008,10,October
China,2008M10,555.0,2008,10,October
Norway,2008M10,3520.0,2008,10,October
Poland,2008M10,1445.0,2008,10,October
Spain,2008M10,457.0,2008,10,October
Switzherland,2008M10,214.0,2008,10,October
Sweden,2008M10,2946.0,2008,10,October
Germany,2008M10,1865.0,2008,10,October
Other Countries,2008M10,5233.0,2008,10,October
Total Passengers,2008M11,41275.0,2008,11,November
Iceland,2008M11,16899.0,2008,11,November
Foreigners,2008M11,24376.0,2008,11,November
U.S.A.,2008M11,2042.0,2008,11,November
U.K.,2008M11,4957.0,2008,11,November
Denmark,2008M11,2391.0,2008,11,November
Finland,2008M11,468.0,2008,11,November
France,2008M11,804.0,2008,11,November
Netherlands,2008M11,895.0,2008,11,November
Italy,2008M11,183.0,2008,11,November
Japan,2008M11,468.0,2008,11,November
Canada,2008M11,225.0,2008,11,November
China,2008M11,359.0,2008,11,November
Norway,2008M11,2392.0,2008,11,November
Poland,2008M11,1254.0,2008,11,November
Spain,2008M11,147.0,2008,11,November
Switzherland,2008M11,100.0,2008,11,November
Sweden,2008M11,1857.0,2008,11,November
Germany,2008M11,1201.0,2008,11,November
Other Countries,2008M11,4633.0,2008,11,November
Total Passengers,2008M12,37614.0,2008,12,December
Iceland,2008M12,15592.0,2008,12,December
Foreigners,2008M12,22022.0,2008,12,December
U.S.A.,2008M12,1708.0,2008,12,December
U.K.,2008M12,3553.0,2008,12,December
Denmark,2008M12,1869.0,2008,12,December
Finland,2008M12,335.0,2008,12,December
France,2008M12,779.0,2008,12,December
Netherlands,2008M12,688.0,2008,12,December
Italy,2008M12,192.0,2008,12,December
Japan,2008M12,726.0,2008,12,December
Canada,2008M12,191.0,2008,12,December
China,2008M12,301.0,2008,12,December
Norway,2008M12,1686.0,2008,12,December
Poland,2008M12,3341.0,2008,12,December
Spain,2008M12,171.0,2008,12,December
Switzherland,2008M12,113.0,2008,12,December
Sweden,2008M12,1464.0,2008,12,December
Germany,2008M12,1272.0,2008,12,December
Other Countries,2008M12,3633.0,2008,12,December
Total Passengers,2009M01,38551.0,2009,1,January
Iceland,2009M01,18566.0,2009,1,January
Foreigners,2009M01,19985.0,2009,1,January
U.S.A.,2009M01,2386.0,2009,1,January
U.K.,2009M01,3865.0,2009,1,January
Denmark,2009M01,1910.0,2009,1,January
Finland,2009M01,316.0,2009,1,January
France,2009M01,914.0,2009,1,January
Netherlands,2009M01,559.0,2009,1,January
Italy,2009M01,266.0,2009,1,January
Japan,2009M01,971.0,2009,1,January
Canada,2009M01,191.0,2009,1,January
China,2009M01,150.0,2009,1,January
Norway,2009M01,1431.0,2009,1,January
Poland,2009M01,686.0,2009,1,January
Spain,2009M01,221.0,2009,1,January
Switzherland,2009M01,268.0,2009,1,January
Sweden,2009M01,1440.0,2009,1,January
Germany,2009M01,1482.0,2009,1,January
Other Countries,2009M01,2929.0,2009,1,January
Total Passengers,2009M02,33531.0,2009,2,February
Iceland,2009M02,15255.0,2009,2,February
Foreigners,2009M02,18276.0,2009,2,February
U.S.A.,2009M02,1756.0,2009,2,February
U.K.,2009M02,4881.0,2009,2,February
Denmark,2009M02,1885.0,2009,2,February
Finland,2009M02,322.0,2009,2,February
France,2009M02,818.0,2009,2,February
Netherlands,2009M02,680.0,2009,2,February
Italy,2009M02,116.0,2009,2,February
Japan,2009M02,588.0,2009,2,February
Canada,2009M02,151.0,2009,2,February
China,2009M02,116.0,2009,2,February
Norway,2009M02,1746.0,2009,2,February
Poland,2009M02,536.0,2009,2,February
Spain,2009M02,116.0,2009,2,February
Switzherland,2009M02,123.0,2009,2,February
Sweden,2009M02,1166.0,2009,2,February
Germany,2009M02,1212.0,2009,2,February
Other Countries,2009M02,2064.0,2009,2,February
Total Passengers,2009M03,41306.0,2009,3,March
Iceland,2009M03,17609.0,2009,3,March
Foreigners,2009M03,23697.0,2009,3,March
U.S.A.,2009M03,2693.0,2009,3,March
U.K.,2009M03,5197.0,2009,3,March
Denmark,2009M03,2460.0,2009,3,March
Finland,2009M03,421.0,2009,3,March
France,2009M03,1070.0,2009,3,March
Netherlands,2009M03,1158.0,2009,3,March
Italy,2009M03,228.0,2009,3,March
Japan,2009M03,673.0,2009,3,March
Canada,2009M03,195.0,2009,3,March
China,2009M03,164.0,2009,3,March
Norway,2009M03,2383.0,2009,3,March
Poland,2009M03,682.0,2009,3,March
Spain,2009M03,172.0,2009,3,March
Switzherland,2009M03,114.0,2009,3,March
Sweden,2009M03,1720.0,2009,3,March
Germany,2009M03,1778.0,2009,3,March
Other Countries,2009M03,2589.0,2009,3,March
Total Passengers,2009M04,52155.0,2009,4,April
Iceland,2009M04,24370.0,2009,4,April
Foreigners,2009M04,27785.0,2009,4,April
U.S.A.,2009M04,2105.0,2009,4,April
U.K.,2009M04,5794.0,2009,4,April
Denmark,2009M04,3053.0,2009,4,April
Finland,2009M04,644.0,2009,4,April
France,2009M04,1382.0,2009,4,April
Netherlands,2009M04,1020.0,2009,4,April
Italy,2009M04,290.0,2009,4,April
Japan,2009M04,282.0,2009,4,April
Canada,2009M04,640.0,2009,4,April
China,2009M04,242.0,2009,4,April
Norway,2009M04,2757.0,2009,4,April
Poland,2009M04,969.0,2009,4,April
Spain,2009M04,380.0,2009,4,April
Switzherland,2009M04,230.0,2009,4,April
Sweden,2009M04,2733.0,2009,4,April
Germany,2009M04,2017.0,2009,4,April
Other Countries,2009M04,3247.0,2009,4,April
Total Passengers,2009M05,57043.0,2009,5,May
Iceland,2009M05,22406.0,2009,5,May
Foreigners,2009M05,34637.0,2009,5,May
U.S.A.,2009M05,3625.0,2009,5,May
U.K.,2009M05,4324.0,2009,5,May
Denmark,2009M05,3345.0,2009,5,May
Finland,2009M05,1376.0,2009,5,May
France,2009M05,1775.0,2009,5,May
Netherlands,2009M05,1621.0,2009,5,May
Italy,2009M05,371.0,2009,5,May
Japan,2009M05,306.0,2009,5,May
Canada,2009M05,948.0,2009,5,May
China,2009M05,362.0,2009,5,May
Norway,2009M05,3843.0,2009,5,May
Poland,2009M05,1142.0,2009,5,May
Spain,2009M05,366.0,2009,5,May
Switzherland,2009M05,341.0,2009,5,May
Sweden,2009M05,3544.0,2009,5,May
Germany,2009M05,2996.0,2009,5,May
Other Countries,2009M05,4352.0,2009,5,May
Total Passengers,2009M06,81252.0,2009,6,June
Iceland,2009M06,26763.0,2009,6,June
Foreigners,2009M06,54489.0,2009,6,June
U.S.A.,2009M06,6024.0,2009,6,June
U.K.,2009M06,4377.0,2009,6,June
Denmark,2009M06,4363.0,2009,6,June
Finland,2009M06,1617.0,2009,6,June
France,2009M06,3086.0,2009,6,June
Netherlands,2009M06,3034.0,2009,6,June
Italy,2009M06,1284.0,2009,6,June
Japan,2009M06,558.0,2009,6,June
Canada,2009M06,1606.0,2009,6,June
China,2009M06,822.0,2009,6,June
Norway,2009M06,3967.0,2009,6,June
Poland,2009M06,2194.0,2009,6,June
Spain,2009M06,893.0,2009,6,June
Switzherland,2009M06,1030.0,2009,6,June
Sweden,2009M06,3521.0,2009,6,June
Germany,2009M06,7317.0,2009,6,June
Other Countries,2009M06,8796.0,2009,6,June
Total Passengers,2009M07,105344.0,2009,7,July
Iceland,2009M07,23124.0,2009,7,July
Foreigners,2009M07,82220.0,2009,7,July
U.S.A.,2009M07,6422.0,2009,7,July
U.K.,2009M07,6319.0,2009,7,July
Denmark,2009M07,7787.0,2009,7,July
Finland,2009M07,2159.0,2009,7,July
France,2009M07,6327.0,2009,7,July
Netherlands,2009M07,2825.0,2009,7,July
Italy,2009M07,2709.0,2009,7,July
Japan,2009M07,779.0,2009,7,July
Canada,2009M07,2347.0,2009,7,July
China,2009M07,730.0,2009,7,July
Norway,2009M07,4818.0,2009,7,July
Poland,2009M07,2502.0,2009,7,July
Spain,2009M07,3021.0,2009,7,July
Switzherland,2009M07,2694.0,2009,7,July
Sweden,2009M07,4562.0,2009,7,July
Germany,2009M07,11619.0,2009,7,July
Other Countries,2009M07,14600.0,2009,7,July
Total Passengers,2009M08,116373.0,2009,8,August
Iceland,2009M08,24352.0,2009,8,August
Foreigners,2009M08,92021.0,2009,8,August
U.S.A.,2009M08,7329.0,2009,8,August
U.K.,2009M08,7208.0,2009,8,August
Denmark,2009M08,6058.0,2009,8,August
Finland,2009M08,1824.0,2009,8,August
France,2009M08,8824.0,2009,8,August
Netherlands,2009M08,3523.0,2009,8,August
Italy,2009M08,5895.0,2009,8,August
Japan,2009M08,801.0,2009,8,August
Canada,2009M08,2528.0,2009,8,August
China,2009M08,1122.0,2009,8,August
Norway,2009M08,4149.0,2009,8,August
Poland,2009M08,1686.0,2009,8,August
Spain,2009M08,6499.0,2009,8,August
Switzherland,2009M08,2826.0,2009,8,August
Sweden,2009M08,4111.0,2009,8,August
Germany,2009M08,14330.0,2009,8,August
Other Countries,2009M08,13308.0,2009,8,August
Total Passengers,2009M09,64151.0,2009,9,September
Iceland,2009M09,21688.0,2009,9,September
Foreigners,2009M09,42463.0,2009,9,September
U.S.A.,2009M09,4721.0,2009,9,September
U.K.,2009M09,4845.0,2009,9,September
Denmark,2009M09,3451.0,2009,9,September
Finland,2009M09,1077.0,2009,9,September
France,2009M09,2249.0,2009,9,September
Netherlands,2009M09,1837.0,2009,9,September
Italy,2009M09,817.0,2009,9,September
Japan,2009M09,591.0,2009,9,September
Canada,2009M09,1484.0,2009,9,September
China,2009M09,599.0,2009,9,September
Norway,2009M09,4341.0,2009,9,September
Poland,2009M09,832.0,2009,9,September
Spain,2009M09,1167.0,2009,9,September
Switzherland,2009M09,582.0,2009,9,September
Sweden,2009M09,3290.0,2009,9,September
Germany,2009M09,5375.0,2009,9,September
Other Countries,2009M09,5205.0,2009,9,September
Total Passengers,2009M10,55129.0,2009,10,October
Iceland,2009M10,24758.0,2009,10,October
Foreigners,2009M10,30371.0,2009,10,October
U.S.A.,2009M10,2946.0,2009,10,October
U.K.,2009M10,6088.0,2009,10,October
Denmark,2009M10,3024.0,2009,10,October
Finland,2009M10,1163.0,2009,10,October
France,2009M10,889.0,2009,10,October
Netherlands,2009M10,1312.0,2009,10,October
Italy,2009M10,275.0,2009,10,October
Japan,2009M10,491.0,2009,10,October
Canada,2009M10,558.0,2009,10,October
China,2009M10,532.0,2009,10,October
Norway,2009M10,3480.0,2009,10,October
Poland,2009M10,787.0,2009,10,October
Spain,2009M10,540.0,2009,10,October
Switzherland,2009M10,198.0,2009,10,October
Sweden,2009M10,2511.0,2009,10,October
Germany,2009M10,1726.0,2009,10,October
Other Countries,2009M10,3851.0,2009,10,October
Total Passengers,2009M11,40598.0,2009,11,November
Iceland,2009M11,19521.0,2009,11,November
Foreigners,2009M11,21077.0,2009,11,November
U.S.A.,2009M11,2404.0,2009,11,November
U.K.,2009M11,5017.0,2009,11,November
Denmark,2009M11,1640.0,2009,11,November
Finland,2009M11,399.0,2009,11,November
France,2009M11,746.0,2009,11,November
Netherlands,2009M11,943.0,2009,11,November
Italy,2009M11,197.0,2009,11,November
Japan,2009M11,457.0,2009,11,November
Canada,2009M11,223.0,2009,11,November
China,2009M11,235.0,2009,11,November
Norway,2009M11,2433.0,2009,11,November
Poland,2009M11,535.0,2009,11,November
Spain,2009M11,207.0,2009,11,November
Switzherland,2009M11,84.0,2009,11,November
Sweden,2009M11,1849.0,2009,11,November
Germany,2009M11,1108.0,2009,11,November
Other Countries,2009M11,2600.0,2009,11,November
Total Passengers,2009M12,33640.0,2009,12,December
Iceland,2009M12,16125.0,2009,12,December
Foreigners,2009M12,17515.0,2009,12,December
U.S.A.,2009M12,1498.0,2009,12,December
U.K.,2009M12,3704.0,2009,12,December
Denmark,2009M12,1294.0,2009,12,December
Finland,2009M12,248.0,2009,12,December
France,2009M12,738.0,2009,12,December
Netherlands,2009M12,750.0,2009,12,December
Italy,2009M12,197.0,2009,12,December
Japan,2009M12,551.0,2009,12,December
Canada,2009M12,192.0,2009,12,December
China,2009M12,294.0,2009,12,December
Norway,2009M12,1137.0,2009,12,December
Poland,2009M12,1789.0,2009,12,December
Spain,2009M12,189.0,2009,12,December
Switzherland,2009M12,156.0,2009,12,December
Sweden,2009M12,974.0,2009,12,December
Germany,2009M12,919.0,2009,12,December
Other Countries,2009M12,2885.0,2009,12,December
Total Passengers,2010M01,38726.0,2010,1,January
Iceland,2010M01,19944.0,2010,1,January
Foreigners,2010M01,18782.0,2010,1,January
U.S.A.,2010M01,2077.0,2010,1,January
U.K.,2010M01,4312.0,2010,1,January
Denmark,2010M01,1232.0,2010,1,January
Finland,2010M01,275.0,2010,1,January
France,2010M01,796.0,2010,1,January
Netherlands,2010M01,669.0,2010,1,January
Italy,2010M01,252.0,2010,1,January
Japan,2010M01,767.0,2010,1,January
Canada,2010M01,241.0,2010,1,January
China,2010M01,226.0,2010,1,January
Norway,2010M01,1489.0,2010,1,January
Poland,2010M01,503.0,2010,1,January
Russia,2010M01,165.0,2010,1,January
Spain,2010M01,201.0,2010,1,January
Switzherland,2010M01,229.0,2010,1,January
Sweden,2010M01,1525.0,2010,1,January
Germany,2010M01,1374.0,2010,1,January
Other Countries,2010M01,2449.0,2010,1,January
Total Passengers,2010M02,37292.0,2010,2,February
Iceland,2010M02,16999.0,2010,2,February
Foreigners,2010M02,20293.0,2010,2,February
U.S.A.,2010M02,2186.0,2010,2,February
U.K.,2010M02,6116.0,2010,2,February
Denmark,2010M02,1418.0,2010,2,February
Finland,2010M02,268.0,2010,2,February
France,2010M02,884.0,2010,2,February
Netherlands,2010M02,839.0,2010,2,February
Italy,2010M02,206.0,2010,2,February
Japan,2010M02,751.0,2010,2,February
Canada,2010M02,237.0,2010,2,February
China,2010M02,180.0,2010,2,February
Norway,2010M02,1618.0,2010,2,February
Poland,2010M02,397.0,2010,2,February
Russia,2010M02,99.0,2010,2,February
Spain,2010M02,175.0,2010,2,February
Switzherland,2010M02,186.0,2010,2,February
Sweden,2010M02,1247.0,2010,2,February
Germany,2010M02,1263.0,2010,2,February
Other Countries,2010M02,2223.0,2010,2,February
Total Passengers,2010M03,48812.0,2010,3,March
Iceland,2010M03,22413.0,2010,3,March
Foreigners,2010M03,26399.0,2010,3,March
U.S.A.,2010M03,3035.0,2010,3,March
U.K.,2010M03,6544.0,2010,3,March
Denmark,2010M03,2274.0,2010,3,March
Finland,2010M03,530.0,2010,3,March
France,2010M03,1604.0,2010,3,March
Netherlands,2010M03,1188.0,2010,3,March
Italy,2010M03,237.0,2010,3,March
Japan,2010M03,695.0,2010,3,March
Canada,2010M03,260.0,2010,3,March
China,2010M03,162.0,2010,3,March
Norway,2010M03,2494.0,2010,3,March
Poland,2010M03,658.0,2010,3,March
Russia,2010M03,55.0,2010,3,March
Spain,2010M03,284.0,2010,3,March
Switzherland,2010M03,157.0,2010,3,March
Sweden,2010M03,1614.0,2010,3,March
Germany,2010M03,1530.0,2010,3,March
Other Countries,2010M03,3078.0,2010,3,March
Total Passengers,2010M04,42197.0,2010,4,April
Iceland,2010M04,19110.0,2010,4,April
Foreigners,2010M04,23087.0,2010,4,April
U.S.A.,2010M04,2117.0,2010,4,April
U.K.,2010M04,5286.0,2010,4,April
Denmark,2010M04,1971.0,2010,4,April
Finland,2010M04,926.0,2010,4,April
France,2010M04,1141.0,2010,4,April
Netherlands,2010M04,821.0,2010,4,April
Italy,2010M04,211.0,2010,4,April
Japan,2010M04,258.0,2010,4,April
Canada,2010M04,234.0,2010,4,April
China,2010M04,189.0,2010,4,April
Norway,2010M04,2066.0,2010,4,April
Poland,2010M04,632.0,2010,4,April
Russia,2010M04,47.0,2010,4,April
Spain,2010M04,509.0,2010,4,April
Switzherland,2010M04,175.0,2010,4,April
Sweden,2010M04,1773.0,2010,4,April
Germany,2010M04,1565.0,2010,4,April
Other Countries,2010M04,3166.0,2010,4,April
Total Passengers,2010M05,51566.0,2010,5,May
Iceland,2010M05,23268.0,2010,5,May
Foreigners,2010M05,28298.0,2010,5,May
U.S.A.,2010M05,3470.0,2010,5,May
U.K.,2010M05,3137.0,2010,5,May
Denmark,2010M05,2841.0,2010,5,May
Finland,2010M05,842.0,2010,5,May
France,2010M05,1457.0,2010,5,May
Netherlands,2010M05,1467.0,2010,5,May
Italy,2010M05,299.0,2010,5,May
Japan,2010M05,184.0,2010,5,May
Canada,2010M05,887.0,2010,5,May
China,2010M05,269.0,2010,5,May
Norway,2010M05,3141.0,2010,5,May
Poland,2010M05,772.0,2010,5,May
Russia,2010M05,111.0,2010,5,May
Spain,2010M05,327.0,2010,5,May
Switzherland,2010M05,305.0,2010,5,May
Sweden,2010M05,2362.0,2010,5,May
Germany,2010M05,2816.0,2010,5,May
Other Countries,2010M05,3611.0,2010,5,May
Total Passengers,2010M06,85127.0,2010,6,June
Iceland,2010M06,30736.0,2010,6,June
Foreigners,2010M06,54391.0,2010,6,June
U.S.A.,2010M06,7257.0,2010,6,June
U.K.,2010M06,4051.0,2010,6,June
Denmark,2010M06,4259.0,2010,6,June
Finland,2010M06,1459.0,2010,6,June
France,2010M06,3365.0,2010,6,June
Netherlands,2010M06,1857.0,2010,6,June
Italy,2010M06,925.0,2010,6,June
Japan,2010M06,335.0,2010,6,June
Canada,2010M06,2111.0,2010,6,June
China,2010M06,800.0,2010,6,June
Norway,2010M06,4276.0,2010,6,June
Poland,2010M06,2317.0,2010,6,June
Russia,2010M06,129.0,2010,6,June
Spain,2010M06,761.0,2010,6,June
Switzherland,2010M06,1013.0,2010,6,June
Sweden,2010M06,3092.0,2010,6,June
Germany,2010M06,8412.0,2010,6,June
Other Countries,2010M06,7972.0,2010,6,June
Total Passengers,2010M07,111918.0,2010,7,July
Iceland,2010M07,28453.0,2010,7,July
Foreigners,2010M07,83465.0,2010,7,July
U.S.A.,2010M07,8128.0,2010,7,July
U.K.,2010M07,6222.0,2010,7,July
Denmark,2010M07,8058.0,2010,7,July
Finland,2010M07,1769.0,2010,7,July
France,2010M07,6400.0,2010,7,July
Netherlands,2010M07,2866.0,2010,7,July
Italy,2010M07,2112.0,2010,7,July
Japan,2010M07,340.0,2010,7,July
Canada,2010M07,2496.0,2010,7,July
China,2010M07,787.0,2010,7,July
Norway,2010M07,4781.0,2010,7,July
Poland,2010M07,2511.0,2010,7,July
Russia,2010M07,272.0,2010,7,July
Spain,2010M07,3023.0,2010,7,July
Switzherland,2010M07,3158.0,2010,7,July
Sweden,2010M07,4018.0,2010,7,July
Germany,2010M07,13306.0,2010,7,July
Other Countries,2010M07,13218.0,2010,7,July
Total Passengers,2010M08,119473.0,2010,8,August
Iceland,2010M08,29915.0,2010,8,August
Foreigners,2010M08,89558.0,2010,8,August
U.S.A.,2010M08,8363.0,2010,8,August
U.K.,2010M08,6383.0,2010,8,August
Denmark,2010M08,5804.0,2010,8,August
Finland,2010M08,1762.0,2010,8,August
France,2010M08,9103.0,2010,8,August
Netherlands,2010M08,3265.0,2010,8,August
Italy,2010M08,4149.0,2010,8,August
Japan,2010M08,557.0,2010,8,August
Canada,2010M08,2795.0,2010,8,August
China,2010M08,868.0,2010,8,August
Norway,2010M08,4822.0,2010,8,August
Poland,2010M08,1875.0,2010,8,August
Russia,2010M08,378.0,2010,8,August
Spain,2010M08,5257.0,2010,8,August
Switzherland,2010M08,2829.0,2010,8,August
Sweden,2010M08,4152.0,2010,8,August
Germany,2010M08,14414.0,2010,8,August
Other Countries,2010M08,12782.0,2010,8,August
Total Passengers,2010M09,68671.0,2010,9,September
Iceland,2010M09,27808.0,2010,9,September
Foreigners,2010M09,40863.0,2010,9,September
U.S.A.,2010M09,5629.0,2010,9,September
U.K.,2010M09,3749.0,2010,9,September
Denmark,2010M09,3602.0,2010,9,September
Finland,2010M09,1004.0,2010,9,September
France,2010M09,1728.0,2010,9,September
Netherlands,2010M09,1440.0,2010,9,September
Italy,2010M09,542.0,2010,9,September
Japan,2010M09,419.0,2010,9,September
Canada,2010M09,1981.0,2010,9,September
China,2010M09,624.0,2010,9,September
Norway,2010M09,4074.0,2010,9,September
Poland,2010M09,738.0,2010,9,September
Russia,2010M09,79.0,2010,9,September
Spain,2010M09,865.0,2010,9,September
Switzherland,2010M09,584.0,2010,9,September
Sweden,2010M09,2727.0,2010,9,September
Germany,2010M09,5200.0,2010,9,September
Other Countries,2010M09,5878.0,2010,9,September
Total Passengers,2010M10,64321.0,2010,10,October
Iceland,2010M10,30252.0,2010,10,October
Foreigners,2010M10,34069.0,2010,10,October
U.S.A.,2010M10,3844.0,2010,10,October
U.K.,2010M10,6545.0,2010,10,October
Denmark,2010M10,3405.0,2010,10,October
Finland,2010M10,1053.0,2010,10,October
France,2010M10,1127.0,2010,10,October
Netherlands,2010M10,1365.0,2010,10,October
Italy,2010M10,259.0,2010,10,October
Japan,2010M10,361.0,2010,10,October
Canada,2010M10,1505.0,2010,10,October
China,2010M10,486.0,2010,10,October
Norway,2010M10,3577.0,2010,10,October
Poland,2010M10,801.0,2010,10,October
Russia,2010M10,177.0,2010,10,October
Spain,2010M10,377.0,2010,10,October
Switzherland,2010M10,306.0,2010,10,October
Sweden,2010M10,2359.0,2010,10,October
Germany,2010M10,2294.0,2010,10,October
Other Countries,2010M10,4228.0,2010,10,October
Total Passengers,2010M11,45821.0,2010,11,November
Iceland,2010M11,24581.0,2010,11,November
Foreigners,2010M11,21240.0,2010,11,November
U.S.A.,2010M11,2806.0,2010,11,November
U.K.,2010M11,4229.0,2010,11,November
Denmark,2010M11,1720.0,2010,11,November
Finland,2010M11,618.0,2010,11,November
France,2010M11,844.0,2010,11,November
Netherlands,2010M11,891.0,2010,11,November
Italy,2010M11,260.0,2010,11,November
Japan,2010M11,393.0,2010,11,November
Canada,2010M11,339.0,2010,11,November
China,2010M11,297.0,2010,11,November
Norway,2010M11,2189.0,2010,11,November
Poland,2010M11,522.0,2010,11,November
Russia,2010M11,184.0,2010,11,November
Spain,2010M11,199.0,2010,11,November
Switzherland,2010M11,125.0,2010,11,November
Sweden,2010M11,1878.0,2010,11,November
Germany,2010M11,1191.0,2010,11,November
Other Countries,2010M11,2555.0,2010,11,November
Total Passengers,2010M12,39098.0,2010,12,December
Iceland,2010M12,20291.0,2010,12,December
Foreigners,2010M12,18807.0,2010,12,December
U.S.A.,2010M12,2254.0,2010,12,December
U.K.,2010M12,3752.0,2010,12,December
Denmark,2010M12,1555.0,2010,12,December
Finland,2010M12,506.0,2010,12,December
France,2010M12,806.0,2010,12,December
Netherlands,2010M12,613.0,2010,12,December
Italy,2010M12,240.0,2010,12,December
Japan,2010M12,520.0,2010,12,December
Canada,2010M12,361.0,2010,12,December
China,2010M12,306.0,2010,12,December
Norway,2010M12,1135.0,2010,12,December
Poland,2010M12,1527.0,2010,12,December
Russia,2010M12,59.0,2010,12,December
Spain,2010M12,259.0,2010,12,December
Switzherland,2010M12,96.0,2010,12,December
Sweden,2010M12,1197.0,2010,12,December
Germany,2010M12,1012.0,2010,12,December
Other Countries,2010M12,2609.0,2010,12,December
Total Passengers,2011M01,45036.0,2011,1,January
Iceland,2011M01,22774.0,2011,1,January
Foreigners,2011M01,22262.0,2011,1,January
U.S.A.,2011M01,2909.0,2011,1,January
U.K.,2011M01,4526.0,2011,1,January
Denmark,2011M01,1625.0,2011,1,January
Finland,2011M01,443.0,2011,1,January
France,2011M01,1451.0,2011,1,January
Netherlands,2011M01,698.0,2011,1,January
Italy,2011M01,301.0,2011,1,January
Japan,2011M01,835.0,2011,1,January
Canada,2011M01,352.0,2011,1,January
China,2011M01,183.0,2011,1,January
Norway,2011M01,1506.0,2011,1,January
Poland,2011M01,521.0,2011,1,January
Russia,2011M01,237.0,2011,1,January
Spain,2011M01,301.0,2011,1,January
Switzherland,2011M01,315.0,2011,1,January
Sweden,2011M01,2033.0,2011,1,January
Germany,2011M01,1538.0,2011,1,January
Other Countries,2011M01,2488.0,2011,1,January
Total Passengers,2011M02,42454.0,2011,2,February
Iceland,2011M02,19605.0,2011,2,February
Foreigners,2011M02,22849.0,2011,2,February
U.S.A.,2011M02,2900.0,2011,2,February
U.K.,2011M02,7033.0,2011,2,February
Denmark,2011M02,1472.0,2011,2,February
Finland,2011M02,228.0,2011,2,February
France,2011M02,1268.0,2011,2,February
Netherlands,2011M02,969.0,2011,2,February
Italy,2011M02,216.0,2011,2,February
Japan,2011M02,712.0,2011,2,February
Canada,2011M02,343.0,2011,2,February
China,2011M02,217.0,2011,2,February
Norway,2011M02,1799.0,2011,2,February
Poland,2011M02,475.0,2011,2,February
Russia,2011M02,81.0,2011,2,February
Spain,2011M02,258.0,2011,2,February
Switzherland,2011M02,152.0,2011,2,February
Sweden,2011M02,1185.0,2011,2,February
Germany,2011M02,1310.0,2011,2,February
Other Countries,2011M02,2231.0,2011,2,February
Total Passengers,2011M03,49265.0,2011,3,March
Iceland,2011M03,22641.0,2011,3,March
Foreigners,2011M03,26624.0,2011,3,March
U.S.A.,2011M03,3710.0,2011,3,March
U.K.,2011M03,5719.0,2011,3,March
Denmark,2011M03,2208.0,2011,3,March
Finland,2011M03,339.0,2011,3,March
France,2011M03,1582.0,2011,3,March
Netherlands,2011M03,1191.0,2011,3,March
Italy,2011M03,247.0,2011,3,March
Japan,2011M03,589.0,2011,3,March
Canada,2011M03,485.0,2011,3,March
China,2011M03,239.0,2011,3,March
Norway,2011M03,2289.0,2011,3,March
Poland,2011M03,421.0,2011,3,March
Russia,2011M03,94.0,2011,3,March
Spain,2011M03,410.0,2011,3,March
Switzherland,2011M03,170.0,2011,3,March
Sweden,2011M03,2015.0,2011,3,March
Germany,2011M03,2133.0,2011,3,March
Other Countries,2011M03,2783.0,2011,3,March
Total Passengers,2011M04,61329.0,2011,4,April
Iceland,2011M04,28996.0,2011,4,April
Foreigners,2011M04,32333.0,2011,4,April
U.S.A.,2011M04,3318.0,2011,4,April
U.K.,2011M04,6722.0,2011,4,April
Denmark,2011M04,3175.0,2011,4,April
Finland,2011M04,937.0,2011,4,April
France,2011M04,1836.0,2011,4,April
Netherlands,2011M04,1216.0,2011,4,April
Italy,2011M04,327.0,2011,4,April
Japan,2011M04,228.0,2011,4,April
Canada,2011M04,977.0,2011,4,April
China,2011M04,420.0,2011,4,April
Norway,2011M04,3008.0,2011,4,April
Poland,2011M04,939.0,2011,4,April
Russia,2011M04,130.0,2011,4,April
Spain,2011M04,505.0,2011,4,April
Switzherland,2011M04,186.0,2011,4,April
Sweden,2011M04,2381.0,2011,4,April
Germany,2011M04,2496.0,2011,4,April
Other Countries,2011M04,3532.0,2011,4,April
Total Passengers,2011M05,68333.0,2011,5,May
Iceland,2011M05,31121.0,2011,5,May
Foreigners,2011M05,37212.0,2011,5,May
U.S.A.,2011M05,5117.0,2011,5,May
U.K.,2011M05,3375.0,2011,5,May
Denmark,2011M05,3436.0,2011,5,May
Finland,2011M05,1248.0,2011,5,May
France,2011M05,1737.0,2011,5,May
Netherlands,2011M05,1939.0,2011,5,May
Italy,2011M05,404.0,2011,5,May
Japan,2011M05,260.0,2011,5,May
Canada,2011M05,1443.0,2011,5,May
China,2011M05,651.0,2011,5,May
Norway,2011M05,4560.0,2011,5,May
Poland,2011M05,1392.0,2011,5,May
Russia,2011M05,185.0,2011,5,May
Spain,2011M05,830.0,2011,5,May
Switzherland,2011M05,325.0,2011,5,May
Sweden,2011M05,2953.0,2011,5,May
Germany,2011M05,3064.0,2011,5,May
Other Countries,2011M05,4293.0,2011,5,May
Total Passengers,2011M06,103044.0,2011,6,June
Iceland,2011M06,37438.0,2011,6,June
Foreigners,2011M06,65606.0,2011,6,June
U.S.A.,2011M06,11580.0,2011,6,June
U.K.,2011M06,4360.0,2011,6,June
Denmark,2011M06,4532.0,2011,6,June
Finland,2011M06,1467.0,2011,6,June
France,2011M06,3946.0,2011,6,June
Netherlands,2011M06,2178.0,2011,6,June
Italy,2011M06,1251.0,2011,6,June
Japan,2011M06,590.0,2011,6,June
Canada,2011M06,2513.0,2011,6,June
China,2011M06,1389.0,2011,6,June
Norway,2011M06,5294.0,2011,6,June
Poland,2011M06,2136.0,2011,6,June
Russia,2011M06,254.0,2011,6,June
Spain,2011M06,999.0,2011,6,June
Switzherland,2011M06,946.0,2011,6,June
Sweden,2011M06,4018.0,2011,6,June
Germany,2011M06,9584.0,2011,6,June
Other Countries,2011M06,8569.0,2011,6,June
Total Passengers,2011M07,130386.0,2011,7,July
Iceland,2011M07,32629.0,2011,7,July
Foreigners,2011M07,97757.0,2011,7,July
U.S.A.,2011M07,13545.0,2011,7,July
U.K.,2011M07,7059.0,2011,7,July
Denmark,2011M07,7996.0,2011,7,July
Finland,2011M07,2318.0,2011,7,July
France,2011M07,7945.0,2011,7,July
Netherlands,2011M07,3398.0,2011,7,July
Italy,2011M07,2260.0,2011,7,July
Japan,2011M07,543.0,2011,7,July
Canada,2011M07,3332.0,2011,7,July
China,2011M07,1544.0,2011,7,July
Norway,2011M07,5552.0,2011,7,July
Poland,2011M07,2839.0,2011,7,July
Russia,2011M07,547.0,2011,7,July
Spain,2011M07,3017.0,2011,7,July
Switzherland,2011M07,3659.0,2011,7,July
Sweden,2011M07,4893.0,2011,7,July
Germany,2011M07,12498.0,2011,7,July
Other Countries,2011M07,14812.0,2011,7,July
Total Passengers,2011M08,136029.0,2011,8,August
Iceland,2011M08,34188.0,2011,8,August
Foreigners,2011M08,101841.0,2011,8,August
U.S.A.,2011M08,13821.0,2011,8,August
U.K.,2011M08,6997.0,2011,8,August
Denmark,2011M08,6027.0,2011,8,August
Finland,2011M08,2026.0,2011,8,August
France,2011M08,10376.0,2011,8,August
Netherlands,2011M08,3619.0,2011,8,August
Italy,2011M08,5714.0,2011,8,August
Japan,2011M08,741.0,2011,8,August
Canada,2011M08,3232.0,2011,8,August
China,2011M08,1323.0,2011,8,August
Norway,2011M08,5393.0,2011,8,August
Poland,2011M08,2035.0,2011,8,August
Russia,2011M08,444.0,2011,8,August
Spain,2011M08,5501.0,2011,8,August
Switzherland,2011M08,2957.0,2011,8,August
Sweden,2011M08,4536.0,2011,8,August
Germany,2011M08,14001.0,2011,8,August
Other Countries,2011M08,13098.0,2011,8,August
Total Passengers,2011M09,82385.0,2011,9,September
Iceland,2011M09,30809.0,2011,9,September
Foreigners,2011M09,51576.0,2011,9,September
U.S.A.,2011M09,8272.0,2011,9,September
U.K.,2011M09,4190.0,2011,9,September
Denmark,2011M09,3894.0,2011,9,September
Finland,2011M09,1395.0,2011,9,September
France,2011M09,2403.0,2011,9,September
Netherlands,2011M09,2026.0,2011,9,September
Italy,2011M09,796.0,2011,9,September
Japan,2011M09,645.0,2011,9,September
Canada,2011M09,2594.0,2011,9,September
China,2011M09,1115.0,2011,9,September
Norway,2011M09,5260.0,2011,9,September
Poland,2011M09,953.0,2011,9,September
Russia,2011M09,242.0,2011,9,September
Spain,2011M09,1239.0,2011,9,September
Switzherland,2011M09,841.0,2011,9,September
Sweden,2011M09,3423.0,2011,9,September
Germany,2011M09,5891.0,2011,9,September
Other Countries,2011M09,6397.0,2011,9,September
Total Passengers,2011M10,70989.0,2011,10,October
Iceland,2011M10,32153.0,2011,10,October
Foreigners,2011M10,38836.0,2011,10,October
U.S.A.,2011M10,5549.0,2011,10,October
U.K.,2011M10,7703.0,2011,10,October
Denmark,2011M10,3450.0,2011,10,October
Finland,2011M10,779.0,2011,10,October
France,2011M10,1598.0,2011,10,October
Netherlands,2011M10,1475.0,2011,10,October
Italy,2011M10,302.0,2011,10,October
Japan,2011M10,535.0,2011,10,October
Canada,2011M10,1999.0,2011,10,October
China,2011M10,637.0,2011,10,October
Norway,2011M10,3747.0,2011,10,October
Poland,2011M10,633.0,2011,10,October
Russia,2011M10,216.0,2011,10,October
Spain,2011M10,485.0,2011,10,October
Switzherland,2011M10,336.0,2011,10,October
Sweden,2011M10,2440.0,2011,10,October
Germany,2011M10,2230.0,2011,10,October
Other Countries,2011M10,4722.0,2011,10,October
Total Passengers,2011M11,49053.0,2011,11,November
Iceland,2011M11,26084.0,2011,11,November
Foreigners,2011M11,22969.0,2011,11,November
U.S.A.,2011M11,4108.0,2011,11,November
U.K.,2011M11,5090.0,2011,11,November
Denmark,2011M11,1574.0,2011,11,November
Finland,2011M11,383.0,2011,11,November
France,2011M11,993.0,2011,11,November
Netherlands,2011M11,751.0,2011,11,November
Italy,2011M11,323.0,2011,11,November
Japan,2011M11,526.0,2011,11,November
Canada,2011M11,349.0,2011,11,November
China,2011M11,373.0,2011,11,November
Norway,2011M11,2099.0,2011,11,November
Poland,2011M11,492.0,2011,11,November
Russia,2011M11,95.0,2011,11,November
Spain,2011M11,187.0,2011,11,November
Switzherland,2011M11,139.0,2011,11,November
Sweden,2011M11,1766.0,2011,11,November
Germany,2011M11,1122.0,2011,11,November
Other Countries,2011M11,2599.0,2011,11,November
Total Passengers,2011M12,43612.0,2011,12,December
Iceland,2011M12,22653.0,2011,12,December
Foreigners,2011M12,20959.0,2011,12,December
U.S.A.,2011M12,2732.0,2011,12,December
U.K.,2011M12,4834.0,2011,12,December
Denmark,2011M12,1316.0,2011,12,December
Finland,2011M12,468.0,2011,12,December
France,2011M12,822.0,2011,12,December
Netherlands,2011M12,537.0,2011,12,December
Italy,2011M12,205.0,2011,12,December
Japan,2011M12,698.0,2011,12,December
Canada,2011M12,310.0,2011,12,December
China,2011M12,693.0,2011,12,December
Norway,2011M12,1295.0,2011,12,December
Poland,2011M12,1403.0,2011,12,December
Russia,2011M12,72.0,2011,12,December
Spain,2011M12,239.0,2011,12,December
Switzherland,2011M12,129.0,2011,12,December
Sweden,2011M12,1192.0,2011,12,December
Germany,2011M12,948.0,2011,12,December
Other Countries,2011M12,3066.0,2011,12,December
Total Passengers,2012M01,49539.0,2012,1,January
Iceland,2012M01,23387.0,2012,1,January
Foreigners,2012M01,26152.0,2012,1,January
U.S.A.,2012M01,3914.0,2012,1,January
U.K.,2012M01,6956.0,2012,1,January
Denmark,2012M01,1715.0,2012,1,January
Finland,2012M01,416.0,2012,1,January
France,2012M01,1387.0,2012,1,January
Netherlands,2012M01,722.0,2012,1,January
Italy,2012M01,249.0,2012,1,January
Japan,2012M01,1076.0,2012,1,January
Canada,2012M01,361.0,2012,1,January
China,2012M01,449.0,2012,1,January
Norway,2012M01,1718.0,2012,1,January
Poland,2012M01,470.0,2012,1,January
Russia,2012M01,315.0,2012,1,January
Spain,2012M01,352.0,2012,1,January
Switzherland,2012M01,252.0,2012,1,January
Sweden,2012M01,1440.0,2012,1,January
Germany,2012M01,1272.0,2012,1,January
Other Countries,2012M01,3088.0,2012,1,January
Total Passengers,2012M02,49151.0,2012,2,February
Iceland,2012M02,21242.0,2012,2,February
Foreigners,2012M02,27909.0,2012,2,February
U.S.A.,2012M02,3879.0,2012,2,February
U.K.,2012M02,10522.0,2012,2,February
Denmark,2012M02,1525.0,2012,2,February
Finland,2012M02,238.0,2012,2,February
France,2012M02,1336.0,2012,2,February
Netherlands,2012M02,1021.0,2012,2,February
Italy,2012M02,208.0,2012,2,February
Japan,2012M02,1078.0,2012,2,February
Canada,2012M02,284.0,2012,2,February
China,2012M02,343.0,2012,2,February
Norway,2012M02,1949.0,2012,2,February
Poland,2012M02,341.0,2012,2,February
Russia,2012M02,66.0,2012,2,February
Spain,2012M02,206.0,2012,2,February
Switzherland,2012M02,169.0,2012,2,February
Sweden,2012M02,1035.0,2012,2,February
Germany,2012M02,1079.0,2012,2,February
Other Countries,2012M02,2630.0,2012,2,February
Total Passengers,2012M03,60091.0,2012,3,March
Iceland,2012M03,26494.0,2012,3,March
Foreigners,2012M03,33597.0,2012,3,March
U.S.A.,2012M03,4513.0,2012,3,March
U.K.,2012M03,9107.0,2012,3,March
Denmark,2012M03,2695.0,2012,3,March
Finland,2012M03,725.0,2012,3,March
France,2012M03,1747.0,2012,3,March
Netherlands,2012M03,1279.0,2012,3,March
Italy,2012M03,354.0,2012,3,March
Japan,2012M03,884.0,2012,3,March
Canada,2012M03,455.0,2012,3,March
China,2012M03,376.0,2012,3,March
Norway,2012M03,3144.0,2012,3,March
Poland,2012M03,544.0,2012,3,March
Russia,2012M03,153.0,2012,3,March
Spain,2012M03,346.0,2012,3,March
Switzherland,2012M03,230.0,2012,3,March
Sweden,2012M03,1680.0,2012,3,March
Germany,2012M03,2015.0,2012,3,March
Other Countries,2012M03,3350.0,2012,3,March
Total Passengers,2012M04,66559.0,2012,4,April
Iceland,2012M04,28884.0,2012,4,April
Foreigners,2012M04,37675.0,2012,4,April
U.S.A.,2012M04,4450.0,2012,4,April
U.K.,2012M04,8437.0,2012,4,April
Denmark,2012M04,2855.0,2012,4,April
Finland,2012M04,1093.0,2012,4,April
France,2012M04,2213.0,2012,4,April
Netherlands,2012M04,1158.0,2012,4,April
Italy,2012M04,329.0,2012,4,April
Japan,2012M04,415.0,2012,4,April
Canada,2012M04,1294.0,2012,4,April
China,2012M04,630.0,2012,4,April
Norway,2012M04,3889.0,2012,4,April
Poland,2012M04,911.0,2012,4,April
Russia,2012M04,203.0,2012,4,April
Spain,2012M04,436.0,2012,4,April
Switzherland,2012M04,325.0,2012,4,April
Sweden,2012M04,2651.0,2012,4,April
Germany,2012M04,2571.0,2012,4,April
Other Countries,2012M04,3815.0,2012,4,April
Total Passengers,2012M05,76679.0,2012,5,May
Iceland,2012M05,31452.0,2012,5,May
Foreigners,2012M05,45227.0,2012,5,May
U.S.A.,2012M05,7469.0,2012,5,May
U.K.,2012M05,4352.0,2012,5,May
Denmark,2012M05,2981.0,2012,5,May
Finland,2012M05,1381.0,2012,5,May
France,2012M05,2314.0,2012,5,May
Netherlands,2012M05,2119.0,2012,5,May
Italy,2012M05,421.0,2012,5,May
Japan,2012M05,356.0,2012,5,May
Canada,2012M05,1746.0,2012,5,May
China,2012M05,798.0,2012,5,May
Norway,2012M05,4795.0,2012,5,May
Poland,2012M05,1359.0,2012,5,May
Russia,2012M05,522.0,2012,5,May
Spain,2012M05,974.0,2012,5,May
Switzherland,2012M05,360.0,2012,5,May
Sweden,2012M05,3509.0,2012,5,May
Germany,2012M05,4045.0,2012,5,May
Other Countries,2012M05,5726.0,2012,5,May
Total Passengers,2012M06,113686.0,2012,6,June
Iceland,2012M06,39361.0,2012,6,June
Foreigners,2012M06,74325.0,2012,6,June
U.S.A.,2012M06,14258.0,2012,6,June
U.K.,2012M06,5878.0,2012,6,June
Denmark,2012M06,4175.0,2012,6,June
Finland,2012M06,1969.0,2012,6,June
France,2012M06,4412.0,2012,6,June
Netherlands,2012M06,2319.0,2012,6,June
Italy,2012M06,1385.0,2012,6,June
Japan,2012M06,557.0,2012,6,June
Canada,2012M06,2698.0,2012,6,June
China,2012M06,2093.0,2012,6,June
Norway,2012M06,5850.0,2012,6,June
Poland,2012M06,2313.0,2012,6,June
Russia,2012M06,455.0,2012,6,June
Spain,2012M06,1006.0,2012,6,June
Switzherland,2012M06,1461.0,2012,6,June
Sweden,2012M06,3995.0,2012,6,June
Germany,2012M06,9659.0,2012,6,June
Other Countries,2012M06,9842.0,2012,6,June
Total Passengers,2012M07,147182.0,2012,7,July
Iceland,2012M07,35061.0,2012,7,July
Foreigners,2012M07,112121.0,2012,7,July
U.S.A.,2012M07,14960.0,2012,7,July
U.K.,2012M07,8506.0,2012,7,July
Denmark,2012M07,8167.0,2012,7,July
Finland,2012M07,2198.0,2012,7,July
France,2012M07,8454.0,2012,7,July
Netherlands,2012M07,3841.0,2012,7,July
Italy,2012M07,3176.0,2012,7,July
Japan,2012M07,589.0,2012,7,July
Canada,2012M07,3048.0,2012,7,July
China,2012M07,2408.0,2012,7,July
Norway,2012M07,6686.0,2012,7,July
Poland,2012M07,2957.0,2012,7,July
Russia,2012M07,752.0,2012,7,July
Spain,2012M07,2971.0,2012,7,July
Switzherland,2012M07,3918.0,2012,7,July
Sweden,2012M07,6257.0,2012,7,July
Germany,2012M07,15461.0,2012,7,July
Other Countries,2012M07,17772.0,2012,7,July
Total Passengers,2012M08,152302.0,2012,8,August
Iceland,2012M08,37023.0,2012,8,August
Foreigners,2012M08,115279.0,2012,8,August
U.S.A.,2012M08,15825.0,2012,8,August
U.K.,2012M08,7784.0,2012,8,August
Denmark,2012M08,6110.0,2012,8,August
Finland,2012M08,1542.0,2012,8,August
France,2012M08,12258.0,2012,8,August
Netherlands,2012M08,4006.0,2012,8,August
Italy,2012M08,5653.0,2012,8,August
Japan,2012M08,828.0,2012,8,August
Canada,2012M08,3652.0,2012,8,August
China,2012M08,2417.0,2012,8,August
Norway,2012M08,5956.0,2012,8,August
Poland,2012M08,2091.0,2012,8,August
Russia,2012M08,1215.0,2012,8,August
Spain,2012M08,5547.0,2012,8,August
Switzherland,2012M08,3696.0,2012,8,August
Sweden,2012M08,4926.0,2012,8,August
Germany,2012M08,16633.0,2012,8,August
Other Countries,2012M08,15140.0,2012,8,August
Total Passengers,2012M09,96985.0,2012,9,September
Iceland,2012M09,32313.0,2012,9,September
Foreigners,2012M09,64672.0,2012,9,September
U.S.A.,2012M09,9820.0,2012,9,September
U.K.,2012M09,6313.0,2012,9,September
Denmark,2012M09,4138.0,2012,9,September
Finland,2012M09,1792.0,2012,9,September
France,2012M09,3646.0,2012,9,September
Netherlands,2012M09,2045.0,2012,9,September
Italy,2012M09,950.0,2012,9,September
Japan,2012M09,1812.0,2012,9,September
Canada,2012M09,2488.0,2012,9,September
China,2012M09,1651.0,2012,9,September
Norway,2012M09,7486.0,2012,9,September
Poland,2012M09,1193.0,2012,9,September
Russia,2012M09,372.0,2012,9,September
Spain,2012M09,1841.0,2012,9,September
Switzherland,2012M09,1025.0,2012,9,September
Sweden,2012M09,4139.0,2012,9,September
Germany,2012M09,6418.0,2012,9,September
Other Countries,2012M09,7543.0,2012,9,September
Total Passengers,2012M10,80475.0,2012,10,October
Iceland,2012M10,35481.0,2012,10,October
Foreigners,2012M10,44994.0,2012,10,October
U.S.A.,2012M10,5912.0,2012,10,October
U.K.,2012M10,9458.0,2012,10,October
Denmark,2012M10,3392.0,2012,10,October
Finland,2012M10,935.0,2012,10,October
France,2012M10,1196.0,2012,10,October
Netherlands,2012M10,1414.0,2012,10,October
Italy,2012M10,338.0,2012,10,October
Japan,2012M10,671.0,2012,10,October
Canada,2012M10,1702.0,2012,10,October
China,2012M10,1080.0,2012,10,October
Norway,2012M10,5008.0,2012,10,October
Poland,2012M10,754.0,2012,10,October
Russia,2012M10,413.0,2012,10,October
Spain,2012M10,931.0,2012,10,October
Switzherland,2012M10,1021.0,2012,10,October
Sweden,2012M10,2648.0,2012,10,October
Germany,2012M10,2703.0,2012,10,October
Other Countries,2012M10,5418.0,2012,10,October
Total Passengers,2012M11,63190.0,2012,11,November
Iceland,2012M11,26240.0,2012,11,November
Foreigners,2012M11,36950.0,2012,11,November
U.S.A.,2012M11,6414.0,2012,11,November
U.K.,2012M11,10241.0,2012,11,November
Denmark,2012M11,1804.0,2012,11,November
Finland,2012M11,758.0,2012,11,November
France,2012M11,1514.0,2012,11,November
Netherlands,2012M11,835.0,2012,11,November
Italy,2012M11,532.0,2012,11,November
Japan,2012M11,1020.0,2012,11,November
Canada,2012M11,676.0,2012,11,November
China,2012M11,532.0,2012,11,November
Norway,2012M11,3065.0,2012,11,November
Poland,2012M11,528.0,2012,11,November
Russia,2012M11,185.0,2012,11,November
Spain,2012M11,280.0,2012,11,November
Switzherland,2012M11,207.0,2012,11,November
Sweden,2012M11,2146.0,2012,11,November
Germany,2012M11,1922.0,2012,11,November
Other Countries,2012M11,4291.0,2012,11,November
Total Passengers,2012M12,49283.0,2012,12,December
Iceland,2012M12,21263.0,2012,12,December
Foreigners,2012M12,28020.0,2012,12,December
U.S.A.,2012M12,3612.0,2012,12,December
U.K.,2012M12,7045.0,2012,12,December
Denmark,2012M12,1349.0,2012,12,December
Finland,2012M12,637.0,2012,12,December
France,2012M12,1093.0,2012,12,December
Netherlands,2012M12,546.0,2012,12,December
Italy,2012M12,246.0,2012,12,December
Japan,2012M12,1057.0,2012,12,December
Canada,2012M12,356.0,2012,12,December
China,2012M12,1259.0,2012,12,December
Norway,2012M12,1988.0,2012,12,December
Poland,2012M12,1475.0,2012,12,December
Russia,2012M12,73.0,2012,12,December
Spain,2012M12,388.0,2012,12,December
Switzherland,2012M12,174.0,2012,12,December
Sweden,2012M12,1175.0,2012,12,December
Germany,2012M12,1401.0,2012,12,December
Other Countries,2012M12,4146.0,2012,12,December
Total Passengers,2013M01,56546.0,2013,1,January
Iceland,2013M01,23256.0,2013,1,January
Foreigners,2013M01,33290.0,2013,1,January
U.S.A.,2013M01,5054.0,2013,1,January
U.K.,2013M01,10031.0,2013,1,January
Denmark,2013M01,1504.0,2013,1,January
Finland,2013M01,347.0,2013,1,January
France,2013M01,1371.0,2013,1,January
Netherlands,2013M01,733.0,2013,1,January
Italy,2013M01,335.0,2013,1,January
Japan,2013M01,1566.0,2013,1,January
Canada,2013M01,404.0,2013,1,January
China,2013M01,738.0,2013,1,January
Norway,2013M01,2003.0,2013,1,January
Poland,2013M01,486.0,2013,1,January
Russia,2013M01,355.0,2013,1,January
Spain,2013M01,415.0,2013,1,January
Switzherland,2013M01,345.0,2013,1,January
Sweden,2013M01,1480.0,2013,1,January
Germany,2013M01,2101.0,2013,1,January
Other Countries,2013M01,4022.0,2013,1,January
Total Passengers,2013M02,60812.0,2013,2,February
Iceland,2013M02,20833.0,2013,2,February
Foreigners,2013M02,39979.0,2013,2,February
U.S.A.,2013M02,5357.0,2013,2,February
U.K.,2013M02,15970.0,2013,2,February
Denmark,2013M02,1590.0,2013,2,February
Finland,2013M02,387.0,2013,2,February
France,2013M02,1671.0,2013,2,February
Netherlands,2013M02,1272.0,2013,2,February
Italy,2013M02,299.0,2013,2,February
Japan,2013M02,1148.0,2013,2,February
Canada,2013M02,374.0,2013,2,February
China,2013M02,779.0,2013,2,February
Norway,2013M02,2418.0,2013,2,February
Poland,2013M02,490.0,2013,2,February
Russia,2013M02,245.0,2013,2,February
Spain,2013M02,321.0,2013,2,February
Switzherland,2013M02,427.0,2013,2,February
Sweden,2013M02,1142.0,2013,2,February
Germany,2013M02,2278.0,2013,2,February
Other Countries,2013M02,3811.0,2013,2,February
Total Passengers,2013M03,76213.0,2013,3,March
Iceland,2013M03,27345.0,2013,3,March
Foreigners,2013M03,48868.0,2013,3,March
U.S.A.,2013M03,6962.0,2013,3,March
U.K.,2013M03,15458.0,2013,3,March
Denmark,2013M03,2747.0,2013,3,March
Finland,2013M03,756.0,2013,3,March
France,2013M03,2427.0,2013,3,March
Netherlands,2013M03,1552.0,2013,3,March
Italy,2013M03,436.0,2013,3,March
Japan,2013M03,1417.0,2013,3,March
Canada,2013M03,1044.0,2013,3,March
China,2013M03,796.0,2013,3,March
Norway,2013M03,3556.0,2013,3,March
Poland,2013M03,682.0,2013,3,March
Russia,2013M03,230.0,2013,3,March
Spain,2013M03,373.0,2013,3,March
Switzherland,2013M03,375.0,2013,3,March
Sweden,2013M03,2079.0,2013,3,March
Germany,2013M03,3117.0,2013,3,March
Other Countries,2013M03,4861.0,2013,3,March
Total Passengers,2013M04,73885.0,2013,4,April
Iceland,2013M04,28120.0,2013,4,April
Foreigners,2013M04,45765.0,2013,4,April
U.S.A.,2013M04,5990.0,2013,4,April
U.K.,2013M04,11490.0,2013,4,April
Denmark,2013M04,2750.0,2013,4,April
Finland,2013M04,1416.0,2013,4,April
France,2013M04,1911.0,2013,4,April
Netherlands,2013M04,1248.0,2013,4,April
Italy,2013M04,502.0,2013,4,April
Japan,2013M04,497.0,2013,4,April
Canada,2013M04,1584.0,2013,4,April
China,2013M04,491.0,2013,4,April
Norway,2013M04,4203.0,2013,4,April
Poland,2013M04,629.0,2013,4,April
Russia,2013M04,338.0,2013,4,April
Spain,2013M04,680.0,2013,4,April
Switzherland,2013M04,398.0,2013,4,April
Sweden,2013M04,2647.0,2013,4,April
Germany,2013M04,2786.0,2013,4,April
Other Countries,2013M04,6205.0,2013,4,April
Total Passengers,2013M05,88077.0,2013,5,May
Iceland,2013M05,34429.0,2013,5,May
Foreigners,2013M05,53648.0,2013,5,May
U.S.A.,2013M05,8864.0,2013,5,May
U.K.,2013M05,6763.0,2013,5,May
Denmark,2013M05,3427.0,2013,5,May
Finland,2013M05,1481.0,2013,5,May
France,2013M05,3012.0,2013,5,May
Netherlands,2013M05,1725.0,2013,5,May
Italy,2013M05,777.0,2013,5,May
Japan,2013M05,306.0,2013,5,May
Canada,2013M05,2278.0,2013,5,May
China,2013M05,896.0,2013,5,May
Norway,2013M05,5771.0,2013,5,May
Poland,2013M05,1202.0,2013,5,May
Russia,2013M05,503.0,2013,5,May
Spain,2013M05,864.0,2013,5,May
Switzherland,2013M05,472.0,2013,5,May
Sweden,2013M05,3683.0,2013,5,May
Germany,2013M05,5163.0,2013,5,May
Other Countries,2013M05,6461.0,2013,5,May
Total Passengers,2013M06,126143.0,2013,6,June
Iceland,2013M06,36284.0,2013,6,June
Foreigners,2013M06,89859.0,2013,6,June
U.S.A.,2013M06,17581.0,2013,6,June
U.K.,2013M06,6969.0,2013,6,June
Denmark,2013M06,4300.0,2013,6,June
Finland,2013M06,1898.0,2013,6,June
France,2013M06,6268.0,2013,6,June
Netherlands,2013M06,2514.0,2013,6,June
Italy,2013M06,1790.0,2013,6,June
Japan,2013M06,533.0,2013,6,June
Canada,2013M06,3333.0,2013,6,June
China,2013M06,2705.0,2013,6,June
Norway,2013M06,6386.0,2013,6,June
Poland,2013M06,2771.0,2013,6,June
Russia,2013M06,710.0,2013,6,June
Spain,2013M06,1598.0,2013,6,June
Switzherland,2013M06,1721.0,2013,6,June
Sweden,2013M06,4461.0,2013,6,June
Germany,2013M06,12139.0,2013,6,June
Other Countries,2013M06,12182.0,2013,6,June
Total Passengers,2013M07,156887.0,2013,7,July
Iceland,2013M07,33366.0,2013,7,July
Foreigners,2013M07,123521.0,2013,7,July
U.S.A.,2013M07,18452.0,2013,7,July
U.K.,2013M07,9954.0,2013,7,July
Denmark,2013M07,8938.0,2013,7,July
Finland,2013M07,1786.0,2013,7,July
France,2013M07,10183.0,2013,7,July
Netherlands,2013M07,4237.0,2013,7,July
Italy,2013M07,3380.0,2013,7,July
Japan,2013M07,654.0,2013,7,July
Canada,2013M07,3573.0,2013,7,July
China,2013M07,2628.0,2013,7,July
Norway,2013M07,6268.0,2013,7,July
Poland,2013M07,2944.0,2013,7,July
Russia,2013M07,1514.0,2013,7,July
Spain,2013M07,2975.0,2013,7,July
Switzherland,2013M07,4235.0,2013,7,July
Sweden,2013M07,5298.0,2013,7,July
Germany,2013M07,15027.0,2013,7,July
Other Countries,2013M07,21475.0,2013,7,July
Total Passengers,2013M08,168605.0,2013,8,August
Iceland,2013M08,36773.0,2013,8,August
Foreigners,2013M08,131832.0,2013,8,August
U.S.A.,2013M08,19409.0,2013,8,August
U.K.,2013M08,10215.0,2013,8,August
Denmark,2013M08,5547.0,2013,8,August
Finland,2013M08,1731.0,2013,8,August
France,2013M08,12927.0,2013,8,August
Netherlands,2013M08,4443.0,2013,8,August
Italy,2013M08,6312.0,2013,8,August
Japan,2013M08,1034.0,2013,8,August
Canada,2013M08,3632.0,2013,8,August
China,2013M08,3064.0,2013,8,August
Norway,2013M08,6076.0,2013,8,August
Poland,2013M08,2053.0,2013,8,August
Russia,2013M08,1729.0,2013,8,August
Spain,2013M08,6060.0,2013,8,August
Switzherland,2013M08,4239.0,2013,8,August
Sweden,2013M08,5069.0,2013,8,August
Germany,2013M08,18457.0,2013,8,August
Other Countries,2013M08,19835.0,2013,8,August
Total Passengers,2013M09,106677.0,2013,9,September
Iceland,2013M09,33488.0,2013,9,September
Foreigners,2013M09,73189.0,2013,9,September
U.S.A.,2013M09,11547.0,2013,9,September
U.K.,2013M09,8087.0,2013,9,September
Denmark,2013M09,4884.0,2013,9,September
Finland,2013M09,1577.0,2013,9,September
France,2013M09,3855.0,2013,9,September
Netherlands,2013M09,1993.0,2013,9,September
Italy,2013M09,1024.0,2013,9,September
Japan,2013M09,1752.0,2013,9,September
Canada,2013M09,2944.0,2013,9,September
China,2013M09,1797.0,2013,9,September
Norway,2013M09,6733.0,2013,9,September
Poland,2013M09,1396.0,2013,9,September
Russia,2013M09,629.0,2013,9,September
Spain,2013M09,2025.0,2013,9,September
Switzherland,2013M09,1209.0,2013,9,September
Sweden,2013M09,3899.0,2013,9,September
Germany,2013M09,7669.0,2013,9,September
Other Countries,2013M09,10169.0,2013,9,September
Total Passengers,2013M10,90675.0,2013,10,October
Iceland,2013M10,37749.0,2013,10,October
Foreigners,2013M10,52926.0,2013,10,October
U.S.A.,2013M10,7162.0,2013,10,October
U.K.,2013M10,13000.0,2013,10,October
Denmark,2013M10,3951.0,2013,10,October
Finland,2013M10,1198.0,2013,10,October
France,2013M10,1698.0,2013,10,October
Netherlands,2013M10,1201.0,2013,10,October
Italy,2013M10,400.0,2013,10,October
Japan,2013M10,1018.0,2013,10,October
Canada,2013M10,1978.0,2013,10,October
China,2013M10,1110.0,2013,10,October
Norway,2013M10,4708.0,2013,10,October
Poland,2013M10,774.0,2013,10,October
Russia,2013M10,246.0,2013,10,October
Spain,2013M10,583.0,2013,10,October
Switzherland,2013M10,405.0,2013,10,October
Sweden,2013M10,2527.0,2013,10,October
Germany,2013M10,3198.0,2013,10,October
Other Countries,2013M10,7769.0,2013,10,October
Total Passengers,2013M11,75285.0,2013,11,November
Iceland,2013M11,28834.0,2013,11,November
Foreigners,2013M11,46451.0,2013,11,November
U.S.A.,2013M11,7333.0,2013,11,November
U.K.,2013M11,15527.0,2013,11,November
Denmark,2013M11,1956.0,2013,11,November
Finland,2013M11,578.0,2013,11,November
France,2013M11,1656.0,2013,11,November
Netherlands,2013M11,1034.0,2013,11,November
Italy,2013M11,656.0,2013,11,November
Japan,2013M11,1137.0,2013,11,November
Canada,2013M11,1730.0,2013,11,November
China,2013M11,595.0,2013,11,November
Norway,2013M11,2804.0,2013,11,November
Poland,2013M11,570.0,2013,11,November
Russia,2013M11,298.0,2013,11,November
Spain,2013M11,606.0,2013,11,November
Switzherland,2013M11,281.0,2013,11,November
Sweden,2013M11,1955.0,2013,11,November
Germany,2013M11,2367.0,2013,11,November
Other Countries,2013M11,5368.0,2013,11,November
Total Passengers,2013M12,66123.0,2013,12,December
Iceland,2013M12,24435.0,2013,12,December
Foreigners,2013M12,41688.0,2013,12,December
U.S.A.,2013M12,6001.0,2013,12,December
U.K.,2013M12,13644.0,2013,12,December
Denmark,2013M12,1525.0,2013,12,December
Finland,2013M12,644.0,2013,12,December
France,2013M12,1334.0,2013,12,December
Netherlands,2013M12,868.0,2013,12,December
Italy,2013M12,302.0,2013,12,December
Japan,2013M12,1301.0,2013,12,December
Canada,2013M12,1096.0,2013,12,December
China,2013M12,1998.0,2013,12,December
Norway,2013M12,1781.0,2013,12,December
Poland,2013M12,1838.0,2013,12,December
Russia,2013M12,191.0,2013,12,December
Spain,2013M12,517.0,2013,12,December
Switzherland,2013M12,200.0,2013,12,December
Sweden,2013M12,1251.0,2013,12,December
Germany,2013M12,1512.0,2013,12,December
Other Countries,2013M12,5685.0,2013,12,December
Total Passengers,2014M01,72201.0,2014,1,January
Iceland,2014M01,25551.0,2014,1,January
Foreigners,2014M01,46650.0,2014,1,January
U.S.A.,2014M01,6770.0,2014,1,January
U.K.,2014M01,16576.0,2014,1,January
Denmark,2014M01,1932.0,2014,1,January
Finland,2014M01,351.0,2014,1,January
France,2014M01,1981.0,2014,1,January
Netherlands,2014M01,953.0,2014,1,January
Italy,2014M01,350.0,2014,1,January
Japan,2014M01,1778.0,2014,1,January
Canada,2014M01,1020.0,2014,1,January
China,2014M01,1331.0,2014,1,January
Norway,2014M01,1982.0,2014,1,January
Poland,2014M01,678.0,2014,1,January
Russia,2014M01,600.0,2014,1,January
Spain,2014M01,500.0,2014,1,January
Switzherland,2014M01,376.0,2014,1,January
Sweden,2014M01,1760.0,2014,1,January
Germany,2014M01,2329.0,2014,1,January
Other Countries,2014M01,5383.0,2014,1,January
Total Passengers,2014M02,73710.0,2014,2,February
Iceland,2014M02,21261.0,2014,2,February
Foreigners,2014M02,52449.0,2014,2,February
U.S.A.,2014M02,6743.0,2014,2,February
U.K.,2014M02,22820.0,2014,2,February
Denmark,2014M02,1876.0,2014,2,February
Finland,2014M02,347.0,2014,2,February
France,2014M02,2498.0,2014,2,February
Netherlands,2014M02,1651.0,2014,2,February
Italy,2014M02,310.0,2014,2,February
Japan,2014M02,1290.0,2014,2,February
Canada,2014M02,1139.0,2014,2,February
China,2014M02,1158.0,2014,2,February
Norway,2014M02,2509.0,2014,2,February
Poland,2014M02,524.0,2014,2,February
Russia,2014M02,165.0,2014,2,February
Spain,2014M02,363.0,2014,2,February
Switzherland,2014M02,388.0,2014,2,February
Sweden,2014M02,1292.0,2014,2,February
Germany,2014M02,2140.0,2014,2,February
Other Countries,2014M02,5236.0,2014,2,February
Total Passengers,2014M03,90526.0,2014,3,March
Iceland,2014M03,24393.0,2014,3,March
Foreigners,2014M03,66133.0,2014,3,March
U.S.A.,2014M03,12217.0,2014,3,March
U.K.,2014M03,21093.0,2014,3,March
Denmark,2014M03,2769.0,2014,3,March
Finland,2014M03,783.0,2014,3,March
France,2014M03,2999.0,2014,3,March
Netherlands,2014M03,1857.0,2014,3,March
Italy,2014M03,604.0,2014,3,March
Japan,2014M03,1556.0,2014,3,March
Canada,2014M03,2304.0,2014,3,March
China,2014M03,991.0,2014,3,March
Norway,2014M03,3489.0,2014,3,March
Poland,2014M03,551.0,2014,3,March
Russia,2014M03,348.0,2014,3,March
Spain,2014M03,566.0,2014,3,March
Switzherland,2014M03,383.0,2014,3,March
Sweden,2014M03,1938.0,2014,3,March
Germany,2014M03,3410.0,2014,3,March
Other Countries,2014M03,8275.0,2014,3,March
Total Passengers,2014M04,94642.0,2014,4,April
Iceland,2014M04,35417.0,2014,4,April
Foreigners,2014M04,59225.0,2014,4,April
U.S.A.,2014M04,7691.0,2014,4,April
U.K.,2014M04,15661.0,2014,4,April
Denmark,2014M04,3477.0,2014,4,April
Finland,2014M04,1382.0,2014,4,April
France,2014M04,2345.0,2014,4,April
Netherlands,2014M04,1308.0,2014,4,April
Italy,2014M04,776.0,2014,4,April
Japan,2014M04,486.0,2014,4,April
Canada,2014M04,2835.0,2014,4,April
China,2014M04,1053.0,2014,4,April
Norway,2014M04,4908.0,2014,4,April
Poland,2014M04,1098.0,2014,4,April
Russia,2014M04,289.0,2014,4,April
Spain,2014M04,873.0,2014,4,April
Switzherland,2014M04,594.0,2014,4,April
Sweden,2014M04,3234.0,2014,4,April
Germany,2014M04,3508.0,2014,4,April
Other Countries,2014M04,7707.0,2014,4,April
Total Passengers,2014M05,103748.0,2014,5,May
Iceland,2014M05,37035.0,2014,5,May
Foreigners,2014M05,66713.0,2014,5,May
U.S.A.,2014M05,11495.0,2014,5,May
U.K.,2014M05,8280.0,2014,5,May
Denmark,2014M05,4116.0,2014,5,May
Finland,2014M05,1922.0,2014,5,May
France,2014M05,3656.0,2014,5,May
Netherlands,2014M05,1891.0,2014,5,May
Italy,2014M05,941.0,2014,5,May
Japan,2014M05,586.0,2014,5,May
Canada,2014M05,4020.0,2014,5,May
China,2014M05,1246.0,2014,5,May
Norway,2014M05,5587.0,2014,5,May
Poland,2014M05,1686.0,2014,5,May
Russia,2014M05,590.0,2014,5,May
Spain,2014M05,1045.0,2014,5,May
Switzherland,2014M05,884.0,2014,5,May
Sweden,2014M05,4264.0,2014,5,May
Germany,2014M05,4822.0,2014,5,May
Other Countries,2014M05,9682.0,2014,5,May
Total Passengers,2014M06,151765.0,2014,6,June
Iceland,2014M06,41163.0,2014,6,June
Foreigners,2014M06,110602.0,2014,6,June
U.S.A.,2014M06,21255.0,2014,6,June
U.K.,2014M06,9479.0,2014,6,June
Denmark,2014M06,4939.0,2014,6,June
Finland,2014M06,2086.0,2014,6,June
France,2014M06,7131.0,2014,6,June
Netherlands,2014M06,2904.0,2014,6,June
Italy,2014M06,2036.0,2014,6,June
Japan,2014M06,575.0,2014,6,June
Canada,2014M06,5347.0,2014,6,June
China,2014M06,3794.0,2014,6,June
Norway,2014M06,6281.0,2014,6,June
Poland,2014M06,3605.0,2014,6,June
Russia,2014M06,908.0,2014,6,June
Spain,2014M06,1801.0,2014,6,June
Switzherland,2014M06,2250.0,2014,6,June
Sweden,2014M06,5405.0,2014,6,June
Germany,2014M06,14035.0,2014,6,June
Other Countries,2014M06,16771.0,2014,6,June
Total Passengers,2014M07,184204.0,2014,7,July
Iceland,2014M07,39623.0,2014,7,July
Foreigners,2014M07,144581.0,2014,7,July
U.S.A.,2014M07,22998.0,2014,7,July
U.K.,2014M07,12641.0,2014,7,July
Denmark,2014M07,8567.0,2014,7,July
Finland,2014M07,2433.0,2014,7,July
France,2014M07,10771.0,2014,7,July
Netherlands,2014M07,4734.0,2014,7,July
Italy,2014M07,3825.0,2014,7,July
Japan,2014M07,696.0,2014,7,July
Canada,2014M07,5328.0,2014,7,July
China,2014M07,4312.0,2014,7,July
Norway,2014M07,6698.0,2014,7,July
Poland,2014M07,3863.0,2014,7,July
Russia,2014M07,1501.0,2014,7,July
Spain,2014M07,3804.0,2014,7,July
Switzherland,2014M07,5140.0,2014,7,July
Sweden,2014M07,6328.0,2014,7,July
Germany,2014M07,18059.0,2014,7,July
Other Countries,2014M07,22883.0,2014,7,July
Total Passengers,2014M08,190292.0,2014,8,August
Iceland,2014M08,36835.0,2014,8,August
Foreigners,2014M08,153457.0,2014,8,August
U.S.A.,2014M08,22513.0,2014,8,August
U.K.,2014M08,11156.0,2014,8,August
Denmark,2014M08,5855.0,2014,8,August
Finland,2014M08,1728.0,2014,8,August
France,2014M08,15083.0,2014,8,August
Netherlands,2014M08,4919.0,2014,8,August
Italy,2014M08,7783.0,2014,8,August
Japan,2014M08,1008.0,2014,8,August
Canada,2014M08,5534.0,2014,8,August
China,2014M08,4403.0,2014,8,August
Norway,2014M08,5871.0,2014,8,August
Poland,2014M08,2498.0,2014,8,August
Russia,2014M08,2031.0,2014,8,August
Spain,2014M08,7161.0,2014,8,August
Switzherland,2014M08,4742.0,2014,8,August
Sweden,2014M08,5856.0,2014,8,August
Germany,2014M08,19330.0,2014,8,August
Other Countries,2014M08,25986.0,2014,8,August
Total Passengers,2014M09,125699.0,2014,9,September
Iceland,2014M09,37410.0,2014,9,September
Foreigners,2014M09,88289.0,2014,9,September
U.S.A.,2014M09,15329.0,2014,9,September
U.K.,2014M09,9384.0,2014,9,September
Denmark,2014M09,5284.0,2014,9,September
Finland,2014M09,1692.0,2014,9,September
France,2014M09,4687.0,2014,9,September
Netherlands,2014M09,2241.0,2014,9,September
Italy,2014M09,1245.0,2014,9,September
Japan,2014M09,2117.0,2014,9,September
Canada,2014M09,4423.0,2014,9,September
China,2014M09,2022.0,2014,9,September
Norway,2014M09,5929.0,2014,9,September
Poland,2014M09,1795.0,2014,9,September
Russia,2014M09,666.0,2014,9,September
Spain,2014M09,2609.0,2014,9,September
Switzherland,2014M09,1948.0,2014,9,September
Sweden,2014M09,4251.0,2014,9,September
Germany,2014M09,9983.0,2014,9,September
Other Countries,2014M09,12684.0,2014,9,September
Total Passengers,2014M10,107278.0,2014,10,October
Iceland,2014M10,40762.0,2014,10,October
Foreigners,2014M10,66516.0,2014,10,October
U.S.A.,2014M10,8498.0,2014,10,October
U.K.,2014M10,16249.0,2014,10,October
Denmark,2014M10,4450.0,2014,10,October
Finland,2014M10,1357.0,2014,10,October
France,2014M10,2814.0,2014,10,October
Netherlands,2014M10,1675.0,2014,10,October
Italy,2014M10,643.0,2014,10,October
Japan,2014M10,897.0,2014,10,October
Canada,2014M10,2779.0,2014,10,October
China,2014M10,2016.0,2014,10,October
Norway,2014M10,5406.0,2014,10,October
Poland,2014M10,926.0,2014,10,October
Russia,2014M10,375.0,2014,10,October
Spain,2014M10,1039.0,2014,10,October
Switzherland,2014M10,1131.0,2014,10,October
Sweden,2014M10,2865.0,2014,10,October
Germany,2014M10,3306.0,2014,10,October
Other Countries,2014M10,10090.0,2014,10,October
Total Passengers,2014M11,93313.0,2014,11,November
Iceland,2014M11,32463.0,2014,11,November
Foreigners,2014M11,60850.0,2014,11,November
U.S.A.,2014M11,9735.0,2014,11,November
U.K.,2014M11,19638.0,2014,11,November
Denmark,2014M11,2884.0,2014,11,November
Finland,2014M11,736.0,2014,11,November
France,2014M11,2294.0,2014,11,November
Netherlands,2014M11,1179.0,2014,11,November
Italy,2014M11,819.0,2014,11,November
Japan,2014M11,1053.0,2014,11,November
Canada,2014M11,2630.0,2014,11,November
China,2014M11,858.0,2014,11,November
Norway,2014M11,3276.0,2014,11,November
Poland,2014M11,771.0,2014,11,November
Russia,2014M11,339.0,2014,11,November
Spain,2014M11,640.0,2014,11,November
Switzherland,2014M11,764.0,2014,11,November
Sweden,2014M11,2314.0,2014,11,November
Germany,2014M11,2941.0,2014,11,November
Other Countries,2014M11,7979.0,2014,11,November
Total Passengers,2014M12,81805.0,2014,12,December
Iceland,2014M12,28089.0,2014,12,December
Foreigners,2014M12,53716.0,2014,12,December
U.S.A.,2014M12,6860.0,2014,12,December
U.K.,2014M12,17526.0,2014,12,December
Denmark,2014M12,2088.0,2014,12,December
Finland,2014M12,598.0,2014,12,December
France,2014M12,2034.0,2014,12,December
Netherlands,2014M12,910.0,2014,12,December
Italy,2014M12,538.0,2014,12,December
Japan,2014M12,1298.0,2014,12,December
Canada,2014M12,1431.0,2014,12,December
China,2014M12,2853.0,2014,12,December
Norway,2014M12,1711.0,2014,12,December
Poland,2014M12,1964.0,2014,12,December
Russia,2014M12,152.0,2014,12,December
Spain,2014M12,531.0,2014,12,December
Switzherland,2014M12,715.0,2014,12,December
Sweden,2014M12,1485.0,2014,12,December
Germany,2014M12,2052.0,2014,12,December
Other Countries,2014M12,8970.0,2014,12,December
Total Passengers,2015M01,90089.0,2015,1,January
Iceland,2015M01,27330.0,2015,1,January
Foreigners,2015M01,62759.0,2015,1,January
U.S.A.,2015M01,9377.0,2015,1,January
U.K.,2015M01,21686.0,2015,1,January
Denmark,2015M01,2164.0,2015,1,January
Finland,2015M01,482.0,2015,1,January
France,2015M01,3206.0,2015,1,January
Netherlands,2015M01,1150.0,2015,1,January
Italy,2015M01,505.0,2015,1,January
Japan,2015M01,2129.0,2015,1,January
Canada,2015M01,1527.0,2015,1,January
China,2015M01,2149.0,2015,1,January
Norway,2015M01,1933.0,2015,1,January
Poland,2015M01,773.0,2015,1,January
Russia,2015M01,328.0,2015,1,January
Spain,2015M01,657.0,2015,1,January
Switzherland,2015M01,1116.0,2015,1,January
Sweden,2015M01,2027.0,2015,1,January
Germany,2015M01,2971.0,2015,1,January
Other Countries,2015M01,8579.0,2015,1,January
Total Passengers,2015M02,93878.0,2015,2,February
Iceland,2015M02,23400.0,2015,2,February
Foreigners,2015M02,70478.0,2015,2,February
U.S.A.,2015M02,9039.0,2015,2,February
U.K.,2015M02,29250.0,2015,2,February
Denmark,2015M02,2318.0,2015,2,February
Finland,2015M02,624.0,2015,2,February
France,2015M02,3695.0,2015,2,February
Netherlands,2015M02,1906.0,2015,2,February
Italy,2015M02,502.0,2015,2,February
Japan,2015M02,1793.0,2015,2,February
Canada,2015M02,1663.0,2015,2,February
China,2015M02,2107.0,2015,2,February
Norway,2015M02,2551.0,2015,2,February
Poland,2015M02,599.0,2015,2,February
Russia,2015M02,158.0,2015,2,February
Spain,2015M02,438.0,2015,2,February
Switzherland,2015M02,1118.0,2015,2,February
Sweden,2015M02,1628.0,2015,2,February
Germany,2015M02,3415.0,2015,2,February
Other Countries,2015M02,7674.0,2015,2,February
Total Passengers,2015M03,116577.0,2015,3,March
Iceland,2015M03,32722.0,2015,3,March
Foreigners,2015M03,83855.0,2015,3,March
U.S.A.,2015M03,14391.0,2015,3,March
U.K.,2015M03,28142.0,2015,3,March
Denmark,2015M03,3183.0,2015,3,March
Finland,2015M03,803.0,2015,3,March
France,2015M03,3951.0,2015,3,March
Netherlands,2015M03,1819.0,2015,3,March
Italy,2015M03,880.0,2015,3,March
Japan,2015M03,1632.0,2015,3,March
Canada,2015M03,2211.0,2015,3,March
China,2015M03,1862.0,2015,3,March
Norway,2015M03,3135.0,2015,3,March
Poland,2015M03,880.0,2015,3,March
Russia,2015M03,192.0,2015,3,March
Spain,2015M03,711.0,2015,3,March
Switzherland,2015M03,1035.0,2015,3,March
Sweden,2015M03,2292.0,2015,3,March
Germany,2015M03,5067.0,2015,3,March
Other Countries,2015M03,11669.0,2015,3,March
Total Passengers,2015M04,107482.0,2015,4,April
Iceland,2015M04,35874.0,2015,4,April
Foreigners,2015M04,71608.0,2015,4,April
U.S.A.,2015M04,10870.0,2015,4,April
U.K.,2015M04,18930.0,2015,4,April
Denmark,2015M04,4323.0,2015,4,April
Finland,2015M04,1342.0,2015,4,April
France,2015M04,2938.0,2015,4,April
Netherlands,2015M04,1105.0,2015,4,April
Italy,2015M04,809.0,2015,4,April
Japan,2015M04,659.0,2015,4,April
Canada,2015M04,2427.0,2015,4,April
China,2015M04,1690.0,2015,4,April
Norway,2015M04,4915.0,2015,4,April
Poland,2015M04,958.0,2015,4,April
Russia,2015M04,175.0,2015,4,April
Spain,2015M04,1442.0,2015,4,April
Switzherland,2015M04,1100.0,2015,4,April
Sweden,2015M04,3289.0,2015,4,April
Germany,2015M04,3722.0,2015,4,April
Other Countries,2015M04,10914.0,2015,4,April
Total Passengers,2015M05,132442.0,2015,5,May
Iceland,2015M05,41419.0,2015,5,May
Foreigners,2015M05,91023.0,2015,5,May
U.S.A.,2015M05,20267.0,2015,5,May
U.K.,2015M05,10717.0,2015,5,May
Denmark,2015M05,4025.0,2015,5,May
Finland,2015M05,1933.0,2015,5,May
France,2015M05,4607.0,2015,5,May
Netherlands,2015M05,2504.0,2015,5,May
Italy,2015M05,1328.0,2015,5,May
Japan,2015M05,570.0,2015,5,May
Canada,2015M05,4475.0,2015,5,May
China,2015M05,2294.0,2015,5,May
Norway,2015M05,5903.0,2015,5,May
Poland,2015M05,2408.0,2015,5,May
Russia,2015M05,406.0,2015,5,May
Spain,2015M05,1429.0,2015,5,May
Switzherland,2015M05,1354.0,2015,5,May
Sweden,2015M05,5181.0,2015,5,May
Germany,2015M05,6771.0,2015,5,May
Other Countries,2015M05,14851.0,2015,5,May
Total Passengers,2015M06,185104.0,2015,6,June
Iceland,2015M06,47790.0,2015,6,June
Foreigners,2015M06,137314.0,2015,6,June
U.S.A.,2015M06,33589.0,2015,6,June
U.K.,2015M06,11539.0,2015,6,June
Denmark,2015M06,4267.0,2015,6,June
Finland,2015M06,2102.0,2015,6,June
France,2015M06,7254.0,2015,6,June
Netherlands,2015M06,2929.0,2015,6,June
Italy,2015M06,2234.0,2015,6,June
Japan,2015M06,700.0,2015,6,June
Canada,2015M06,6355.0,2015,6,June
China,2015M06,6961.0,2015,6,June
Norway,2015M06,5640.0,2015,6,June
Poland,2015M06,3919.0,2015,6,June
Russia,2015M06,539.0,2015,6,June
Spain,2015M06,2136.0,2015,6,June
Switzherland,2015M06,3038.0,2015,6,June
Sweden,2015M06,4505.0,2015,6,June
Germany,2015M06,14458.0,2015,6,June
Other Countries,2015M06,25149.0,2015,6,June
Total Passengers,2015M07,225338.0,2015,7,July
Iceland,2015M07,44659.0,2015,7,July
Foreigners,2015M07,180679.0,2015,7,July
U.S.A.,2015M07,37235.0,2015,7,July
U.K.,2015M07,15601.0,2015,7,July
Denmark,2015M07,8514.0,2015,7,July
Finland,2015M07,1937.0,2015,7,July
France,2015M07,12074.0,2015,7,July
Netherlands,2015M07,5086.0,2015,7,July
Italy,2015M07,4504.0,2015,7,July
Japan,2015M07,715.0,2015,7,July
Canada,2015M07,7069.0,2015,7,July
China,2015M07,7483.0,2015,7,July
Norway,2015M07,6053.0,2015,7,July
Poland,2015M07,4915.0,2015,7,July
Russia,2015M07,898.0,2015,7,July
Spain,2015M07,5101.0,2015,7,July
Switzherland,2015M07,6460.0,2015,7,July
Sweden,2015M07,6191.0,2015,7,July
Germany,2015M07,20047.0,2015,7,July
Other Countries,2015M07,30796.0,2015,7,July
Total Passengers,2015M08,229319.0,2015,8,August
Iceland,2015M08,39889.0,2015,8,August
Foreigners,2015M08,189430.0,2015,8,August
U.S.A.,2015M08,36410.0,2015,8,August
U.K.,2015M08,15063.0,2015,8,August
Denmark,2015M08,6022.0,2015,8,August
Finland,2015M08,1947.0,2015,8,August
France,2015M08,16193.0,2015,8,August
Netherlands,2015M08,5592.0,2015,8,August
Italy,2015M08,9063.0,2015,8,August
Japan,2015M08,1098.0,2015,8,August
Canada,2015M08,6946.0,2015,8,August
China,2015M08,8101.0,2015,8,August
Norway,2015M08,5154.0,2015,8,August
Poland,2015M08,3645.0,2015,8,August
Russia,2015M08,989.0,2015,8,August
Spain,2015M08,9007.0,2015,8,August
Switzherland,2015M08,5516.0,2015,8,August
Sweden,2015M08,5851.0,2015,8,August
Germany,2015M08,23236.0,2015,8,August
Other Countries,2015M08,29597.0,2015,8,August
Total Passengers,2015M09,166891.0,2015,9,September
Iceland,2015M09,43851.0,2015,9,September
Foreigners,2015M09,123040.0,2015,9,September
U.S.A.,2015M09,27972.0,2015,9,September
U.K.,2015M09,12678.0,2015,9,September
Denmark,2015M09,4866.0,2015,9,September
Finland,2015M09,1831.0,2015,9,September
France,2015M09,5081.0,2015,9,September
Netherlands,2015M09,2725.0,2015,9,September
Italy,2015M09,1977.0,2015,9,September
Japan,2015M09,2527.0,2015,9,September
Canada,2015M09,6770.0,2015,9,September
China,2015M09,4364.0,2015,9,September
Norway,2015M09,5522.0,2015,9,September
Poland,2015M09,2663.0,2015,9,September
Russia,2015M09,475.0,2015,9,September
Spain,2015M09,3395.0,2015,9,September
Switzherland,2015M09,2760.0,2015,9,September
Sweden,2015M09,4513.0,2015,9,September
Germany,2015M09,12717.0,2015,9,September
Other Countries,2015M09,20204.0,2015,9,September
Total Passengers,2015M10,144026.0,2015,10,October
Iceland,2015M10,44740.0,2015,10,October
Foreigners,2015M10,99286.0,2015,10,October
U.S.A.,2015M10,16122.0,2015,10,October
U.K.,2015M10,24200.0,2015,10,October
Denmark,2015M10,4962.0,2015,10,October
Finland,2015M10,1658.0,2015,10,October
France,2015M10,2926.0,2015,10,October
Netherlands,2015M10,2105.0,2015,10,October
Italy,2015M10,933.0,2015,10,October
Japan,2015M10,1420.0,2015,10,October
Canada,2015M10,3559.0,2015,10,October
China,2015M10,4382.0,2015,10,October
Norway,2015M10,6248.0,2015,10,October
Poland,2015M10,2187.0,2015,10,October
Russia,2015M10,364.0,2015,10,October
Spain,2015M10,1591.0,2015,10,October
Switzherland,2015M10,1665.0,2015,10,October
Sweden,2015M10,3670.0,2015,10,October
Germany,2015M10,5784.0,2015,10,October
Other Countries,2015M10,15510.0,2015,10,October
Total Passengers,2015M11,117296.0,2015,11,November
Iceland,2015M11,35687.0,2015,11,November
Foreigners,2015M11,81609.0,2015,11,November
U.S.A.,2015M11,15320.0,2015,11,November
U.K.,2015M11,28943.0,2015,11,November
Denmark,2015M11,2933.0,2015,11,November
Finland,2015M11,781.0,2015,11,November
France,2015M11,2261.0,2015,11,November
Netherlands,2015M11,1539.0,2015,11,November
Italy,2015M11,710.0,2015,11,November
Japan,2015M11,1552.0,2015,11,November
Canada,2015M11,2254.0,2015,11,November
China,2015M11,1464.0,2015,11,November
Norway,2015M11,2945.0,2015,11,November
Poland,2015M11,1451.0,2015,11,November
Russia,2015M11,176.0,2015,11,November
Spain,2015M11,743.0,2015,11,November
Switzherland,2015M11,483.0,2015,11,November
Sweden,2015M11,2642.0,2015,11,November
Germany,2015M11,3117.0,2015,11,November
Other Countries,2015M11,12295.0,2015,11,November
Total Passengers,2015M12,103770.0,2015,12,December
Iceland,2015M12,32913.0,2015,12,December
Foreigners,2015M12,70857.0,2015,12,December
U.S.A.,2015M12,12213.0,2015,12,December
U.K.,2015M12,24275.0,2015,12,December
Denmark,2015M12,1648.0,2015,12,December
Finland,2015M12,581.0,2015,12,December
France,2015M12,1636.0,2015,12,December
Netherlands,2015M12,1086.0,2015,12,December
Italy,2015M12,372.0,2015,12,December
Japan,2015M12,1752.0,2015,12,December
Canada,2015M12,1398.0,2015,12,December
China,2015M12,4786.0,2015,12,December
Norway,2015M12,1403.0,2015,12,December
Poland,2015M12,2681.0,2015,12,December
Russia,2015M12,177.0,2015,12,December
Spain,2015M12,516.0,2015,12,December
Switzherland,2015M12,290.0,2015,12,December
Sweden,2015M12,1307.0,2015,12,December
Germany,2015M12,2079.0,2015,12,December
Other Countries,2015M12,12657.0,2015,12,December
Total Passengers,2016M01,107595.0,2016,1,January
Iceland,2016M01,30036.0,2016,1,January
Foreigners,2016M01,77559.0,2016,1,January
U.S.A.,2016M01,14428.0,2016,1,January
U.K.,2016M01,27521.0,2016,1,January
Denmark,2016M01,2063.0,2016,1,January
Finland,2016M01,498.0,2016,1,January
France,2016M01,2518.0,2016,1,January
Netherlands,2016M01,1346.0,2016,1,January
Italy,2016M01,556.0,2016,1,January
Japan,2016M01,1800.0,2016,1,January
Canada,2016M01,1569.0,2016,1,January
China,2016M01,3322.0,2016,1,January
Norway,2016M01,1940.0,2016,1,January
Poland,2016M01,1171.0,2016,1,January
Russia,2016M01,220.0,2016,1,January
Spain,2016M01,782.0,2016,1,January
Switzherland,2016M01,554.0,2016,1,January
Sweden,2016M01,1738.0,2016,1,January
Germany,2016M01,3268.0,2016,1,January
Other Countries,2016M01,12265.0,2016,1,January
Total Passengers,2016M02,129620.0,2016,2,February
Iceland,2016M02,28878.0,2016,2,February
Foreigners,2016M02,100742.0,2016,2,February
U.S.A.,2016M02,16339.0,2016,2,February
U.K.,2016M02,43123.0,2016,2,February
Denmark,2016M02,1761.0,2016,2,February
Finland,2016M02,551.0,2016,2,February
France,2016M02,3596.0,2016,2,February
Netherlands,2016M02,2012.0,2016,2,February
Italy,2016M02,630.0,2016,2,February
Japan,2016M02,2688.0,2016,2,February
Canada,2016M02,1611.0,2016,2,February
China,2016M02,4452.0,2016,2,February
Norway,2016M02,2238.0,2016,2,February
Poland,2016M02,1153.0,2016,2,February
Russia,2016M02,132.0,2016,2,February
Spain,2016M02,573.0,2016,2,February
Switzherland,2016M02,949.0,2016,2,February
Sweden,2016M02,1720.0,2016,2,February
Germany,2016M02,3733.0,2016,2,February
Other Countries,2016M02,13481.0,2016,2,February
Total Passengers,2016M03,156144.0,2016,3,March
Iceland,2016M03,40336.0,2016,3,March
Foreigners,2016M03,115808.0,2016,3,March
U.S.A.,2016M03,23587.0,2016,3,March
U.K.,2016M03,36530.0,2016,3,March
Denmark,2016M03,3265.0,2016,3,March
Finland,2016M03,1125.0,2016,3,March
France,2016M03,4483.0,2016,3,March
Netherlands,2016M03,2212.0,2016,3,March
Italy,2016M03,1110.0,2016,3,March
Japan,2016M03,2597.0,2016,3,March
Canada,2016M03,2601.0,2016,3,March
China,2016M03,3382.0,2016,3,March
Norway,2016M03,2996.0,2016,3,March
Poland,2016M03,1490.0,2016,3,March
Russia,2016M03,142.0,2016,3,March
Spain,2016M03,1663.0,2016,3,March
Switzherland,2016M03,1158.0,2016,3,March
Sweden,2016M03,2652.0,2016,3,March
Germany,2016M03,6099.0,2016,3,March
Other Countries,2016M03,18716.0,2016,3,March
Total Passengers,2016M04,133751.0,2016,4,April
Iceland,2016M04,38876.0,2016,4,April
Foreigners,2016M04,94875.0,2016,4,April
U.S.A.,2016M04,20186.0,2016,4,April
U.K.,2016M04,23990.0,2016,4,April
Denmark,2016M04,3955.0,2016,4,April
Finland,2016M04,1300.0,2016,4,April
France,2016M04,4170.0,2016,4,April
Netherlands,2016M04,1680.0,2016,4,April
Italy,2016M04,1023.0,2016,4,April
Japan,2016M04,555.0,2016,4,April
Canada,2016M04,2540.0,2016,4,April
China,2016M04,2005.0,2016,4,April
Norway,2016M04,4476.0,2016,4,April
Poland,2016M04,2055.0,2016,4,April
Russia,2016M04,200.0,2016,4,April
Spain,2016M04,980.0,2016,4,April
Switzherland,2016M04,1244.0,2016,4,April
Sweden,2016M04,3187.0,2016,4,April
Germany,2016M04,4318.0,2016,4,April
Other Countries,2016M04,17011.0,2016,4,April
Total Passengers,2016M05,170985.0,2016,5,May
Iceland,2016M05,46736.0,2016,5,May
Foreigners,2016M05,124249.0,2016,5,May
U.S.A.,2016M05,32563.0,2016,5,May
U.K.,2016M05,15860.0,2016,5,May
Denmark,2016M05,4519.0,2016,5,May
Finland,2016M05,2595.0,2016,5,May
France,2016M05,5629.0,2016,5,May
Netherlands,2016M05,3437.0,2016,5,May
Italy,2016M05,1196.0,2016,5,May
Japan,2016M05,737.0,2016,5,May
Canada,2016M05,7421.0,2016,5,May
China,2016M05,2475.0,2016,5,May
Norway,2016M05,6475.0,2016,5,May
Poland,2016M05,3326.0,2016,5,May
Russia,2016M05,475.0,2016,5,May
Spain,2016M05,1538.0,2016,5,May
Switzherland,2016M05,1591.0,2016,5,May
Sweden,2016M05,6069.0,2016,5,May
Germany,2016M05,9641.0,2016,5,May
Other Countries,2016M05,18702.0,2016,5,May
Total Passengers,2016M06,253613.0,2016,6,June
Iceland,2016M06,67075.0,2016,6,June
Foreigners,2016M06,186538.0,2016,6,June
U.S.A.,2016M06,55510.0,2016,6,June
U.K.,2016M06,16189.0,2016,6,June
Denmark,2016M06,4560.0,2016,6,June
Finland,2016M06,2576.0,2016,6,June
France,2016M06,9234.0,2016,6,June
Netherlands,2016M06,3971.0,2016,6,June
Italy,2016M06,3158.0,2016,6,June
Japan,2016M06,835.0,2016,6,June
Canada,2016M06,13087.0,2016,6,June
China,2016M06,7850.0,2016,6,June
Norway,2016M06,5643.0,2016,6,June
Poland,2016M06,5210.0,2016,6,June
Russia,2016M06,803.0,2016,6,June
Spain,2016M06,2887.0,2016,6,June
Switzherland,2016M06,3213.0,2016,6,June
Sweden,2016M06,6750.0,2016,6,June
Germany,2016M06,17433.0,2016,6,June
Other Countries,2016M06,27629.0,2016,6,June
Total Passengers,2016M07,291517.0,2016,7,July
Iceland,2016M07,55501.0,2016,7,July
Foreigners,2016M07,236016.0,2016,7,July
U.S.A.,2016M07,60607.0,2016,7,July
U.K.,2016M07,18162.0,2016,7,July
Denmark,2016M07,8982.0,2016,7,July
Finland,2016M07,2578.0,2016,7,July
France,2016M07,14508.0,2016,7,July
Netherlands,2016M07,5900.0,2016,7,July
Italy,2016M07,5439.0,2016,7,July
Japan,2016M07,1028.0,2016,7,July
Canada,2016M07,12305.0,2016,7,July
China,2016M07,8382.0,2016,7,July
Norway,2016M07,6276.0,2016,7,July
Poland,2016M07,6101.0,2016,7,July
Russia,2016M07,1104.0,2016,7,July
Spain,2016M07,6882.0,2016,7,July
Switzherland,2016M07,7256.0,2016,7,July
Sweden,2016M07,9073.0,2016,7,July
Germany,2016M07,25203.0,2016,7,July
Other Countries,2016M07,36230.0,2016,7,July
Total Passengers,2016M08,285785.0,2016,8,August
Iceland,2016M08,44226.0,2016,8,August
Foreigners,2016M08,241559.0,2016,8,August
U.S.A.,2016M08,56924.0,2016,8,August
U.K.,2016M08,17558.0,2016,8,August
Denmark,2016M08,5792.0,2016,8,August
Finland,2016M08,1933.0,2016,8,August
France,2016M08,20844.0,2016,8,August
Netherlands,2016M08,6596.0,2016,8,August
Italy,2016M08,11424.0,2016,8,August
Japan,2016M08,1869.0,2016,8,August
Canada,2016M08,11955.0,2016,8,August
China,2016M08,9938.0,2016,8,August
Norway,2016M08,5591.0,2016,8,August
Poland,2016M08,4525.0,2016,8,August
Russia,2016M08,1372.0,2016,8,August
Spain,2016M08,11010.0,2016,8,August
Switzherland,2016M08,6090.0,2016,8,August
Sweden,2016M08,7435.0,2016,8,August
Germany,2016M08,26872.0,2016,8,August
Other Countries,2016M08,33831.0,2016,8,August
Total Passengers,2016M09,223424.0,2016,9,September
Iceland,2016M09,48089.0,2016,9,September
Foreigners,2016M09,175335.0,2016,9,September
U.S.A.,2016M09,45378.0,2016,9,September
U.K.,2016M09,16274.0,2016,9,September
Denmark,2016M09,5308.0,2016,9,September
Finland,2016M09,2150.0,2016,9,September
France,2016M09,7213.0,2016,9,September
Netherlands,2016M09,3737.0,2016,9,September
Italy,2016M09,2868.0,2016,9,September
Japan,2016M09,3059.0,2016,9,September
Canada,2016M09,10845.0,2016,9,September
China,2016M09,6118.0,2016,9,September
Norway,2016M09,5114.0,2016,9,September
Poland,2016M09,3819.0,2016,9,September
Russia,2016M09,633.0,2016,9,September
Spain,2016M09,5153.0,2016,9,September
Switzherland,2016M09,2879.0,2016,9,September
Sweden,2016M09,5791.0,2016,9,September
Germany,2016M09,16849.0,2016,9,September
Other Countries,2016M09,32147.0,2016,9,September
Total Passengers,2016M10,208622.0,2016,10,October
Iceland,2016M10,50080.0,2016,10,October
Foreigners,2016M10,158542.0,2016,10,October
U.S.A.,2016M10,34756.0,2016,10,October
U.K.,2016M10,31205.0,2016,10,October
Denmark,2016M10,5362.0,2016,10,October
Finland,2016M10,2897.0,2016,10,October
France,2016M10,5318.0,2016,10,October
Netherlands,2016M10,3468.0,2016,10,October
Italy,2016M10,1467.0,2016,10,October
Japan,2016M10,2377.0,2016,10,October
Canada,2016M10,9943.0,2016,10,October
China,2016M10,6474.0,2016,10,October
Norway,2016M10,5838.0,2016,10,October
Poland,2016M10,3412.0,2016,10,October
Russia,2016M10,467.0,2016,10,October
Spain,2016M10,2652.0,2016,10,October
Switzherland,2016M10,2508.0,2016,10,October
Sweden,2016M10,4745.0,2016,10,October
Germany,2016M10,9480.0,2016,10,October
Other Countries,2016M10,26173.0,2016,10,October
Total Passengers,2016M11,176860.0,2016,11,November
Iceland,2016M11,45137.0,2016,11,November
Foreigners,2016M11,131723.0,2016,11,November
U.S.A.,2016M11,30580.0,2016,11,November
U.K.,2016M11,36594.0,2016,11,November
Denmark,2016M11,2588.0,2016,11,November
Finland,2016M11,905.0,2016,11,November
France,2016M11,3884.0,2016,11,November
Netherlands,2016M11,2471.0,2016,11,November
Italy,2016M11,1560.0,2016,11,November
Japan,2016M11,2406.0,2016,11,November
Canada,2016M11,5465.0,2016,11,November
China,2016M11,2935.0,2016,11,November
Norway,2016M11,2804.0,2016,11,November
Poland,2016M11,2867.0,2016,11,November
Russia,2016M11,487.0,2016,11,November
Spain,2016M11,2423.0,2016,11,November
Switzherland,2016M11,660.0,2016,11,November
Sweden,2016M11,3507.0,2016,11,November
Germany,2016M11,5864.0,2016,11,November
Other Countries,2016M11,23723.0,2016,11,November
Total Passengers,2016M12,166067.0,2016,12,December
Iceland,2016M12,41287.0,2016,12,December
Foreigners,2016M12,124780.0,2016,12,December
U.S.A.,2016M12,24429.0,2016,12,December
U.K.,2016M12,33389.0,2016,12,December
Denmark,2016M12,1796.0,2016,12,December
Finland,2016M12,787.0,2016,12,December
France,2016M12,3824.0,2016,12,December
Netherlands,2016M12,2268.0,2016,12,December
Italy,2016M12,1142.0,2016,12,December
Japan,2016M12,2420.0,2016,12,December
Canada,2016M12,3802.0,2016,12,December
China,2016M12,9448.0,2016,12,December
Norway,2016M12,1621.0,2016,12,December
Poland,2016M12,4484.0,2016,12,December
Russia,2016M12,285.0,2016,12,December
Spain,2016M12,2640.0,2016,12,December
Switzherland,2016M12,580.0,2016,12,December
Sweden,2016M12,1848.0,2016,12,December
Germany,2016M12,4029.0,2016,12,December
Other Countries,2016M12,25988.0,2016,12,December
Total Passengers,2017M01,173290.0,2017,1,January
Iceland,2017M01,37291.0,2017,1,January
Foreigners,2017M01,135999.0,2017,1,January
U.S.A.,2017M01,31009.0,2017,1,January
U.K.,2017M01,38357.0,2017,1,January
Denmark,2017M01,2074.0,2017,1,January
Finland,2017M01,666.0,2017,1,January
France,2017M01,4457.0,2017,1,January
Netherlands,2017M01,2953.0,2017,1,January
Italy,2017M01,1611.0,2017,1,January
Japan,2017M01,3246.0,2017,1,January
Canada,2017M01,4199.0,2017,1,January
China,2017M01,7278.0,2017,1,January
Norway,2017M01,1922.0,2017,1,January
Poland,2017M01,2555.0,2017,1,January
Russia,2017M01,425.0,2017,1,January
Spain,2017M01,2502.0,2017,1,January
Switzherland,2017M01,937.0,2017,1,January
Sweden,2017M01,2567.0,2017,1,January
Germany,2017M01,6002.0,2017,1,January
Other Countries,2017M01,23239.0,2017,1,January
Total Passengers,2017M02,183504.0,2017,2,February
Iceland,2017M02,35161.0,2017,2,February
Foreigners,2017M02,148343.0,2017,2,February
U.S.A.,2017M02,28913.0,2017,2,February
U.K.,2017M02,47321.0,2017,2,February
Denmark,2017M02,2412.0,2017,2,February
Finland,2017M02,652.0,2017,2,February
France,2017M02,6638.0,2017,2,February
Netherlands,2017M02,3056.0,2017,2,February
Italy,2017M02,1698.0,2017,2,February
Japan,2017M02,2698.0,2017,2,February
Canada,2017M02,4929.0,2017,2,February
China,2017M02,8407.0,2017,2,February
Norway,2017M02,2114.0,2017,2,February
Poland,2017M02,2873.0,2017,2,February
Russia,2017M02,367.0,2017,2,February
Spain,2017M02,2463.0,2017,2,February
Switzherland,2017M02,1331.0,2017,2,February
Sweden,2017M02,2027.0,2017,2,February
Germany,2017M02,6542.0,2017,2,February
Other Countries,2017M02,23902.0,2017,2,February
Total Passengers,2017M03,208683.0,2017,3,March
Iceland,2017M03,40877.0,2017,3,March
Foreigners,2017M03,167806.0,2017,3,March
U.S.A.,2017M03,42978.0,2017,3,March
U.K.,2017M03,38687.0,2017,3,March
Denmark,2017M03,3392.0,2017,3,March
Finland,2017M03,1123.0,2017,3,March
France,2017M03,5938.0,2017,3,March
Netherlands,2017M03,3835.0,2017,3,March
Italy,2017M03,3002.0,2017,3,March
Japan,2017M03,2848.0,2017,3,March
Canada,2017M03,7346.0,2017,3,March
China,2017M03,5204.0,2017,3,March
Norway,2017M03,3009.0,2017,3,March
Poland,2017M03,3697.0,2017,3,March
Russia,2017M03,479.0,2017,3,March
Spain,2017M03,3667.0,2017,3,March
Switzherland,2017M03,1306.0,2017,3,March
Sweden,2017M03,2683.0,2017,3,March
Germany,2017M03,9916.0,2017,3,March
Other Countries,2017M03,28696.0,2017,3,March
Total Passengers,2017M04,215741.0,2017,4,April
Iceland,2017M04,62173.0,2017,4,April
Foreigners,2017M04,153568.0,2017,4,April
U.S.A.,2017M04,40388.0,2017,4,April
U.K.,2017M04,27817.0,2017,4,April
Denmark,2017M04,5026.0,2017,4,April
Finland,2017M04,2537.0,2017,4,April
France,2017M04,6739.0,2017,4,April
Netherlands,2017M04,3686.0,2017,4,April
Italy,2017M04,2266.0,2017,4,April
Japan,2017M04,836.0,2017,4,April
Canada,2017M04,6014.0,2017,4,April
China,2017M04,3560.0,2017,4,April
Norway,2017M04,4611.0,2017,4,April
Poland,2017M04,4150.0,2017,4,April
Russia,2017M04,561.0,2017,4,April
Spain,2017M04,3172.0,2017,4,April
Switzherland,2017M04,2021.0,2017,4,April
Sweden,2017M04,4638.0,2017,4,April
Germany,2017M04,9299.0,2017,4,April
Other Countries,2017M04,26247.0,2017,4,April
Total Passengers,2017M05,197260.0,2017,5,May
Iceland,2017M05,51280.0,2017,5,May
Foreigners,2017M05,145980.0,2017,5,May
U.S.A.,2017M05,43626.0,2017,5,May
U.K.,2017M05,11363.0,2017,5,May
Denmark,2017M05,4517.0,2017,5,May
Finland,2017M05,3097.0,2017,5,May
France,2017M05,7574.0,2017,5,May
Netherlands,2017M05,4271.0,2017,5,May
Italy,2017M05,1695.0,2017,5,May
Japan,2017M05,767.0,2017,5,May
Canada,2017M05,9079.0,2017,5,May
China,2017M05,3827.0,2017,5,May
Norway,2017M05,5437.0,2017,5,May
Poland,2017M05,5017.0,2017,5,May
Russia,2017M05,965.0,2017,5,May
Spain,2017M05,2618.0,2017,5,May
Switzherland,2017M05,1686.0,2017,5,May
Sweden,2017M05,6129.0,2017,5,May
Germany,2017M05,10727.0,2017,5,May
Other Countries,2017M05,23585.0,2017,5,May
Total Passengers,2017M06,284079.0,2017,6,June
Iceland,2017M06,62234.0,2017,6,June
Foreigners,2017M06,221845.0,2017,6,June
Austria,2017M06,2074.0,2017,6,June
Australia / New Zealand,2017M06,3624.0,2017,6,June
U.S.A.,2017M06,71949.0,2017,6,June
Belgium,2017M06,2158.0,2017,6,June
U.K.,2017M06,13878.0,2017,6,June
Denmark,2017M06,5194.0,2017,6,June
Estonia / Latvia / Lithuania,2017M06,2581.0,2017,6,June
Finland,2017M06,3602.0,2017,6,June
France,2017M06,11082.0,2017,6,June
Netherlands,2017M06,4564.0,2017,6,June
Hong Kong,2017M06,1346.0,2017,6,June
India,2017M06,1787.0,2017,6,June
Ireland,2017M06,1430.0,2017,6,June
Israel,2017M06,450.0,2017,6,June
Italy,2017M06,3332.0,2017,6,June
Japan,2017M06,805.0,2017,6,June
Canada,2017M06,12612.0,2017,6,June
China,2017M06,8530.0,2017,6,June
Norway,2017M06,5330.0,2017,6,June
Poland,2017M06,7026.0,2017,6,June
Russia,2017M06,1203.0,2017,6,June
Singapore,2017M06,1218.0,2017,6,June
Spain,2017M06,4259.0,2017,6,June
Sourh Korea,2017M06,1004.0,2017,6,June
Switzherland,2017M06,3335.0,2017,6,June
Sweden,2017M06,7788.0,2017,6,June
Taiwan,2017M06,3781.0,2017,6,June
Germany,2017M06,21607.0,2017,6,June
Other Countries,2017M06,14296.0,2017,6,June
Total Passengers,2017M07,334403.0,2017,7,July
Iceland,2017M07,62483.0,2017,7,July
Foreigners,2017M07,271920.0,2017,7,July
Austria,2017M07,3807.0,2017,7,July
Australia / New Zealand,2017M07,4499.0,2017,7,July
U.S.A.,2017M07,80622.0,2017,7,July
Belgium,2017M07,4750.0,2017,7,July
U.K.,2017M07,16551.0,2017,7,July
Denmark,2017M07,8817.0,2017,7,July
Estonia / Latvia / Lithuania,2017M07,3363.0,2017,7,July
Finland,2017M07,3326.0,2017,7,July
France,2017M07,15137.0,2017,7,July
Netherlands,2017M07,6138.0,2017,7,July
Hong Kong,2017M07,1359.0,2017,7,July
India,2017M07,1664.0,2017,7,July
Ireland,2017M07,1431.0,2017,7,July
Israel,2017M07,1697.0,2017,7,July
Italy,2017M07,6014.0,2017,7,July
Japan,2017M07,1007.0,2017,7,July
Canada,2017M07,13830.0,2017,7,July
China,2017M07,9617.0,2017,7,July
Norway,2017M07,6439.0,2017,7,July
Poland,2017M07,8618.0,2017,7,July
Russia,2017M07,2082.0,2017,7,July
Singapore,2017M07,622.0,2017,7,July
Spain,2017M07,8187.0,2017,7,July
Sourh Korea,2017M07,1491.0,2017,7,July
Switzherland,2017M07,6437.0,2017,7,July
Sweden,2017M07,8670.0,2017,7,July
Taiwan,2017M07,3532.0,2017,7,July
Germany,2017M07,25620.0,2017,7,July
Other Countries,2017M07,16593.0,2017,7,July
Total Passengers,2017M08,337856.0,2017,8,August
Iceland,2017M08,53732.0,2017,8,August
Foreigners,2017M08,284124.0,2017,8,August
Austria,2017M08,3931.0,2017,8,August
Australia / New Zealand,2017M08,4280.0,2017,8,August
U.S.A.,2017M08,74604.0,2017,8,August
Belgium,2017M08,3677.0,2017,8,August
U.K.,2017M08,16179.0,2017,8,August
Denmark,2017M08,6280.0,2017,8,August
Estonia / Latvia / Lithuania,2017M08,2927.0,2017,8,August
Finland,2017M08,2518.0,2017,8,August
France,2017M08,20440.0,2017,8,August
Netherlands,2017M08,7952.0,2017,8,August
Hong Kong,2017M08,1569.0,2017,8,August
India,2017M08,1494.0,2017,8,August
Ireland,2017M08,1830.0,2017,8,August
Israel,2017M08,1875.0,2017,8,August
Italy,2017M08,12745.0,2017,8,August
Japan,2017M08,2018.0,2017,8,August
Canada,2017M08,15442.0,2017,8,August
China,2017M08,12273.0,2017,8,August
Norway,2017M08,4880.0,2017,8,August
Poland,2017M08,7092.0,2017,8,August
Russia,2017M08,2531.0,2017,8,August
Singapore,2017M08,649.0,2017,8,August
Spain,2017M08,13089.0,2017,8,August
Sourh Korea,2017M08,2287.0,2017,8,August
Switzherland,2017M08,6237.0,2017,8,August
Sweden,2017M08,7101.0,2017,8,August
Taiwan,2017M08,2436.0,2017,8,August
Germany,2017M08,27933.0,2017,8,August
Other Countries,2017M08,17855.0,2017,8,August
Total Passengers,2017M09,261061.0,2017,9,September
Iceland,2017M09,57175.0,2017,9,September
Foreigners,2017M09,203886.0,2017,9,September
Austria,2017M09,1616.0,2017,9,September
Australia / New Zealand,2017M09,4188.0,2017,9,September
U.S.A.,2017M09,57315.0,2017,9,September
Belgium,2017M09,2352.0,2017,9,September
U.K.,2017M09,15779.0,2017,9,September
Denmark,2017M09,5507.0,2017,9,September
Estonia / Latvia / Lithuania,2017M09,2263.0,2017,9,September
Finland,2017M09,2417.0,2017,9,September
France,2017M09,8380.0,2017,9,September
Netherlands,2017M09,4326.0,2017,9,September
Hong Kong,2017M09,1486.0,2017,9,September
India,2017M09,1717.0,2017,9,September
Ireland,2017M09,1193.0,2017,9,September
Israel,2017M09,1155.0,2017,9,September
Italy,2017M09,3190.0,2017,9,September
Japan,2017M09,2547.0,2017,9,September
Canada,2017M09,12353.0,2017,9,September
China,2017M09,6447.0,2017,9,September
Norway,2017M09,4919.0,2017,9,September
Poland,2017M09,6661.0,2017,9,September
Russia,2017M09,1462.0,2017,9,September
Singapore,2017M09,1065.0,2017,9,September
Spain,2017M09,7614.0,2017,9,September
Sourh Korea,2017M09,1019.0,2017,9,September
Switzherland,2017M09,3063.0,2017,9,September
Sweden,2017M09,5457.0,2017,9,September
Taiwan,2017M09,2642.0,2017,9,September
Germany,2017M09,17624.0,2017,9,September
Other Countries,2017M09,18129.0,2017,9,September
Total Passengers,2017M10,241219.0,2017,10,October
Iceland,2017M10,59300.0,2017,10,October
Foreigners,2017M10,181919.0,2017,10,October
Austria,2017M10,758.0,2017,10,October
Australia / New Zealand,2017M10,3671.0,2017,10,October
U.S.A.,2017M10,44969.0,2017,10,October
Belgium,2017M10,960.0,2017,10,October
U.K.,2017M10,26862.0,2017,10,October
Denmark,2017M10,5068.0,2017,10,October
Estonia / Latvia / Lithuania,2017M10,2478.0,2017,10,October
Finland,2017M10,2306.0,2017,10,October
France,2017M10,5609.0,2017,10,October
Netherlands,2017M10,3806.0,2017,10,October
Hong Kong,2017M10,1635.0,2017,10,October
India,2017M10,1979.0,2017,10,October
Ireland,2017M10,3069.0,2017,10,October
Israel,2017M10,1367.0,2017,10,October
Italy,2017M10,1618.0,2017,10,October
Japan,2017M10,1978.0,2017,10,October
Canada,2017M10,8575.0,2017,10,October
China,2017M10,7756.0,2017,10,October
Norway,2017M10,5061.0,2017,10,October
Poland,2017M10,6338.0,2017,10,October
Russia,2017M10,798.0,2017,10,October
Singapore,2017M10,1223.0,2017,10,October
Spain,2017M10,3828.0,2017,10,October
Sourh Korea,2017M10,2427.0,2017,10,October
Switzherland,2017M10,2463.0,2017,10,October
Sweden,2017M10,4025.0,2017,10,October
Taiwan,2017M10,5671.0,2017,10,October
Germany,2017M10,10128.0,2017,10,October
Other Countries,2017M10,15493.0,2017,10,October
Total Passengers,2017M11,196566.0,2017,11,November
Iceland,2017M11,51925.0,2017,11,November
Foreigners,2017M11,144641.0,2017,11,November
Austria,2017M11,551.0,2017,11,November
Australia / New Zealand,2017M11,2591.0,2017,11,November
U.S.A.,2017M11,33629.0,2017,11,November
Belgium,2017M11,1099.0,2017,11,November
U.K.,2017M11,36378.0,2017,11,November
Denmark,2017M11,2615.0,2017,11,November
Estonia / Latvia / Lithuania,2017M11,2042.0,2017,11,November
Finland,2017M11,913.0,2017,11,November
France,2017M11,4635.0,2017,11,November
Netherlands,2017M11,2464.0,2017,11,November
Hong Kong,2017M11,1136.0,2017,11,November
India,2017M11,1065.0,2017,11,November
Ireland,2017M11,3440.0,2017,11,November
Israel,2017M11,218.0,2017,11,November
Italy,2017M11,1998.0,2017,11,November
Japan,2017M11,1783.0,2017,11,November
Canada,2017M11,5253.0,2017,11,November
China,2017M11,2916.0,2017,11,November
Norway,2017M11,2595.0,2017,11,November
Poland,2017M11,5278.0,2017,11,November
Russia,2017M11,617.0,2017,11,November
Singapore,2017M11,1236.0,2017,11,November
Spain,2017M11,3265.0,2017,11,November
Sourh Korea,2017M11,1348.0,2017,11,November
Switzherland,2017M11,746.0,2017,11,November
Sweden,2017M11,3154.0,2017,11,November
Taiwan,2017M11,2039.0,2017,11,November
Germany,2017M11,6307.0,2017,11,November
Other Countries,2017M11,13330.0,2017,11,November
Total Passengers,2017M12,180561.0,2017,12,December
Iceland,2017M12,45321.0,2017,12,December
Foreigners,2017M12,135240.0,2017,12,December
Austria,2017M12,398.0,2017,12,December
Australia / New Zealand,2017M12,3307.0,2017,12,December
U.S.A.,2017M12,26401.0,2017,12,December
Belgium,2017M12,750.0,2017,12,December
U.K.,2017M12,33371.0,2017,12,December
Denmark,2017M12,2338.0,2017,12,December
Estonia / Latvia / Lithuania,2017M12,2837.0,2017,12,December
Finland,2017M12,911.0,2017,12,December
France,2017M12,3745.0,2017,12,December
Netherlands,2017M12,2113.0,2017,12,December
Hong Kong,2017M12,1370.0,2017,12,December
India,2017M12,1238.0,2017,12,December
Ireland,2017M12,1771.0,2017,12,December
Israel,2017M12,183.0,2017,12,December
Italy,2017M12,1696.0,2017,12,December
Japan,2017M12,1864.0,2017,12,December
Canada,2017M12,3394.0,2017,12,December
China,2017M12,10188.0,2017,12,December
Norway,2017M12,1641.0,2017,12,December
Poland,2017M12,6994.0,2017,12,December
Russia,2017M12,329.0,2017,12,December
Singapore,2017M12,1988.0,2017,12,December
Spain,2017M12,3307.0,2017,12,December
Sourh Korea,2017M12,1614.0,2017,12,December
Switzherland,2017M12,604.0,2017,12,December
Sweden,2017M12,1990.0,2017,12,December
Taiwan,2017M12,1364.0,2017,12,December
Germany,2017M12,4108.0,2017,12,December
Other Countries,2017M12,13426.0,2017,12,December
Total Passengers,2018M01,186636.0,2018,1,January
Iceland,2018M01,39067.0,2018,1,January
Foreigners,2018M01,147569.0,2018,1,January
Austria,2018M01,552.0,2018,1,January
Australia / New Zealand,2018M01,4063.0,2018,1,January
U.S.A.,2018M01,33501.0,2018,1,January
Belgium,2018M01,1090.0,2018,1,January
U.K.,2018M01,37999.0,2018,1,January
Denmark,2018M01,2671.0,2018,1,January
Estonia / Latvia / Lithuania,2018M01,1713.0,2018,1,January
Finland,2018M01,793.0,2018,1,January
France,2018M01,5446.0,2018,1,January
Netherlands,2018M01,2609.0,2018,1,January
Hong Kong,2018M01,1128.0,2018,1,January
India,2018M01,867.0,2018,1,January
Ireland,2018M01,2670.0,2018,1,January
Israel,2018M01,128.0,2018,1,January
Italy,2018M01,2073.0,2018,1,January
Japan,2018M01,2495.0,2018,1,January
Canada,2018M01,3938.0,2018,1,January
China,2018M01,6526.0,2018,1,January
Norway,2018M01,1943.0,2018,1,January
Poland,2018M01,5511.0,2018,1,January
Russia,2018M01,639.0,2018,1,January
Singapore,2018M01,606.0,2018,1,January
Spain,2018M01,3071.0,2018,1,January
Sourh Korea,2018M01,1842.0,2018,1,January
Switzherland,2018M01,938.0,2018,1,January
Sweden,2018M01,2296.0,2018,1,January
Taiwan,2018M01,1615.0,2018,1,January
Germany,2018M01,6168.0,2018,1,January
Other Countries,2018M01,12678.0,2018,1,January
Total Passengers,2018M02,200300.0,2018,2,February
Iceland,2018M02,40222.0,2018,2,February
Foreigners,2018M02,160078.0,2018,2,February
Austria,2018M02,784.0,2018,2,February
Australia / New Zealand,2018M02,2239.0,2018,2,February
U.S.A.,2018M02,30526.0,2018,2,February
Belgium,2018M02,1465.0,2018,2,February
U.K.,2018M02,46931.0,2018,2,February
Denmark,2018M02,2886.0,2018,2,February
Estonia / Latvia / Lithuania,2018M02,1968.0,2018,2,February
Finland,2018M02,991.0,2018,2,February
France,2018M02,6699.0,2018,2,February
Netherlands,2018M02,2652.0,2018,2,February
Hong Kong,2018M02,1542.0,2018,2,February
India,2018M02,949.0,2018,2,February
Ireland,2018M02,3109.0,2018,2,February
Israel,2018M02,200.0,2018,2,February
Italy,2018M02,2315.0,2018,2,February
Japan,2018M02,2396.0,2018,2,February
Canada,2018M02,4018.0,2018,2,February
China,2018M02,8587.0,2018,2,February
Norway,2018M02,2334.0,2018,2,February
Poland,2018M02,5958.0,2018,2,February
Russia,2018M02,564.0,2018,2,February
Singapore,2018M02,680.0,2018,2,February
Spain,2018M02,3587.0,2018,2,February
Sourh Korea,2018M02,1447.0,2018,2,February
Switzherland,2018M02,1196.0,2018,2,February
Sweden,2018M02,1914.0,2018,2,February
Taiwan,2018M02,3006.0,2018,2,February
Germany,2018M02,6885.0,2018,2,February
Other Countries,2018M02,12250.0,2018,2,February
Total Passengers,2018M03,229828.0,2018,3,March
Iceland,2018M03,56767.0,2018,3,March
Foreigners,2018M03,173061.0,2018,3,March
Austria,2018M03,756.0,2018,3,March
Australia / New Zealand,2018M03,2206.0,2018,3,March
U.S.A.,2018M03,41904.0,2018,3,March
Belgium,2018M03,1089.0,2018,3,March
U.K.,2018M03,35044.0,2018,3,March
Denmark,2018M03,4401.0,2018,3,March
Estonia / Latvia / Lithuania,2018M03,2644.0,2018,3,March
Finland,2018M03,1175.0,2018,3,March
France,2018M03,8241.0,2018,3,March
Netherlands,2018M03,3516.0,2018,3,March
Hong Kong,2018M03,1709.0,2018,3,March
India,2018M03,1245.0,2018,3,March
Ireland,2018M03,2934.0,2018,3,March
Israel,2018M03,214.0,2018,3,March
Italy,2018M03,4163.0,2018,3,March
Japan,2018M03,1864.0,2018,3,March
Canada,2018M03,6177.0,2018,3,March
China,2018M03,4169.0,2018,3,March
Norway,2018M03,2919.0,2018,3,March
Poland,2018M03,6845.0,2018,3,March
Russia,2018M03,762.0,2018,3,March
Singapore,2018M03,1096.0,2018,3,March
Spain,2018M03,4281.0,2018,3,March
Sourh Korea,2018M03,1130.0,2018,3,March
Switzherland,2018M03,1126.0,2018,3,March
Sweden,2018M03,2745.0,2018,3,March
Taiwan,2018M03,3257.0,2018,3,March
Germany,2018M03,9174.0,2018,3,March
Other Countries,2018M03,16275.0,2018,3,March
Total Passengers,2018M04,200324.0,2018,4,April
Iceland,2018M04,52773.0,2018,4,April
Foreigners,2018M04,147551.0,2018,4,April
Austria,2018M04,761.0,2018,4,April
Australia / New Zealand,2018M04,2125.0,2018,4,April
U.S.A.,2018M04,36274.0,2018,4,April
Belgium,2018M04,1413.0,2018,4,April
U.K.,2018M04,22841.0,2018,4,April
Denmark,2018M04,4847.0,2018,4,April
Estonia / Latvia / Lithuania,2018M04,2350.0,2018,4,April
Finland,2018M04,2324.0,2018,4,April
France,2018M04,6073.0,2018,4,April
Netherlands,2018M04,2749.0,2018,4,April
Hong Kong,2018M04,1007.0,2018,4,April
India,2018M04,1470.0,2018,4,April
Ireland,2018M04,2342.0,2018,4,April
Israel,2018M04,297.0,2018,4,April
Italy,2018M04,2323.0,2018,4,April
Japan,2018M04,691.0,2018,4,April
Canada,2018M04,6308.0,2018,4,April
China,2018M04,2458.0,2018,4,April
Norway,2018M04,4393.0,2018,4,April
Poland,2018M04,7218.0,2018,4,April
Russia,2018M04,653.0,2018,4,April
Singapore,2018M04,731.0,2018,4,April
Spain,2018M04,4398.0,2018,4,April
Sourh Korea,2018M04,881.0,2018,4,April
Switzherland,2018M04,1791.0,2018,4,April
Sweden,2018M04,4622.0,2018,4,April
Taiwan,2018M04,2140.0,2018,4,April
Germany,2018M04,8012.0,2018,4,April
Other Countries,2018M04,14059.0,2018,4,April
Total Passengers,2018M05,228076.0,2018,5,May
Iceland,2018M05,62836.0,2018,5,May
Foreigners,2018M05,165240.0,2018,5,May
Austria,2018M05,834.0,2018,5,May
Australia / New Zealand,2018M05,2304.0,2018,5,May
U.S.A.,2018M05,51608.0,2018,5,May
Belgium,2018M05,1139.0,2018,5,May
U.K.,2018M05,10651.0,2018,5,May
Denmark,2018M05,4125.0,2018,5,May
Estonia / Latvia / Lithuania,2018M05,2430.0,2018,5,May
Finland,2018M05,2796.0,2018,5,May
France,2018M05,8192.0,2018,5,May
Netherlands,2018M05,4868.0,2018,5,May
Hong Kong,2018M05,563.0,2018,5,May
India,2018M05,1849.0,2018,5,May
Ireland,2018M05,1035.0,2018,5,May
Israel,2018M05,458.0,2018,5,May
Italy,2018M05,2473.0,2018,5,May
Japan,2018M05,703.0,2018,5,May
Canada,2018M05,9581.0,2018,5,May
China,2018M05,3891.0,2018,5,May
Norway,2018M05,5218.0,2018,5,May
Poland,2018M05,8890.0,2018,5,May
Russia,2018M05,1428.0,2018,5,May
Singapore,2018M05,572.0,2018,5,May
Spain,2018M05,3815.0,2018,5,May
Sourh Korea,2018M05,975.0,2018,5,May
Switzherland,2018M05,1784.0,2018,5,May
Sweden,2018M05,5448.0,2018,5,May
Taiwan,2018M05,1244.0,2018,5,May
Germany,2018M05,11921.0,2018,5,May
Other Countries,2018M05,14445.0,2018,5,May
Total Passengers,2018M06,305082.0,2018,6,June
Iceland,2018M06,71208.0,2018,6,June
Foreigners,2018M06,233874.0,2018,6,June
Austria,2018M06,1492.0,2018,6,June
Australia / New Zealand,2018M06,3626.0,2018,6,June
U.S.A.,2018M06,92879.0,2018,6,June
Belgium,2018M06,1846.0,2018,6,June
U.K.,2018M06,12846.0,2018,6,June
Denmark,2018M06,4134.0,2018,6,June
Estonia / Latvia / Lithuania,2018M06,3140.0,2018,6,June
Finland,2018M06,2641.0,2018,6,June
France,2018M06,9907.0,2018,6,June
Netherlands,2018M06,4084.0,2018,6,June
Hong Kong,2018M06,1184.0,2018,6,June
India,2018M06,2246.0,2018,6,June
Ireland,2018M06,1350.0,2018,6,June
Israel,2018M06,829.0,2018,6,June
Italy,2018M06,3641.0,2018,6,June
Japan,2018M06,878.0,2018,6,June
Canada,2018M06,11446.0,2018,6,June
China,2018M06,8465.0,2018,6,June
Norway,2018M06,4279.0,2018,6,June
Poland,2018M06,9480.0,2018,6,June
Russia,2018M06,1612.0,2018,6,June
Singapore,2018M06,1268.0,2018,6,June
Spain,2018M06,4601.0,2018,6,June
Sourh Korea,2018M06,1131.0,2018,6,June
Switzherland,2018M06,2986.0,2018,6,June
Sweden,2018M06,5535.0,2018,6,June
Taiwan,2018M06,2780.0,2018,6,June
Germany,2018M06,16363.0,2018,6,June
Other Countries,2018M06,17205.0,2018,6,June
Total Passengers,2018M07,344852.0,2018,7,July
Iceland,2018M07,66239.0,2018,7,July
Foreigners,2018M07,278613.0,2018,7,July
Austria,2018M07,3511.0,2018,7,July
Australia / New Zealand,2018M07,4117.0,2018,7,July
U.S.A.,2018M07,102709.0,2018,7,July
Belgium,2018M07,3814.0,2018,7,July
U.K.,2018M07,14353.0,2018,7,July
Denmark,2018M07,7639.0,2018,7,July
Estonia / Latvia / Lithuania,2018M07,3561.0,2018,7,July
Finland,2018M07,2691.0,2018,7,July
France,2018M07,12605.0,2018,7,July
Netherlands,2018M07,5357.0,2018,7,July
Hong Kong,2018M07,1291.0,2018,7,July
India,2018M07,2050.0,2018,7,July
Ireland,2018M07,1221.0,2018,7,July
Israel,2018M07,2041.0,2018,7,July
Italy,2018M07,5645.0,2018,7,July
Japan,2018M07,962.0,2018,7,July
Canada,2018M07,12568.0,2018,7,July
China,2018M07,9589.0,2018,7,July
Norway,2018M07,5684.0,2018,7,July
Poland,2018M07,10168.0,2018,7,July
Russia,2018M07,2055.0,2018,7,July
Singapore,2018M07,632.0,2018,7,July
Spain,2018M07,8174.0,2018,7,July
Sourh Korea,2018M07,1786.0,2018,7,July
Switzherland,2018M07,5484.0,2018,7,July
Sweden,2018M07,7298.0,2018,7,July
Taiwan,2018M07,2560.0,2018,7,July
Germany,2018M07,20595.0,2018,7,July
Other Countries,2018M07,18453.0,2018,7,July
Total Passengers,2018M08,347475.0,2018,8,August
Iceland,2018M08,56131.0,2018,8,August
Foreigners,2018M08,291344.0,2018,8,August
Austria,2018M08,3189.0,2018,8,August
Australia / New Zealand,2018M08,3880.0,2018,8,August
U.S.A.,2018M08,97434.0,2018,8,August
Belgium,2018M08,3257.0,2018,8,August
U.K.,2018M08,14533.0,2018,8,August
Denmark,2018M08,5741.0,2018,8,August
Estonia / Latvia / Lithuania,2018M08,3026.0,2018,8,August
Finland,2018M08,1927.0,2018,8,August
France,2018M08,17774.0,2018,8,August
Netherlands,2018M08,6336.0,2018,8,August
Hong Kong,2018M08,1290.0,2018,8,August
India,2018M08,1661.0,2018,8,August
Ireland,2018M08,1358.0,2018,8,August
Israel,2018M08,2825.0,2018,8,August
Italy,2018M08,12515.0,2018,8,August
Japan,2018M08,1971.0,2018,8,August
Canada,2018M08,13407.0,2018,8,August
China,2018M08,12219.0,2018,8,August
Norway,2018M08,4693.0,2018,8,August
Poland,2018M08,9132.0,2018,8,August
Russia,2018M08,3105.0,2018,8,August
Singapore,2018M08,633.0,2018,8,August
Spain,2018M08,12854.0,2018,8,August
Sourh Korea,2018M08,2254.0,2018,8,August
Switzherland,2018M08,5231.0,2018,8,August
Sweden,2018M08,6058.0,2018,8,August
Taiwan,2018M08,1877.0,2018,8,August
Germany,2018M08,21830.0,2018,8,August
Other Countries,2018M08,19334.0,2018,8,August
Total Passengers,2018M09,289502.0,2018,9,September
Iceland,2018M09,57821.0,2018,9,September
Foreigners,2018M09,231681.0,2018,9,September
Austria,2018M09,1660.0,2018,9,September
Australia / New Zealand,2018M09,4445.0,2018,9,September
U.S.A.,2018M09,82346.0,2018,9,September
Belgium,2018M09,2966.0,2018,9,September
U.K.,2018M09,13530.0,2018,9,September
Denmark,2018M09,4714.0,2018,9,September
Estonia / Latvia / Lithuania,2018M09,2738.0,2018,9,September
Finland,2018M09,1892.0,2018,9,September
France,2018M09,7349.0,2018,9,September
Netherlands,2018M09,4025.0,2018,9,September
Hong Kong,2018M09,1444.0,2018,9,September
India,2018M09,2140.0,2018,9,September
Ireland,2018M09,1122.0,2018,9,September
Israel,2018M09,2093.0,2018,9,September
Italy,2018M09,3927.0,2018,9,September
Japan,2018M09,2019.0,2018,9,September
Canada,2018M09,12590.0,2018,9,September
China,2018M09,8243.0,2018,9,September
Norway,2018M09,4267.0,2018,9,September
Poland,2018M09,8094.0,2018,9,September
Russia,2018M09,1891.0,2018,9,September
Singapore,2018M09,746.0,2018,9,September
Spain,2018M09,9508.0,2018,9,September
Sourh Korea,2018M09,1517.0,2018,9,September
Switzherland,2018M09,3168.0,2018,9,September
Sweden,2018M09,4962.0,2018,9,September
Taiwan,2018M09,2789.0,2018,9,September
Germany,2018M09,16310.0,2018,9,September
Other Countries,2018M09,19186.0,2018,9,September
Total Passengers,2018M10,263587.0,2018,10,October
Iceland,2018M10,63961.0,2018,10,October
Foreigners,2018M10,199626.0,2018,10,October
Austria,2018M10,661.0,2018,10,October
Australia / New Zealand,2018M10,3496.0,2018,10,October
U.S.A.,2018M10,60976.0,2018,10,October
Belgium,2018M10,809.0,2018,10,October
U.K.,2018M10,24657.0,2018,10,October
Denmark,2018M10,4884.0,2018,10,October
Estonia / Latvia / Lithuania,2018M10,2609.0,2018,10,October
Finland,2018M10,1827.0,2018,10,October
France,2018M10,6034.0,2018,10,October
Netherlands,2018M10,3603.0,2018,10,October
Hong Kong,2018M10,1712.0,2018,10,October
India,2018M10,2310.0,2018,10,October
Ireland,2018M10,2972.0,2018,10,October
Israel,2018M10,755.0,2018,10,October
Italy,2018M10,2300.0,2018,10,October
Japan,2018M10,1882.0,2018,10,October
Canada,2018M10,10218.0,2018,10,October
China,2018M10,8663.0,2018,10,October
Norway,2018M10,4058.0,2018,10,October
Poland,2018M10,7277.0,2018,10,October
Russia,2018M10,784.0,2018,10,October
Singapore,2018M10,1067.0,2018,10,October
Spain,2018M10,5083.0,2018,10,October
Sourh Korea,2018M10,1435.0,2018,10,October
Switzherland,2018M10,2760.0,2018,10,October
Sweden,2018M10,3521.0,2018,10,October
Taiwan,2018M10,3378.0,2018,10,October
Germany,2018M10,11164.0,2018,10,October
Other Countries,2018M10,18731.0,2018,10,October
Total Passengers,2018M11,201503.0,2018,11,November
Iceland,2018M11,51445.0,2018,11,November
Foreigners,2018M11,150058.0,2018,11,November
Austria,2018M11,594.0,2018,11,November
Australia / New Zealand,2018M11,2342.0,2018,11,November
U.S.A.,2018M11,36530.0,2018,11,November
Belgium,2018M11,1395.0,2018,11,November
U.K.,2018M11,34291.0,2018,11,November
Denmark,2018M11,2868.0,2018,11,November
Estonia / Latvia / Lithuania,2018M11,1719.0,2018,11,November
Finland,2018M11,1030.0,2018,11,November
France,2018M11,4765.0,2018,11,November
Netherlands,2018M11,2464.0,2018,11,November
Hong Kong,2018M11,1192.0,2018,11,November
India,2018M11,1447.0,2018,11,November
Ireland,2018M11,3167.0,2018,11,November
Israel,2018M11,92.0,2018,11,November
Italy,2018M11,3150.0,2018,11,November
Japan,2018M11,1587.0,2018,11,November
Canada,2018M11,6004.0,2018,11,November
China,2018M11,3453.0,2018,11,November
Norway,2018M11,2337.0,2018,11,November
Poland,2018M11,5427.0,2018,11,November
Russia,2018M11,487.0,2018,11,November
Singapore,2018M11,1201.0,2018,11,November
Spain,2018M11,3553.0,2018,11,November
Sourh Korea,2018M11,1180.0,2018,11,November
Switzherland,2018M11,1079.0,2018,11,November
Sweden,2018M11,3193.0,2018,11,November
Taiwan,2018M11,2192.0,2018,11,November
Germany,2018M11,6280.0,2018,11,November
Other Countries,2018M11,15039.0,2018,11,November
Total Passengers,2018M12,186853.0,2018,12,December
Iceland,2018M12,49623.0,2018,12,December
Foreigners,2018M12,137230.0,2018,12,December
Austria,2018M12,326.0,2018,12,December
Australia / New Zealand,2018M12,2930.0,2018,12,December
U.S.A.,2018M12,28127.0,2018,12,December
Belgium,2018M12,745.0,2018,12,December
U.K.,2018M12,30287.0,2018,12,December
Denmark,2018M12,2109.0,2018,12,December
Estonia / Latvia / Lithuania,2018M12,2772.0,2018,12,December
Finland,2018M12,880.0,2018,12,December
France,2018M12,4139.0,2018,12,December
Netherlands,2018M12,2116.0,2018,12,December
Hong Kong,2018M12,1483.0,2018,12,December
India,2018M12,1349.0,2018,12,December
Ireland,2018M12,2042.0,2018,12,December
Israel,2018M12,84.0,2018,12,December
Italy,2018M12,1876.0,2018,12,December
Japan,2018M12,1689.0,2018,12,December
Canada,2018M12,3460.0,2018,12,December
China,2018M12,13232.0,2018,12,December
Norway,2018M12,1610.0,2018,12,December
Poland,2018M12,7463.0,2018,12,December
Russia,2018M12,302.0,2018,12,December
Singapore,2018M12,1340.0,2018,12,December
Spain,2018M12,2664.0,2018,12,December
Sourh Korea,2018M12,1444.0,2018,12,December
Switzherland,2018M12,1019.0,2018,12,December
Sweden,2018M12,1724.0,2018,12,December
Taiwan,2018M12,1635.0,2018,12,December
Germany,2018M12,4453.0,2018,12,December
Other Countries,2018M12,13930.0,2018,12,December
Total Passengers,2019M01,179640.0,2019,1,January
Iceland,2019M01,40585.0,2019,1,January
Foreigners,2019M01,139055.0,2019,1,January
Austria,2019M01,486.0,2019,1,January
Australia / New Zealand,2019M01,3596.0,2019,1,January
U.S.A.,2019M01,29524.0,2019,1,January
Belgium,2019M01,1047.0,2019,1,January
U.K.,2019M01,34719.0,2019,1,January
Denmark,2019M01,2758.0,2019,1,January
Estonia / Latvia / Lithuania,2019M01,1620.0,2019,1,January
Finland,2019M01,866.0,2019,1,January
France,2019M01,5414.0,2019,1,January
Netherlands,2019M01,2413.0,2019,1,January
Hong Kong,2019M01,957.0,2019,1,January
India,2019M01,1051.0,2019,1,January
Ireland,2019M01,2495.0,2019,1,January
Israel,2019M01,81.0,2019,1,January
Italy,2019M01,2651.0,2019,1,January
Japan,2019M01,2267.0,2019,1,January
Canada,2019M01,3506.0,2019,1,January
China,2019M01,7728.0,2019,1,January
Norway,2019M01,2095.0,2019,1,January
Poland,2019M01,5250.0,2019,1,January
Russia,2019M01,429.0,2019,1,January
Singapore,2019M01,411.0,2019,1,January
Spain,2019M01,2879.0,2019,1,January
Sourh Korea,2019M01,1652.0,2019,1,January
Switzherland,2019M01,1314.0,2019,1,January
Sweden,2019M01,2030.0,2019,1,January
Taiwan,2019M01,1500.0,2019,1,January
Germany,2019M01,6641.0,2019,1,January
Other Countries,2019M01,11675.0,2019,1,January
Total Passengers,2019M02,189579.0,2019,2,February
Iceland,2019M02,40575.0,2019,2,February
Foreigners,2019M02,149004.0,2019,2,February
Austria,2019M02,920.0,2019,2,February
Australia / New Zealand,2019M02,1921.0,2019,2,February
U.S.A.,2019M02,24727.0,2019,2,February
Belgium,2019M02,1190.0,2019,2,February
U.K.,2019M02,42715.0,2019,2,February
Denmark,2019M02,2929.0,2019,2,February
Estonia / Latvia / Lithuania,2019M02,1451.0,2019,2,February
Finland,2019M02,894.0,2019,2,February
France,2019M02,6787.0,2019,2,February
Netherlands,2019M02,2529.0,2019,2,February
Hong Kong,2019M02,1578.0,2019,2,February
India,2019M02,1065.0,2019,2,February
Ireland,2019M02,3502.0,2019,2,February
Israel,2019M02,100.0,2019,2,February
Italy,2019M02,3272.0,2019,2,February
Japan,2019M02,1917.0,2019,2,February
Canada,2019M02,4181.0,2019,2,February
China,2019M02,9829.0,2019,2,February
Norway,2019M02,1968.0,2019,2,February
Poland,2019M02,5758.0,2019,2,February
Russia,2019M02,453.0,2019,2,February
Singapore,2019M02,506.0,2019,2,February
Spain,2019M02,3150.0,2019,2,February
Sourh Korea,2019M02,1555.0,2019,2,February
Switzherland,2019M02,1268.0,2019,2,February
Sweden,2019M02,1727.0,2019,2,February
Taiwan,2019M02,2257.0,2019,2,February
Germany,2019M02,6893.0,2019,2,February
Other Countries,2019M02,11962.0,2019,2,February
Total Passengers,2019M03,213448.0,2019,3,March
Iceland,2019M03,43271.0,2019,3,March
Foreigners,2019M03,170177.0,2019,3,March
Austria,2019M03,1008.0,2019,3,March
Australia / New Zealand,2019M03,2144.0,2019,3,March
U.S.A.,2019M03,38088.0,2019,3,March
Belgium,2019M03,1506.0,2019,3,March
U.K.,2019M03,34458.0,2019,3,March
Denmark,2019M03,3551.0,2019,3,March
Estonia / Latvia / Lithuania,2019M03,1990.0,2019,3,March
Finland,2019M03,1181.0,2019,3,March
France,2019M03,7604.0,2019,3,March
Netherlands,2019M03,3429.0,2019,3,March
Hong Kong,2019M03,1463.0,2019,3,March
India,2019M03,1667.0,2019,3,March
Ireland,2019M03,2793.0,2019,3,March
Israel,2019M03,203.0,2019,3,March
Italy,2019M03,5226.0,2019,3,March
Japan,2019M03,1815.0,2019,3,March
Canada,2019M03,5971.0,2019,3,March
China,2019M03,4433.0,2019,3,March
Norway,2019M03,2965.0,2019,3,March
Poland,2019M03,6126.0,2019,3,March
Russia,2019M03,607.0,2019,3,March
Singapore,2019M03,1613.0,2019,3,March
Spain,2019M03,4432.0,2019,3,March
Sourh Korea,2019M03,1383.0,2019,3,March
Switzherland,2019M03,1306.0,2019,3,March
Sweden,2019M03,2203.0,2019,3,March
Taiwan,2019M03,3203.0,2019,3,March
Germany,2019M03,10702.0,2019,3,March
Other Countries,2019M03,17107.0,2019,3,March
Total Passengers,2019M04,181229.0,2019,4,April
Iceland,2019M04,60923.0,2019,4,April
Foreigners,2019M04,120306.0,2019,4,April
Austria,2019M04,990.0,2019,4,April
Australia / New Zealand,2019M04,1758.0,2019,4,April
U.S.A.,2019M04,26477.0,2019,4,April
Belgium,2019M04,1239.0,2019,4,April
U.K.,2019M04,15644.0,2019,4,April
Denmark,2019M04,4363.0,2019,4,April
Estonia / Latvia / Lithuania,2019M04,2411.0,2019,4,April
Finland,2019M04,2203.0,2019,4,April
France,2019M04,4919.0,2019,4,April
Netherlands,2019M04,2324.0,2019,4,April
Hong Kong,2019M04,828.0,2019,4,April
India,2019M04,977.0,2019,4,April
Ireland,2019M04,1228.0,2019,4,April
Israel,2019M04,156.0,2019,4,April
Italy,2019M04,2596.0,2019,4,April
Japan,2019M04,479.0,2019,4,April
Canada,2019M04,4083.0,2019,4,April
China,2019M04,2623.0,2019,4,April
Norway,2019M04,3794.0,2019,4,April
Poland,2019M04,7320.0,2019,4,April
Russia,2019M04,621.0,2019,4,April
Singapore,2019M04,994.0,2019,4,April
Spain,2019M04,3775.0,2019,4,April
Sourh Korea,2019M04,670.0,2019,4,April
Switzherland,2019M04,1712.0,2019,4,April
Sweden,2019M04,3436.0,2019,4,April
Taiwan,2019M04,1607.0,2019,4,April
Germany,2019M04,7625.0,2019,4,April
Other Countries,2019M04,13454.0,2019,4,April
Total Passengers,2019M05,183278.0,2019,5,May
Iceland,2019M05,56969.0,2019,5,May
Foreigners,2019M05,126309.0,2019,5,May
Austria,2019M05,882.0,2019,5,May
Australia / New Zealand,2019M05,1861.0,2019,5,May
U.S.A.,2019M05,31640.0,2019,5,May
Belgium,2019M05,904.0,2019,5,May
U.K.,2019M05,8949.0,2019,5,May
Denmark,2019M05,4033.0,2019,5,May
Estonia / Latvia / Lithuania,2019M05,2443.0,2019,5,May
Finland,2019M05,2489.0,2019,5,May
France,2019M05,5814.0,2019,5,May
Netherlands,2019M05,3958.0,2019,5,May
Hong Kong,2019M05,659.0,2019,5,May
India,2019M05,1472.0,2019,5,May
Ireland,2019M05,664.0,2019,5,May
Israel,2019M05,163.0,2019,5,May
Italy,2019M05,2264.0,2019,5,May
Japan,2019M05,851.0,2019,5,May
Canada,2019M05,5845.0,2019,5,May
China,2019M05,4260.0,2019,5,May
Norway,2019M05,4194.0,2019,5,May
Poland,2019M05,8236.0,2019,5,May
Russia,2019M05,1713.0,2019,5,May
Singapore,2019M05,479.0,2019,5,May
Spain,2019M05,2864.0,2019,5,May
Sourh Korea,2019M05,537.0,2019,5,May
Switzherland,2019M05,1631.0,2019,5,May
Sweden,2019M05,4136.0,2019,5,May
Taiwan,2019M05,1191.0,2019,5,May
Germany,2019M05,9087.0,2019,5,May
Other Countries,2019M05,13090.0,2019,5,May
Total Passengers,2019M06,259702.0,2019,6,June
Iceland,2019M06,64790.0,2019,6,June
Foreigners,2019M06,194912.0,2019,6,June
Austria,2019M06,1695.0,2019,6,June
Australia / New Zealand,2019M06,3031.0,2019,6,June
U.S.A.,2019M06,60248.0,2019,6,June
Belgium,2019M06,2031.0,2019,6,June
U.K.,2019M06,10134.0,2019,6,June
Denmark,2019M06,4366.0,2019,6,June
Estonia / Latvia / Lithuania,2019M06,3310.0,2019,6,June
Finland,2019M06,2681.0,2019,6,June
France,2019M06,8546.0,2019,6,June
Netherlands,2019M06,4048.0,2019,6,June
Hong Kong,2019M06,1227.0,2019,6,June
India,2019M06,2554.0,2019,6,June
Ireland,2019M06,808.0,2019,6,June
Israel,2019M06,604.0,2019,6,June
Italy,2019M06,3111.0,2019,6,June
Japan,2019M06,692.0,2019,6,June
Canada,2019M06,8337.0,2019,6,June
China,2019M06,9557.0,2019,6,June
Norway,2019M06,4799.0,2019,6,June
Poland,2019M06,9432.0,2019,6,June
Russia,2019M06,2289.0,2019,6,June
Singapore,2019M06,1210.0,2019,6,June
Spain,2019M06,4239.0,2019,6,June
Sourh Korea,2019M06,987.0,2019,6,June
Switzherland,2019M06,2842.0,2019,6,June
Sweden,2019M06,5623.0,2019,6,June
Taiwan,2019M06,2306.0,2019,6,June
Germany,2019M06,16918.0,2019,6,June
Other Countries,2019M06,17287.0,2019,6,June
Total Passengers,2019M07,291608.0,2019,7,July
Iceland,2019M07,60327.0,2019,7,July
Foreigners,2019M07,231281.0,2019,7,July
Austria,2019M07,3289.0,2019,7,July
Australia / New Zealand,2019M07,3335.0,2019,7,July
U.S.A.,2019M07,65552.0,2019,7,July
Belgium,2019M07,3707.0,2019,7,July
U.K.,2019M07,11230.0,2019,7,July
Denmark,2019M07,7497.0,2019,7,July
Estonia / Latvia / Lithuania,2019M07,3656.0,2019,7,July
Finland,2019M07,2645.0,2019,7,July
France,2019M07,12117.0,2019,7,July
Netherlands,2019M07,4911.0,2019,7,July
Hong Kong,2019M07,1289.0,2019,7,July
India,2019M07,2240.0,2019,7,July
Ireland,2019M07,800.0,2019,7,July
Israel,2019M07,2262.0,2019,7,July
Italy,2019M07,5289.0,2019,7,July
Japan,2019M07,907.0,2019,7,July
Canada,2019M07,9508.0,2019,7,July
China,2019M07,11366.0,2019,7,July
Norway,2019M07,5223.0,2019,7,July
Poland,2019M07,10249.0,2019,7,July
Russia,2019M07,3186.0,2019,7,July
Singapore,2019M07,528.0,2019,7,July
Spain,2019M07,7050.0,2019,7,July
Sourh Korea,2019M07,1441.0,2019,7,July
Switzherland,2019M07,5052.0,2019,7,July
Sweden,2019M07,5895.0,2019,7,July
Taiwan,2019M07,2408.0,2019,7,July
Germany,2019M07,18968.0,2019,7,July
Other Countries,2019M07,19681.0,2019,7,July
Total Passengers,2019M08,300366.0,2019,8,August
Iceland,2019M08,48479.0,2019,8,August
Foreigners,2019M08,251887.0,2019,8,August
Austria,2019M08,3476.0,2019,8,August
Australia / New Zealand,2019M08,3015.0,2019,8,August
U.S.A.,2019M08,62752.0,2019,8,August
Belgium,2019M08,2969.0,2019,8,August
U.K.,2019M08,12128.0,2019,8,August
Denmark,2019M08,5745.0,2019,8,August
Estonia / Latvia / Lithuania,2019M08,3209.0,2019,8,August
Finland,2019M08,2127.0,2019,8,August
France,2019M08,18831.0,2019,8,August
Netherlands,2019M08,6566.0,2019,8,August
Hong Kong,2019M08,1207.0,2019,8,August
India,2019M08,1902.0,2019,8,August
Ireland,2019M08,938.0,2019,8,August
Israel,2019M08,2309.0,2019,8,August
Italy,2019M08,13287.0,2019,8,August
Japan,2019M08,1923.0,2019,8,August
Canada,2019M08,10832.0,2019,8,August
China,2019M08,12828.0,2019,8,August
Norway,2019M08,4143.0,2019,8,August
Poland,2019M08,8758.0,2019,8,August
Russia,2019M08,3569.0,2019,8,August
Singapore,2019M08,625.0,2019,8,August
Spain,2019M08,12969.0,2019,8,August
Sourh Korea,2019M08,2331.0,2019,8,August
Switzherland,2019M08,4620.0,2019,8,August
Sweden,2019M08,5012.0,2019,8,August
Taiwan,2019M08,2149.0,2019,8,August
Germany,2019M08,21262.0,2019,8,August
Other Countries,2019M08,20405.0,2019,8,August
Total Passengers,2019M09,233357.0,2019,9,September
Iceland,2019M09,49703.0,2019,9,September
Foreigners,2019M09,183654.0,2019,9,September
Austria,2019M09,1406.0,2019,9,September
Australia / New Zealand,2019M09,3341.0,2019,9,September
U.S.A.,2019M09,47108.0,2019,9,September
Belgium,2019M09,1836.0,2019,9,September
U.K.,2019M09,11770.0,2019,9,September
Denmark,2019M09,4619.0,2019,9,September
Estonia / Latvia / Lithuania,2019M09,2667.0,2019,9,September
Finland,2019M09,1897.0,2019,9,September
France,2019M09,6612.0,2019,9,September
Netherlands,2019M09,3758.0,2019,9,September
Hong Kong,2019M09,1484.0,2019,9,September
India,2019M09,2167.0,2019,9,September
Ireland,2019M09,861.0,2019,9,September
Israel,2019M09,960.0,2019,9,September
Italy,2019M09,3510.0,2019,9,September
Japan,2019M09,2041.0,2019,9,September
Canada,2019M09,8083.0,2019,9,September
China,2019M09,7883.0,2019,9,September
Norway,2019M09,4379.0,2019,9,September
Poland,2019M09,8445.0,2019,9,September
Russia,2019M09,1837.0,2019,9,September
Singapore,2019M09,699.0,2019,9,September
Spain,2019M09,7321.0,2019,9,September
Sourh Korea,2019M09,1017.0,2019,9,September
Switzherland,2019M09,2624.0,2019,9,September
Sweden,2019M09,3755.0,2019,9,September
Taiwan,2019M09,2392.0,2019,9,September
Germany,2019M09,14317.0,2019,9,September
Other Countries,2019M09,24865.0,2019,9,September
Total Passengers,2019M10,219948.0,2019,10,October
Iceland,2019M10,56855.0,2019,10,October
Foreigners,2019M10,163093.0,2019,10,October
Austria,2019M10,1100.0,2019,10,October
Australia / New Zealand,2019M10,2327.0,2019,10,October
U.S.A.,2019M10,36023.0,2019,10,October
Belgium,2019M10,1604.0,2019,10,October
U.K.,2019M10,20882.0,2019,10,October
Denmark,2019M10,5513.0,2019,10,October
Estonia / Latvia / Lithuania,2019M10,3519.0,2019,10,October
Finland,2019M10,1554.0,2019,10,October
France,2019M10,9047.0,2019,10,October
Netherlands,2019M10,3824.0,2019,10,October
Hong Kong,2019M10,1533.0,2019,10,October
India,2019M10,2278.0,2019,10,October
Ireland,2019M10,1178.0,2019,10,October
Israel,2019M10,426.0,2019,10,October
Italy,2019M10,2207.0,2019,10,October
Japan,2019M10,1433.0,2019,10,October
Canada,2019M10,4676.0,2019,10,October
China,2019M10,10898.0,2019,10,October
Norway,2019M10,2710.0,2019,10,October
Poland,2019M10,9018.0,2019,10,October
Russia,2019M10,823.0,2019,10,October
Singapore,2019M10,1391.0,2019,10,October
Spain,2019M10,6045.0,2019,10,October
Sourh Korea,2019M10,1277.0,2019,10,October
Switzherland,2019M10,1362.0,2019,10,October
Sweden,2019M10,2632.0,2019,10,October
Taiwan,2019M10,2767.0,2019,10,October
Germany,2019M10,8216.0,2019,10,October
Other Countries,2019M10,16830.0,2019,10,October
Total Passengers,2019M11,176531.0,2019,11,November
Iceland,2019M11,45477.0,2019,11,November
Foreigners,2019M11,131054.0,2019,11,November
Austria,2019M11,678.0,2019,11,November
Australia / New Zealand,2019M11,2162.0,2019,11,November
U.S.A.,2019M11,22871.0,2019,11,November
Belgium,2019M11,1933.0,2019,11,November
U.K.,2019M11,32040.0,2019,11,November
Denmark,2019M11,2116.0,2019,11,November
Estonia / Latvia / Lithuania,2019M11,2885.0,2019,11,November
Finland,2019M11,1108.0,2019,11,November
France,2019M11,6485.0,2019,11,November
Netherlands,2019M11,3013.0,2019,11,November
Hong Kong,2019M11,1090.0,2019,11,November
India,2019M11,1246.0,2019,11,November
Ireland,2019M11,3123.0,2019,11,November
Israel,2019M11,82.0,2019,11,November
Italy,2019M11,2363.0,2019,11,November
Japan,2019M11,2491.0,2019,11,November
Canada,2019M11,2913.0,2019,11,November
China,2019M11,4699.0,2019,11,November
Norway,2019M11,1502.0,2019,11,November
Poland,2019M11,6357.0,2019,11,November
Russia,2019M11,714.0,2019,11,November
Singapore,2019M11,834.0,2019,11,November
Spain,2019M11,2446.0,2019,11,November
Sourh Korea,2019M11,1529.0,2019,11,November
Switzherland,2019M11,1145.0,2019,11,November
Sweden,2019M11,2244.0,2019,11,November
Taiwan,2019M11,1731.0,2019,11,November
Germany,2019M11,7154.0,2019,11,November
Other Countries,2019M11,12100.0,2019,11,November
Total Passengers,2019M12,168850.0,2019,12,December
Iceland,2019M12,43429.0,2019,12,December
Foreigners,2019M12,125421.0,2019,12,December
Austria,2019M12,986.0,2019,12,December
Australia / New Zealand,2019M12,3165.0,2019,12,December
U.S.A.,2019M12,19049.0,2019,12,December
Belgium,2019M12,617.0,2019,12,December
U.K.,2019M12,27136.0,2019,12,December
Denmark,2019M12,1790.0,2019,12,December
Estonia / Latvia / Lithuania,2019M12,3420.0,2019,12,December
Finland,2019M12,1026.0,2019,12,December
France,2019M12,5331.0,2019,12,December
Netherlands,2019M12,2555.0,2019,12,December
Hong Kong,2019M12,1515.0,2019,12,December
India,2019M12,1234.0,2019,12,December
Ireland,2019M12,2139.0,2019,12,December
Israel,2019M12,141.0,2019,12,December
Italy,2019M12,1341.0,2019,12,December
Japan,2019M12,1696.0,2019,12,December
Canada,2019M12,2012.0,2019,12,December
China,2019M12,13149.0,2019,12,December
Norway,2019M12,1361.0,2019,12,December
Poland,2019M12,8777.0,2019,12,December
Russia,2019M12,335.0,2019,12,December
Singapore,2019M12,1348.0,2019,12,December
Spain,2019M12,1971.0,2019,12,December
Sourh Korea,2019M12,1971.0,2019,12,December
Switzherland,2019M12,825.0,2019,12,December
Sweden,2019M12,1160.0,2019,12,December
Taiwan,2019M12,1421.0,2019,12,December
Germany,2019M12,4372.0,2019,12,December
Other Countries,2019M12,13578.0,2019,12,December
Total Passengers,2020M01,159248.0,2020,1,January
Iceland,2020M01,37643.0,2020,1,January
Foreigners,2020M01,121605.0,2020,1,January
Austria,2020M01,655.0,2020,1,January
Australia / New Zealand,2020M01,2628.0,2020,1,January
U.S.A.,2020M01,17675.0,2020,1,January
Belgium,2020M01,1185.0,2020,1,January
U.K.,2020M01,30115.0,2020,1,January
Denmark,2020M01,1896.0,2020,1,January
Estonia / Latvia / Lithuania,2020M01,1352.0,2020,1,January
Finland,2020M01,2084.0,2020,1,January
France,2020M01,5492.0,2020,1,January
Netherlands,2020M01,1805.0,2020,1,January
Hong Kong,2020M01,1087.0,2020,1,January
India,2020M01,544.0,2020,1,January
Ireland,2020M01,3115.0,2020,1,January
Israel,2020M01,118.0,2020,1,January
Italy,2020M01,2593.0,2020,1,January
Japan,2020M01,2885.0,2020,1,January
Canada,2020M01,2063.0,2020,1,January
China,2020M01,10092.0,2020,1,January
Norway,2020M01,1617.0,2020,1,January
Poland,2020M01,8308.0,2020,1,January
Russia,2020M01,335.0,2020,1,January
Singapore,2020M01,223.0,2020,1,January
Spain,2020M01,1861.0,2020,1,January
Sourh Korea,2020M01,2258.0,2020,1,January
Switzherland,2020M01,1519.0,2020,1,January
Sweden,2020M01,1443.0,2020,1,January
Taiwan,2020M01,1478.0,2020,1,January
Germany,2020M01,6510.0,2020,1,January
Other Countries,2020M01,8669.0,2020,1,January
Total Passengers,2020M02,167496.0,2020,2,February
Iceland,2020M02,33589.0,2020,2,February
Foreigners,2020M02,133907.0,2020,2,February
Austria,2020M02,1322.0,2020,2,February
Australia / New Zealand,2020M02,1694.0,2020,2,February
U.S.A.,2020M02,17093.0,2020,2,February
Belgium,2020M02,1650.0,2020,2,February
U.K.,2020M02,39689.0,2020,2,February
Denmark,2020M02,2248.0,2020,2,February
Estonia / Latvia / Lithuania,2020M02,4243.0,2020,2,February
Finland,2020M02,1045.0,2020,2,February
France,2020M02,9242.0,2020,2,February
Netherlands,2020M02,2562.0,2020,2,February
Hong Kong,2020M02,1278.0,2020,2,February
India,2020M02,787.0,2020,2,February
Ireland,2020M02,3186.0,2020,2,February
Israel,2020M02,82.0,2020,2,February
Italy,2020M02,2355.0,2020,2,February
Japan,2020M02,1568.0,2020,2,February
Canada,2020M02,2531.0,2020,2,February
China,2020M02,4797.0,2020,2,February
Norway,2020M02,2084.0,2020,2,February
Poland,2020M02,6919.0,2020,2,February
Russia,2020M02,611.0,2020,2,February
Singapore,2020M02,422.0,2020,2,February
Spain,2020M02,2575.0,2020,2,February
Sourh Korea,2020M02,1807.0,2020,2,February
Switzherland,2020M02,1580.0,2020,2,February
Sweden,2020M02,1530.0,2020,2,February
Taiwan,2020M02,1769.0,2020,2,February
Germany,2020M02,8134.0,2020,2,February
Other Countries,2020M02,9104.0,2020,2,February
Total Passengers,2020M03,95486.0,2020,3,March
Iceland,2020M03,14140.0,2020,3,March
Foreigners,2020M03,81346.0,2020,3,March
Austria,2020M03,223.0,2020,3,March
Australia / New Zealand,2020M03,1193.0,2020,3,March
U.S.A.,2020M03,13517.0,2020,3,March
Belgium,2020M03,905.0,2020,3,March
U.K.,2020M03,22388.0,2020,3,March
Denmark,2020M03,1934.0,2020,3,March
Estonia / Latvia / Lithuania,2020M03,5885.0,2020,3,March
Finland,2020M03,323.0,2020,3,March
France,2020M03,4756.0,2020,3,March
Netherlands,2020M03,1388.0,2020,3,March
Hong Kong,2020M03,905.0,2020,3,March
India,2020M03,629.0,2020,3,March
Ireland,2020M03,1752.0,2020,3,March
Israel,2020M03,71.0,2020,3,March
Italy,2020M03,1293.0,2020,3,March
Japan,2020M03,835.0,2020,3,March
Canada,2020M03,1934.0,2020,3,March
China,2020M03,1094.0,2020,3,March
Norway,2020M03,788.0,2020,3,March
Poland,2020M03,4856.0,2020,3,March
Russia,2020M03,606.0,2020,3,March
Singapore,2020M03,359.0,2020,3,March
Spain,2020M03,1875.0,2020,3,March
Sourh Korea,2020M03,347.0,2020,3,March
Switzherland,2020M03,694.0,2020,3,March
Sweden,2020M03,623.0,2020,3,March
Taiwan,2020M03,888.0,2020,3,March
Germany,2020M03,5903.0,2020,3,March
Other Countries,2020M03,3382.0,2020,3,March
Total Passengers,2020M04,1262.0,2020,4,April
Iceland,2020M04,338.0,2020,4,April
Foreigners,2020M04,924.0,2020,4,April
Poland,2020M04,393.0,2020,4,April
Other Countries,2020M04,531.0,2020,4,April
Total Passengers,2020M05,1795.0,2020,5,May
Iceland,2020M05,799.0,2020,5,May
Foreigners,2020M05,996.0,2020,5,May
U.S.A.,2020M05,30.0,2020,5,May
U.K.,2020M05,43.0,2020,5,May
Denmark,2020M05,54.0,2020,5,May
Estonia / Latvia / Lithuania,2020M05,168.0,2020,5,May
France,2020M05,32.0,2020,5,May
Italy,2020M05,15.0,2020,5,May
Poland,2020M05,320.0,2020,5,May
Spain,2020M05,15.0,2020,5,May
Sweden,2020M05,42.0,2020,5,May
Germany,2020M05,41.0,2020,5,May
Other Countries,2020M05,236.0,2020,5,May
Total Passengers,2020M06,11253.0,2020,6,June
Iceland,2020M06,5135.0,2020,6,June
Foreigners,2020M06,6118.0,2020,6,June
Austria,2020M06,83.0,2020,6,June
Australia / New Zealand,2020M06,8.0,2020,6,June
U.S.A.,2020M06,128.0,2020,6,June
Belgium,2020M06,65.0,2020,6,June
U.K.,2020M06,140.0,2020,6,June
Denmark,2020M06,882.0,2020,6,June
Estonia / Latvia / Lithuania,2020M06,703.0,2020,6,June
Finland,2020M06,104.0,2020,6,June
France,2020M06,238.0,2020,6,June
Netherlands,2020M06,165.0,2020,6,June
Hong Kong,2020M06,4.0,2020,6,June
India,2020M06,22.0,2020,6,June
Ireland,2020M06,18.0,2020,6,June
Italy,2020M06,94.0,2020,6,June
Japan,2020M06,2.0,2020,6,June
Canada,2020M06,10.0,2020,6,June
China,2020M06,22.0,2020,6,June
Norway,2020M06,218.0,2020,6,June
Poland,2020M06,470.0,2020,6,June
Russia,2020M06,28.0,2020,6,June
Singapore,2020M06,8.0,2020,6,June
Spain,2020M06,55.0,2020,6,June
Sourh Korea,2020M06,10.0,2020,6,June
Switzherland,2020M06,291.0,2020,6,June
Sweden,2020M06,130.0,2020,6,June
Taiwan,2020M06,2.0,2020,6,June
Germany,2020M06,1019.0,2020,6,June
Other Countries,2020M06,1199.0,2020,6,June
Total Passengers,2020M07,59071.0,2020,7,July
Iceland,2020M07,13355.0,2020,7,July
Foreigners,2020M07,45716.0,2020,7,July
Austria,2020M07,816.0,2020,7,July
Australia / New Zealand,2020M07,76.0,2020,7,July
U.S.A.,2020M07,363.0,2020,7,July
Belgium,2020M07,1209.0,2020,7,July
U.K.,2020M07,1425.0,2020,7,July
Denmark,2020M07,9971.0,2020,7,July
Estonia / Latvia / Lithuania,2020M07,997.0,2020,7,July
Finland,2020M07,398.0,2020,7,July
France,2020M07,2976.0,2020,7,July
Netherlands,2020M07,2100.0,2020,7,July
Hong Kong,2020M07,20.0,2020,7,July
India,2020M07,5.0,2020,7,July
Ireland,2020M07,76.0,2020,7,July
Israel,2020M07,10.0,2020,7,July
Italy,2020M07,927.0,2020,7,July
Japan,2020M07,15.0,2020,7,July
Canada,2020M07,106.0,2020,7,July
China,2020M07,106.0,2020,7,July
Norway,2020M07,2311.0,2020,7,July
Poland,2020M07,3188.0,2020,7,July
Russia,2020M07,141.0,2020,7,July
Singapore,2020M07,10.0,2020,7,July
Spain,2020M07,499.0,2020,7,July
Sourh Korea,2020M07,15.0,2020,7,July
Switzherland,2020M07,3168.0,2020,7,July
Sweden,2020M07,554.0,2020,7,July
Taiwan,2020M07,10.0,2020,7,July
Germany,2020M07,9241.0,2020,7,July
Other Countries,2020M07,4983.0,2020,7,July
Total Passengers,2020M08,71729.0,2020,8,August
Iceland,2020M08,7922.0,2020,8,August
Foreigners,2020M08,63807.0,2020,8,August
Austria,2020M08,1745.0,2020,8,August
Australia / New Zealand,2020M08,248.0,2020,8,August
U.S.A.,2020M08,943.0,2020,8,August
Belgium,2020M08,2671.0,2020,8,August
U.K.,2020M08,4722.0,2020,8,August
Denmark,2020M08,4920.0,2020,8,August
Estonia / Latvia / Lithuania,2020M08,571.0,2020,8,August
Finland,2020M08,248.0,2020,8,August
France,2020M08,4275.0,2020,8,August
Netherlands,2020M08,3754.0,2020,8,August
Hong Kong,2020M08,50.0,2020,8,August
India,2020M08,149.0,2020,8,August
Ireland,2020M08,223.0,2020,8,August
Israel,2020M08,17.0,2020,8,August
Italy,2020M08,7682.0,2020,8,August
Japan,2020M08,116.0,2020,8,August
Canada,2020M08,182.0,2020,8,August
China,2020M08,149.0,2020,8,August
Norway,2020M08,463.0,2020,8,August
Poland,2020M08,8832.0,2020,8,August
Russia,2020M08,157.0,2020,8,August
Singapore,2020M08,50.0,2020,8,August
Spain,2020M08,3357.0,2020,8,August
Sourh Korea,2020M08,83.0,2020,8,August
Switzherland,2020M08,2258.0,2020,8,August
Sweden,2020M08,496.0,2020,8,August
Taiwan,2020M08,25.0,2020,8,August
Germany,2020M08,10701.0,2020,8,August
Other Countries,2020M08,4720.0,2020,8,August
Total Passengers,2020M09,15060.0,2020,9,September
Iceland,2020M09,4885.0,2020,9,September
Foreigners,2020M09,10175.0,2020,9,September
Austria,2020M09,140.0,2020,9,September
Australia / New Zealand,2020M09,33.0,2020,9,September
U.S.A.,2020M09,382.0,2020,9,September
Belgium,2020M09,150.0,2020,9,September
U.K.,2020M09,702.0,2020,9,September
Denmark,2020M09,402.0,2020,9,September
Estonia / Latvia / Lithuania,2020M09,351.0,2020,9,September
Finland,2020M09,21.0,2020,9,September
France,2020M09,505.0,2020,9,September
Netherlands,2020M09,378.0,2020,9,September
Hong Kong,2020M09,10.0,2020,9,September
India,2020M09,21.0,2020,9,September
Ireland,2020M09,27.0,2020,9,September
Israel,2020M09,10.0,2020,9,September
Italy,2020M09,294.0,2020,9,September
Japan,2020M09,16.0,2020,9,September
Canada,2020M09,72.0,2020,9,September
China,2020M09,53.0,2020,9,September
Norway,2020M09,68.0,2020,9,September
Poland,2020M09,1893.0,2020,9,September
Russia,2020M09,39.0,2020,9,September
Singapore,2020M09,4.0,2020,9,September
Spain,2020M09,341.0,2020,9,September
Sourh Korea,2020M09,4.0,2020,9,September
Switzherland,2020M09,328.0,2020,9,September
Sweden,2020M09,238.0,2020,9,September
Taiwan,2020M09,12.0,2020,9,September
Germany,2020M09,2024.0,2020,9,September
Other Countries,2020M09,1657.0,2020,9,September
Total Passengers,2020M10,9916.0,2020,10,October
Iceland,2020M10,3924.0,2020,10,October
Foreigners,2020M10,5992.0,2020,10,October
Austria,2020M10,33.0,2020,10,October
Australia / New Zealand,2020M10,5.0,2020,10,October
U.S.A.,2020M10,304.0,2020,10,October
Belgium,2020M10,47.0,2020,10,October
U.K.,2020M10,392.0,2020,10,October
Denmark,2020M10,417.0,2020,10,October
Estonia / Latvia / Lithuania,2020M10,208.0,2020,10,October
Finland,2020M10,30.0,2020,10,October
France,2020M10,295.0,2020,10,October
Netherlands,2020M10,119.0,2020,10,October
Hong Kong,2020M10,5.0,2020,10,October
India,2020M10,9.0,2020,10,October
Ireland,2020M10,24.0,2020,10,October
Israel,2020M10,11.0,2020,10,October
Italy,2020M10,157.0,2020,10,October
Japan,2020M10,5.0,2020,10,October
Canada,2020M10,20.0,2020,10,October
China,2020M10,9.0,2020,10,October
Norway,2020M10,92.0,2020,10,October
Poland,2020M10,1608.0,2020,10,October
Russia,2020M10,17.0,2020,10,October
Singapore,2020M10,2.0,2020,10,October
Spain,2020M10,260.0,2020,10,October
Sourh Korea,2020M10,6.0,2020,10,October
Switzherland,2020M10,71.0,2020,10,October
Sweden,2020M10,105.0,2020,10,October
Taiwan,2020M10,5.0,2020,10,October
Germany,2020M10,486.0,2020,10,October
Other Countries,2020M10,1250.0,2020,10,October
Total Passengers,2020M11,5356.0,2020,11,November
Iceland,2020M11,1983.0,2020,11,November
Foreigners,2020M11,3373.0,2020,11,November
Austria,2020M11,19.0,2020,11,November
Australia / New Zealand,2020M11,16.0,2020,11,November
U.S.A.,2020M11,285.0,2020,11,November
Belgium,2020M11,40.0,2020,11,November
U.K.,2020M11,156.0,2020,11,November
Denmark,2020M11,207.0,2020,11,November
Estonia / Latvia / Lithuania,2020M11,276.0,2020,11,November
Finland,2020M11,19.0,2020,11,November
France,2020M11,132.0,2020,11,November
Netherlands,2020M11,89.0,2020,11,November
India,2020M11,12.0,2020,11,November
Ireland,2020M11,16.0,2020,11,November
Israel,2020M11,8.0,2020,11,November
Italy,2020M11,72.0,2020,11,November
Japan,2020M11,9.0,2020,11,November
Canada,2020M11,25.0,2020,11,November
China,2020M11,14.0,2020,11,November
Norway,2020M11,33.0,2020,11,November
Poland,2020M11,821.0,2020,11,November
Russia,2020M11,16.0,2020,11,November
Singapore,2020M11,2.0,2020,11,November
Spain,2020M11,81.0,2020,11,November
Sourh Korea,2020M11,6.0,2020,11,November
Switzherland,2020M11,39.0,2020,11,November
Sweden,2020M11,58.0,2020,11,November
Taiwan,2020M11,2.0,2020,11,November
Germany,2020M11,121.0,2020,11,November
Other Countries,2020M11,799.0,2020,11,November
Total Passengers,2020M12,11665.0,2020,12,December
Iceland,2020M12,3516.0,2020,12,December
Foreigners,2020M12,8149.0,2020,12,December
Austria,2020M12,43.0,2020,12,December
Australia / New Zealand,2020M12,27.0,2020,12,December
U.S.A.,2020M12,238.0,2020,12,December
Belgium,2020M12,30.0,2020,12,December
U.K.,2020M12,375.0,2020,12,December
Denmark,2020M12,287.0,2020,12,December
Estonia / Latvia / Lithuania,2020M12,1357.0,2020,12,December
Finland,2020M12,46.0,2020,12,December
France,2020M12,245.0,2020,12,December
Netherlands,2020M12,84.0,2020,12,December
Hong Kong,2020M12,3.0,2020,12,December
India,2020M12,11.0,2020,12,December
Ireland,2020M12,26.0,2020,12,December
Israel,2020M12,4.0,2020,12,December
Italy,2020M12,103.0,2020,12,December
Japan,2020M12,20.0,2020,12,December
Canada,2020M12,11.0,2020,12,December
China,2020M12,44.0,2020,12,December
Norway,2020M12,57.0,2020,12,December
Poland,2020M12,2871.0,2020,12,December
Russia,2020M12,14.0,2020,12,December
Singapore,2020M12,3.0,2020,12,December
Spain,2020M12,148.0,2020,12,December
Sourh Korea,2020M12,14.0,2020,12,December
Switzherland,2020M12,46.0,2020,12,December
Sweden,2020M12,110.0,2020,12,December
Taiwan,2020M12,4.0,2020,12,December
Germany,2020M12,267.0,2020,12,December
Other Countries,2020M12,1661.0,2020,12,December
Total Passengers,2021M01,10453.0,2021,1,January
Iceland,2021M01,6089.0,2021,1,January
Foreigners,2021M01,4364.0,2021,1,January
Austria,2021M01,57.0,2021,1,January
Australia / New Zealand,2021M01,18.0,2021,1,January
U.S.A.,2021M01,279.0,2021,1,January
Belgium,2021M01,36.0,2021,1,January
U.K.,2021M01,224.0,2021,1,January
Denmark,2021M01,206.0,2021,1,January
Estonia / Latvia / Lithuania,2021M01,346.0,2021,1,January
Finland,2021M01,43.0,2021,1,January
France,2021M01,147.0,2021,1,January
Netherlands,2021M01,64.0,2021,1,January
India,2021M01,11.0,2021,1,January
Ireland,2021M01,14.0,2021,1,January
Israel,2021M01,2.0,2021,1,January
Italy,2021M01,91.0,2021,1,January
Japan,2021M01,7.0,2021,1,January
Canada,2021M01,18.0,2021,1,January
China,2021M01,34.0,2021,1,January
Norway,2021M01,72.0,2021,1,January
Poland,2021M01,1224.0,2021,1,January
Russia,2021M01,20.0,2021,1,January
Singapore,2021M01,4.0,2021,1,January
Spain,2021M01,102.0,2021,1,January
Sourh Korea,2021M01,7.0,2021,1,January
Switzherland,2021M01,47.0,2021,1,January
Sweden,2021M01,150.0,2021,1,January
Taiwan,2021M01,2.0,2021,1,January
Germany,2021M01,407.0,2021,1,January
Other Countries,2021M01,732.0,2021,1,January
Total Passengers,2021M02,5339.0,2021,2,February
Iceland,2021M02,2342.0,2021,2,February
Foreigners,2021M02,2997.0,2021,2,February
Austria,2021M02,12.0,2021,2,February
Australia / New Zealand,2021M02,3.0,2021,2,February
U.S.A.,2021M02,96.0,2021,2,February
Belgium,2021M02,20.0,2021,2,February
U.K.,2021M02,55.0,2021,2,February
Denmark,2021M02,118.0,2021,2,February
Estonia / Latvia / Lithuania,2021M02,182.0,2021,2,February
Finland,2021M02,18.0,2021,2,February
France,2021M02,93.0,2021,2,February
Netherlands,2021M02,63.0,2021,2,February
India,2021M02,4.0,2021,2,February
Ireland,2021M02,13.0,2021,2,February
Italy,2021M02,46.0,2021,2,February
Japan,2021M02,8.0,2021,2,February
Canada,2021M02,8.0,2021,2,February
China,2021M02,13.0,2021,2,February
Norway,2021M02,25.0,2021,2,February
Poland,2021M02,1201.0,2021,2,February
Russia,2021M02,17.0,2021,2,February
Singapore,2021M02,3.0,2021,2,February
Spain,2021M02,60.0,2021,2,February
Sourh Korea,2021M02,3.0,2021,2,February
Switzherland,2021M02,66.0,2021,2,February
Sweden,2021M02,56.0,2021,2,February
Taiwan,2021M02,5.0,2021,2,February
Germany,2021M02,239.0,2021,2,February
Other Countries,2021M02,570.0,2021,2,February
Total Passengers,2021M03,7708.0,2021,3,March
Iceland,2021M03,3121.0,2021,3,March
Foreigners,2021M03,4587.0,2021,3,March
Austria,2021M03,46.0,2021,3,March
Australia / New Zealand,2021M03,9.0,2021,3,March
U.S.A.,2021M03,236.0,2021,3,March
Belgium,2021M03,19.0,2021,3,March
U.K.,2021M03,119.0,2021,3,March
Denmark,2021M03,241.0,2021,3,March
Estonia / Latvia / Lithuania,2021M03,350.0,2021,3,March
Finland,2021M03,14.0,2021,3,March
France,2021M03,217.0,2021,3,March
Netherlands,2021M03,87.0,2021,3,March
India,2021M03,16.0,2021,3,March
Ireland,2021M03,13.0,2021,3,March
Israel,2021M03,1.0,2021,3,March
Italy,2021M03,70.0,2021,3,March
Japan,2021M03,33.0,2021,3,March
Canada,2021M03,13.0,2021,3,March
China,2021M03,10.0,2021,3,March
Norway,2021M03,63.0,2021,3,March
Poland,2021M03,1282.0,2021,3,March
Russia,2021M03,14.0,2021,3,March
Spain,2021M03,83.0,2021,3,March
Sourh Korea,2021M03,3.0,2021,3,March
Switzherland,2021M03,57.0,2021,3,March
Sweden,2021M03,101.0,2021,3,March
Taiwan,2021M03,6.0,2021,3,March
Germany,2021M03,598.0,2021,3,March
Other Countries,2021M03,886.0,2021,3,March
Total Passengers,2021M04,8700.0,2021,4,April
Iceland,2021M04,2912.0,2021,4,April
Foreigners,2021M04,5788.0,2021,4,April
Austria,2021M04,96.0,2021,4,April
Australia / New Zealand,2021M04,12.0,2021,4,April
U.S.A.,2021M04,513.0,2021,4,April
Belgium,2021M04,38.0,2021,4,April
U.K.,2021M04,133.0,2021,4,April
Denmark,2021M04,194.0,2021,4,April
Estonia / Latvia / Lithuania,2021M04,469.0,2021,4,April
Finland,2021M04,13.0,2021,4,April
France,2021M04,213.0,2021,4,April
Netherlands,2021M04,96.0,2021,4,April
India,2021M04,7.0,2021,4,April
Ireland,2021M04,11.0,2021,4,April
Israel,2021M04,42.0,2021,4,April
Italy,2021M04,152.0,2021,4,April
Japan,2021M04,4.0,2021,4,April
Canada,2021M04,20.0,2021,4,April
China,2021M04,28.0,2021,4,April
Norway,2021M04,45.0,2021,4,April
Poland,2021M04,1493.0,2021,4,April
Russia,2021M04,53.0,2021,4,April
Singapore,2021M04,1.0,2021,4,April
Spain,2021M04,170.0,2021,4,April
Sourh Korea,2021M04,5.0,2021,4,April
Switzherland,2021M04,110.0,2021,4,April
Sweden,2021M04,120.0,2021,4,April
Germany,2021M04,722.0,2021,4,April
Other Countries,2021M04,1028.0,2021,4,April
Total Passengers,2021M05,18746.0,2021,5,May
Iceland,2021M05,4373.0,2021,5,May
Foreigners,2021M05,14373.0,2021,5,May
Austria,2021M05,154.0,2021,5,May
Australia / New Zealand,2021M05,48.0,2021,5,May
U.S.A.,2021M05,7479.0,2021,5,May
Belgium,2021M05,104.0,2021,5,May
U.K.,2021M05,175.0,2021,5,May
Denmark,2021M05,406.0,2021,5,May
Estonia / Latvia / Lithuania,2021M05,734.0,2021,5,May
Finland,2021M05,24.0,2021,5,May
France,2021M05,313.0,2021,5,May
Netherlands,2021M05,144.0,2021,5,May
India,2021M05,20.0,2021,5,May
Ireland,2021M05,24.0,2021,5,May
Israel,2021M05,145.0,2021,5,May
Italy,2021M05,133.0,2021,5,May
Japan,2021M05,15.0,2021,5,May
Canada,2021M05,57.0,2021,5,May
China,2021M05,65.0,2021,5,May
Norway,2021M05,56.0,2021,5,May
Poland,2021M05,1314.0,2021,5,May
Russia,2021M05,41.0,2021,5,May
Singapore,2021M05,11.0,2021,5,May
Spain,2021M05,301.0,2021,5,May
Sourh Korea,2021M05,24.0,2021,5,May
Switzherland,2021M05,168.0,2021,5,May
Sweden,2021M05,116.0,2021,5,May
Taiwan,2021M05,5.0,2021,5,May
Germany,2021M05,934.0,2021,5,May
Other Countries,2021M05,1363.0,2021,5,May
Total Passengers,2021M06,56136.0,2021,6,June
Iceland,2021M06,13569.0,2021,6,June
Foreigners,2021M06,42567.0,2021,6,June
Austria,2021M06,324.0,2021,6,June
Australia / New Zealand,2021M06,111.0,2021,6,June
U.S.A.,2021M06,21450.0,2021,6,June
Belgium,2021M06,300.0,2021,6,June
U.K.,2021M06,2249.0,2021,6,June
Denmark,2021M06,837.0,2021,6,June
Estonia / Latvia / Lithuania,2021M06,1020.0,2021,6,June
Finland,2021M06,111.0,2021,6,June
France,2021M06,1784.0,2021,6,June
Netherlands,2021M06,305.0,2021,6,June
Hong Kong,2021M06,5.0,2021,6,June
India,2021M06,5.0,2021,6,June
Ireland,2021M06,82.0,2021,6,June
Israel,2021M06,938.0,2021,6,June
Italy,2021M06,953.0,2021,6,June
Japan,2021M06,39.0,2021,6,June
Canada,2021M06,174.0,2021,6,June
China,2021M06,48.0,2021,6,June
Norway,2021M06,247.0,2021,6,June
Poland,2021M06,3646.0,2021,6,June
Russia,2021M06,44.0,2021,6,June
Singapore,2021M06,10.0,2021,6,June
Spain,2021M06,367.0,2021,6,June
Sourh Korea,2021M06,48.0,2021,6,June
Switzherland,2021M06,580.0,2021,6,June
Sweden,2021M06,319.0,2021,6,June
Taiwan,2021M06,19.0,2021,6,June
Germany,2021M06,3201.0,2021,6,June
Other Countries,2021M06,3351.0,2021,6,June
Total Passengers,2021M07,140968.0,2021,7,July
Iceland,2021M07,31036.0,2021,7,July
Foreigners,2021M07,109932.0,2021,7,July
Austria,2021M07,1785.0,2021,7,July
Australia / New Zealand,2021M07,340.0,2021,7,July
U.S.A.,2021M07,51260.0,2021,7,July
Belgium,2021M07,1199.0,2021,7,July
U.K.,2021M07,5731.0,2021,7,July
Denmark,2021M07,2436.0,2021,7,July
Estonia / Latvia / Lithuania,2021M07,3871.0,2021,7,July
Finland,2021M07,38.0,2021,7,July
France,2021M07,4003.0,2021,7,July
Netherlands,2021M07,1463.0,2021,7,July
Hong Kong,2021M07,28.0,2021,7,July
India,2021M07,94.0,2021,7,July
Ireland,2021M07,142.0,2021,7,July
Israel,2021M07,2455.0,2021,7,July
Italy,2021M07,2162.0,2021,7,July
Japan,2021M07,123.0,2021,7,July
Canada,2021M07,359.0,2021,7,July
China,2021M07,170.0,2021,7,July
Norway,2021M07,897.0,2021,7,July
Poland,2021M07,11208.0,2021,7,July
Russia,2021M07,104.0,2021,7,July
Singapore,2021M07,38.0,2021,7,July
Spain,2021M07,1124.0,2021,7,July
Sourh Korea,2021M07,57.0,2021,7,July
Switzherland,2021M07,1435.0,2021,7,July
Sweden,2021M07,803.0,2021,7,July
Taiwan,2021M07,19.0,2021,7,July
Germany,2021M07,8630.0,2021,7,July
Other Countries,2021M07,7958.0,2021,7,July
Total Passengers,2021M08,172418.0,2021,8,August
Iceland,2021M08,20569.0,2021,8,August
Foreigners,2021M08,151849.0,2021,8,August
Austria,2021M08,3226.0,2021,8,August
Australia / New Zealand,2021M08,269.0,2021,8,August
U.S.A.,2021M08,57556.0,2021,8,August
Belgium,2021M08,2034.0,2021,8,August
U.K.,2021M08,5826.0,2021,8,August
Denmark,2021M08,5386.0,2021,8,August
Estonia / Latvia / Lithuania,2021M08,2070.0,2021,8,August
Finland,2021M08,206.0,2021,8,August
France,2021M08,8523.0,2021,8,August
Netherlands,2021M08,3092.0,2021,8,August
Hong Kong,2021M08,90.0,2021,8,August
India,2021M08,242.0,2021,8,August
Ireland,2021M08,117.0,2021,8,August
Israel,2021M08,5610.0,2021,8,August
Italy,2021M08,9500.0,2021,8,August
Japan,2021M08,269.0,2021,8,August
Canada,2021M08,1344.0,2021,8,August
China,2021M08,224.0,2021,8,August
Norway,2021M08,1237.0,2021,8,August
Poland,2021M08,6569.0,2021,8,August
Russia,2021M08,179.0,2021,8,August
Singapore,2021M08,27.0,2021,8,August
Spain,2021M08,5431.0,2021,8,August
Sourh Korea,2021M08,233.0,2021,8,August
Switzherland,2021M08,3074.0,2021,8,August
Sweden,2021M08,1577.0,2021,8,August
Taiwan,2021M08,9.0,2021,8,August
Germany,2021M08,14716.0,2021,8,August
Other Countries,2021M08,13213.0,2021,8,August
Total Passengers,2021M09,137125.0,2021,9,September
Iceland,2021M09,28892.0,2021,9,September
Foreigners,2021M09,108233.0,2021,9,September
Austria,2021M09,1299.0,2021,9,September
Australia / New Zealand,2021M09,274.0,2021,9,September
U.S.A.,2021M09,30067.0,2021,9,September
Belgium,2021M09,2956.0,2021,9,September
U.K.,2021M09,6566.0,2021,9,September
Denmark,2021M09,4275.0,2021,9,September
Estonia / Latvia / Lithuania,2021M09,1880.0,2021,9,September
Finland,2021M09,170.0,2021,9,September
France,2021M09,6513.0,2021,9,September
Netherlands,2021M09,3661.0,2021,9,September
Hong Kong,2021M09,72.0,2021,9,September
India,2021M09,405.0,2021,9,September
Ireland,2021M09,476.0,2021,9,September
Israel,2021M09,1951.0,2021,9,September
Italy,2021M09,6050.0,2021,9,September
Japan,2021M09,72.0,2021,9,September
Canada,2021M09,1625.0,2021,9,September
China,2021M09,574.0,2021,9,September
Norway,2021M09,1403.0,2021,9,September
Poland,2021M09,5835.0,2021,9,September
Russia,2021M09,333.0,2021,9,September
Singapore,2021M09,78.0,2021,9,September
Spain,2021M09,4242.0,2021,9,September
Sourh Korea,2021M09,85.0,2021,9,September
Switzherland,2021M09,2212.0,2021,9,September
Sweden,2021M09,1116.0,2021,9,September
Taiwan,2021M09,85.0,2021,9,September
Germany,2021M09,13921.0,2021,9,September
Other Countries,2021M09,10037.0,2021,9,September
Total Passengers,2021M10,142694.0,2021,10,October
Iceland,2021M10,39467.0,2021,10,October
Foreigners,2021M10,103227.0,2021,10,October
Austria,2021M10,722.0,2021,10,October
Australia / New Zealand,2021M10,421.0,2021,10,October
U.S.A.,2021M10,32712.0,2021,10,October
Belgium,2021M10,1180.0,2021,10,October
U.K.,2021M10,10226.0,2021,10,October
Denmark,2021M10,5436.0,2021,10,October
Estonia / Latvia / Lithuania,2021M10,1061.0,2021,10,October
Finland,2021M10,534.0,2021,10,October
France,2021M10,3766.0,2021,10,October
Netherlands,2021M10,3735.0,2021,10,October
Hong Kong,2021M10,50.0,2021,10,October
India,2021M10,647.0,2021,10,October
Ireland,2021M10,1174.0,2021,10,October
Israel,2021M10,339.0,2021,10,October
Italy,2021M10,4463.0,2021,10,October
Japan,2021M10,157.0,2021,10,October
Canada,2021M10,1965.0,2021,10,October
China,2021M10,515.0,2021,10,October
Norway,2021M10,1808.0,2021,10,October
Poland,2021M10,5336.0,2021,10,October
Russia,2021M10,295.0,2021,10,October
Singapore,2021M10,38.0,2021,10,October
Spain,2021M10,4488.0,2021,10,October
Sourh Korea,2021M10,157.0,2021,10,October
Switzherland,2021M10,1343.0,2021,10,October
Sweden,2021M10,967.0,2021,10,October
Taiwan,2021M10,220.0,2021,10,October
Germany,2021M10,9956.0,2021,10,October
Other Countries,2021M10,9516.0,2021,10,October
Total Passengers,2021M11,109183.0,2021,11,November
Iceland,2021M11,33727.0,2021,11,November
Foreigners,2021M11,75456.0,2021,11,November
Austria,2021M11,920.0,2021,11,November
Australia / New Zealand,2021M11,297.0,2021,11,November
U.S.A.,2021M11,14282.0,2021,11,November
Belgium,2021M11,2107.0,2021,11,November
U.K.,2021M11,11030.0,2021,11,November
Denmark,2021M11,2375.0,2021,11,November
Estonia / Latvia / Lithuania,2021M11,840.0,2021,11,November
Finland,2021M11,268.0,2021,11,November
France,2021M11,7025.0,2021,11,November
Netherlands,2021M11,2853.0,2021,11,November
Hong Kong,2021M11,51.0,2021,11,November
India,2021M11,435.0,2021,11,November
Ireland,2021M11,1905.0,2021,11,November
Israel,2021M11,51.0,2021,11,November
Italy,2021M11,3092.0,2021,11,November
Japan,2021M11,145.0,2021,11,November
Canada,2021M11,978.0,2021,11,November
China,2021M11,601.0,2021,11,November
Norway,2021M11,898.0,2021,11,November
Poland,2021M11,5439.0,2021,11,November
Russia,2021M11,167.0,2021,11,November
Singapore,2021M11,29.0,2021,11,November
Spain,2021M11,1557.0,2021,11,November
Sourh Korea,2021M11,239.0,2021,11,November
Switzherland,2021M11,811.0,2021,11,November
Sweden,2021M11,1543.0,2021,11,November
Taiwan,2021M11,14.0,2021,11,November
Germany,2021M11,7865.0,2021,11,November
Other Countries,2021M11,7639.0,2021,11,November
Total Passengers,2021M12,97588.0,2021,12,December
Iceland,2021M12,33270.0,2021,12,December
Foreigners,2021M12,64318.0,2021,12,December
Austria,2021M12,119.0,2021,12,December
Australia / New Zealand,2021M12,419.0,2021,12,December
U.S.A.,2021M12,11163.0,2021,12,December
Belgium,2021M12,401.0,2021,12,December
U.K.,2021M12,12303.0,2021,12,December
Denmark,2021M12,2329.0,2021,12,December
Estonia / Latvia / Lithuania,2021M12,2091.0,2021,12,December
Finland,2021M12,207.0,2021,12,December
France,2021M12,3963.0,2021,12,December
Netherlands,2021M12,1540.0,2021,12,December
Hong Kong,2021M12,200.0,2021,12,December
India,2021M12,432.0,2021,12,December
Ireland,2021M12,739.0,2021,12,December
Israel,2021M12,232.0,2021,12,December
Italy,2021M12,1334.0,2021,12,December
Japan,2021M12,250.0,2021,12,December
Canada,2021M12,739.0,2021,12,December
China,2021M12,3706.0,2021,12,December
Norway,2021M12,689.0,2021,12,December
Poland,2021M12,7494.0,2021,12,December
Russia,2021M12,94.0,2021,12,December
Singapore,2021M12,56.0,2021,12,December
Spain,2021M12,1640.0,2021,12,December
Sourh Korea,2021M12,470.0,2021,12,December
Switzherland,2021M12,526.0,2021,12,December
Sweden,2021M12,851.0,2021,12,December
Taiwan,2021M12,182.0,2021,12,December
Germany,2021M12,2586.0,2021,12,December
Other Countries,2021M12,7563.0,2021,12,December
Total Passengers,2022M01,82864.0,2022,1,January
Iceland,2022M01,15208.0,2022,1,January
Foreigners,2022M01,67656.0,2022,1,January
Austria,2022M01,306.0,2022,1,January
Australia / New Zealand,2022M01,289.0,2022,1,January
U.S.A.,2022M01,14009.0,2022,1,January
Belgium,2022M01,604.0,2022,1,January
U.K.,2022M01,16083.0,2022,1,January
Denmark,2022M01,1216.0,2022,1,January
Estonia / Latvia / Lithuania,2022M01,1978.0,2022,1,January
Finland,2022M01,158.0,2022,1,January
France,2022M01,2258.0,2022,1,January
Netherlands,2022M01,2441.0,2022,1,January
Hong Kong,2022M01,79.0,2022,1,January
India,2022M01,350.0,2022,1,January
Ireland,2022M01,1006.0,2022,1,January
Israel,2022M01,79.0,2022,1,January
Italy,2022M01,3535.0,2022,1,January
Japan,2022M01,254.0,2022,1,January
Canada,2022M01,604.0,2022,1,January
China,2022M01,1698.0,2022,1,January
Norway,2022M01,823.0,2022,1,January
Poland,2022M01,4288.0,2022,1,January
Russia,2022M01,184.0,2022,1,January
Singapore,2022M01,88.0,2022,1,January
Spain,2022M01,1234.0,2022,1,January
Sourh Korea,2022M01,193.0,2022,1,January
Switzherland,2022M01,726.0,2022,1,January
Sweden,2022M01,613.0,2022,1,January
Taiwan,2022M01,61.0,2022,1,January
Germany,2022M01,3859.0,2022,1,January
Other Countries,2022M01,8640.0,2022,1,January
Total Passengers,2022M02,103815.0,2022,2,February
Iceland,2022M02,27985.0,2022,2,February
Foreigners,2022M02,75830.0,2022,2,February
Austria,2022M02,628.0,2022,2,February
Australia / New Zealand,2022M02,288.0,2022,2,February
U.S.A.,2022M02,10567.0,2022,2,February
Belgium,2022M02,364.0,2022,2,February
U.K.,2022M02,28842.0,2022,2,February
Denmark,2022M02,1984.0,2022,2,February
Estonia / Latvia / Lithuania,2022M02,364.0,2022,2,February
Finland,2022M02,135.0,2022,2,February
France,2022M02,5278.0,2022,2,February
Netherlands,2022M02,2924.0,2022,2,February
Hong Kong,2022M02,129.0,2022,2,February
India,2022M02,399.0,2022,2,February
Ireland,2022M02,1685.0,2022,2,February
Israel,2022M02,88.0,2022,2,February
Italy,2022M02,886.0,2022,2,February
Japan,2022M02,217.0,2022,2,February
Canada,2022M02,393.0,2022,2,February
China,2022M02,1356.0,2022,2,February
Norway,2022M02,658.0,2022,2,February
Poland,2022M02,2994.0,2022,2,February
Russia,2022M02,82.0,2022,2,February
Singapore,2022M02,112.0,2022,2,February
Spain,2022M02,1779.0,2022,2,February
Sourh Korea,2022M02,405.0,2022,2,February
Switzherland,2022M02,370.0,2022,2,February
Sweden,2022M02,663.0,2022,2,February
Taiwan,2022M02,76.0,2022,2,February
Germany,2022M02,4808.0,2022,2,February
Other Countries,2022M02,7356.0,2022,2,February
Total Passengers,2022M03,135364.0,2022,3,March
Iceland,2022M03,34191.0,2022,3,March
Foreigners,2022M03,101173.0,2022,3,March
Austria,2022M03,596.0,2022,3,March
Australia / New Zealand,2022M03,475.0,2022,3,March
U.S.A.,2022M03,16433.0,2022,3,March
Belgium,2022M03,1065.0,2022,3,March
U.K.,2022M03,27886.0,2022,3,March
Denmark,2022M03,2768.0,2022,3,March
Estonia / Latvia / Lithuania,2022M03,1430.0,2022,3,March
Finland,2022M03,359.0,2022,3,March
France,2022M03,5964.0,2022,3,March
Netherlands,2022M03,2716.0,2022,3,March
Hong Kong,2022M03,272.0,2022,3,March
India,2022M03,481.0,2022,3,March
Ireland,2022M03,1818.0,2022,3,March
Israel,2022M03,151.0,2022,3,March
Italy,2022M03,2860.0,2022,3,March
Japan,2022M03,405.0,2022,3,March
Canada,2022M03,1233.0,2022,3,March
China,2022M03,1442.0,2022,3,March
Norway,2022M03,1233.0,2022,3,March
Poland,2022M03,4372.0,2022,3,March
Russia,2022M03,64.0,2022,3,March
Singapore,2022M03,116.0,2022,3,March
Spain,2022M03,2860.0,2022,3,March
Sourh Korea,2022M03,295.0,2022,3,March
Switzherland,2022M03,649.0,2022,3,March
Sweden,2022M03,1077.0,2022,3,March
Taiwan,2022M03,179.0,2022,3,March
Germany,2022M03,8940.0,2022,3,March
Other Countries,2022M03,13034.0,2022,3,March
Total Passengers,2022M04,160103.0,2022,4,April
Iceland,2022M04,57875.0,2022,4,April
Foreigners,2022M04,102228.0,2022,4,April
Austria,2022M04,968.0,2022,4,April
Australia / New Zealand,2022M04,688.0,2022,4,April
U.S.A.,2022M04,17833.0,2022,4,April
Belgium,2022M04,856.0,2022,4,April
U.K.,2022M04,16065.0,2022,4,April
Denmark,2022M04,4880.0,2022,4,April
Estonia / Latvia / Lithuania,2022M04,2000.0,2022,4,April
Finland,2022M04,1400.0,2022,4,April
France,2022M04,5672.0,2022,4,April
Netherlands,2022M04,2464.0,2022,4,April
Hong Kong,2022M04,176.0,2022,4,April
India,2022M04,680.0,2022,4,April
Ireland,2022M04,1544.0,2022,4,April
Israel,2022M04,432.0,2022,4,April
Italy,2022M04,2576.0,2022,4,April
Japan,2022M04,248.0,2022,4,April
Canada,2022M04,1528.0,2022,4,April
China,2022M04,1896.0,2022,4,April
Norway,2022M04,1784.0,2022,4,April
Poland,2022M04,11088.0,2022,4,April
Russia,2022M04,96.0,2022,4,April
Singapore,2022M04,208.0,2022,4,April
Spain,2022M04,4032.0,2022,4,April
Sourh Korea,2022M04,432.0,2022,4,April
Switzherland,2022M04,1344.0,2022,4,April
Sweden,2022M04,2184.0,2022,4,April
Taiwan,2022M04,136.0,2022,4,April
Germany,2022M04,5576.0,2022,4,April
Other Countries,2022M04,13442.0,2022,4,April
Total Passengers,2022M05,170015.0,2022,5,May
Iceland,2022M05,62412.0,2022,5,May
Foreigners,2022M05,107603.0,2022,5,May
Austria,2022M05,704.0,2022,5,May
Australia / New Zealand,2022M05,649.0,2022,5,May
U.S.A.,2022M05,24901.0,2022,5,May
Belgium,2022M05,786.0,2022,5,May
U.K.,2022M05,9168.0,2022,5,May
Denmark,2022M05,5561.0,2022,5,May
Estonia / Latvia / Lithuania,2022M05,1646.0,2022,5,May
Finland,2022M05,1216.0,2022,5,May
France,2022M05,7603.0,2022,5,May
Netherlands,2022M05,7767.0,2022,5,May
Hong Kong,2022M05,68.0,2022,5,May
India,2022M05,963.0,2022,5,May
Ireland,2022M05,683.0,2022,5,May
Israel,2022M05,232.0,2022,5,May
Italy,2022M05,3224.0,2022,5,May
Japan,2022M05,164.0,2022,5,May
Canada,2022M05,2992.0,2022,5,May
China,2022M05,594.0,2022,5,May
Norway,2022M05,3880.0,2022,5,May
Poland,2022M05,5732.0,2022,5,May
Russia,2022M05,157.0,2022,5,May
Singapore,2022M05,314.0,2022,5,May
Spain,2022M05,3286.0,2022,5,May
Sourh Korea,2022M05,198.0,2022,5,May
Switzherland,2022M05,1394.0,2022,5,May
Sweden,2022M05,3006.0,2022,5,May
Taiwan,2022M05,34.0,2022,5,May
Germany,2022M05,8451.0,2022,5,May
Other Countries,2022M05,12230.0,2022,5,May
Total Passengers,2022M06,242537.0,2022,6,June
Iceland,2022M06,65857.0,2022,6,June
Foreigners,2022M06,176680.0,2022,6,June
Austria,2022M06,1755.0,2022,6,June
Australia / New Zealand,2022M06,1161.0,2022,6,June
U.S.A.,2022M06,53563.0,2022,6,June
Belgium,2022M06,3417.0,2022,6,June
U.K.,2022M06,10446.0,2022,6,June
Denmark,2022M06,5306.0,2022,6,June
Estonia / Latvia / Lithuania,2022M06,3911.0,2022,6,June
Finland,2022M06,2903.0,2022,6,June
France,2022M06,10866.0,2022,6,June
Netherlands,2022M06,4285.0,2022,6,June
Hong Kong,2022M06,187.0,2022,6,June
India,2022M06,1535.0,2022,6,June
Ireland,2022M06,1382.0,2022,6,June
Israel,2022M06,387.0,2022,6,June
Italy,2022M06,6334.0,2022,6,June
Japan,2022M06,300.0,2022,6,June
Canada,2022M06,5173.0,2022,6,June
China,2022M06,1035.0,2022,6,June
Norway,2022M06,5446.0,2022,6,June
Poland,2022M06,7302.0,2022,6,June
Russia,2022M06,320.0,2022,6,June
Singapore,2022M06,948.0,2022,6,June
Spain,2022M06,2963.0,2022,6,June
Sourh Korea,2022M06,521.0,2022,6,June
Switzherland,2022M06,3311.0,2022,6,June
Sweden,2022M06,4145.0,2022,6,June
Taiwan,2022M06,107.0,2022,6,June
Germany,2022M06,21318.0,2022,6,June
Other Countries,2022M06,16353.0,2022,6,June
Total Passengers,2022M07,299473.0,2022,7,July
Iceland,2022M07,65284.0,2022,7,July
Foreigners,2022M07,234189.0,2022,7,July
Austria,2022M07,3019.0,2022,7,July
Australia / New Zealand,2022M07,1754.0,2022,7,July
U.S.A.,2022M07,78635.0,2022,7,July
Belgium,2022M07,4366.0,2022,7,July
U.K.,2022M07,11992.0,2022,7,July
Denmark,2022M07,13212.0,2022,7,July
Estonia / Latvia / Lithuania,2022M07,3432.0,2022,7,July
Finland,2022M07,1957.0,2022,7,July
France,2022M07,12672.0,2022,7,July
Netherlands,2022M07,6101.0,2022,7,July
Hong Kong,2022M07,235.0,2022,7,July
India,2022M07,1589.0,2022,7,July
Ireland,2022M07,1125.0,2022,7,July
Israel,2022M07,2802.0,2022,7,July
Italy,2022M07,8427.0,2022,7,July
Japan,2022M07,356.0,2022,7,July
Canada,2022M07,8090.0,2022,7,July
China,2022M07,1468.0,2022,7,July
Norway,2022M07,4213.0,2022,7,July
Poland,2022M07,11674.0,2022,7,July
Russia,2022M07,616.0,2022,7,July
Singapore,2022M07,324.0,2022,7,July
Spain,2022M07,7117.0,2022,7,July
Sourh Korea,2022M07,801.0,2022,7,July
Switzherland,2022M07,4931.0,2022,7,July
Sweden,2022M07,5548.0,2022,7,July
Taiwan,2022M07,203.0,2022,7,July
Germany,2022M07,17196.0,2022,7,July
Other Countries,2022M07,20334.0,2022,7,July
Total Passengers,2022M08,292134.0,2022,8,August
Iceland,2022M08,49464.0,2022,8,August
Foreigners,2022M08,242670.0,2022,8,August
Austria,2022M08,2517.0,2022,8,August
Australia / New Zealand,2022M08,1376.0,2022,8,August
U.S.A.,2022M08,72518.0,2022,8,August
Belgium,2022M08,4108.0,2022,8,August
U.K.,2022M08,11705.0,2022,8,August
Denmark,2022M08,6665.0,2022,8,August
Estonia / Latvia / Lithuania,2022M08,3457.0,2022,8,August
Finland,2022M08,1839.0,2022,8,August
France,2022M08,17363.0,2022,8,August
Netherlands,2022M08,6517.0,2022,8,August
Hong Kong,2022M08,221.0,2022,8,August
India,2022M08,1302.0,2022,8,August
Ireland,2022M08,1302.0,2022,8,August
Israel,2022M08,4624.0,2022,8,August
Italy,2022M08,18698.0,2022,8,August
Japan,2022M08,617.0,2022,8,August
Canada,2022M08,8698.0,2022,8,August
China,2022M08,1483.0,2022,8,August
Norway,2022M08,4222.0,2022,8,August
Poland,2022M08,9571.0,2022,8,August
Russia,2022M08,530.0,2022,8,August
Singapore,2022M08,302.0,2022,8,August
Spain,2022M08,9967.0,2022,8,August
Sourh Korea,2022M08,960.0,2022,8,August
Switzherland,2022M08,4296.0,2022,8,August
Sweden,2022M08,5215.0,2022,8,August
Taiwan,2022M08,302.0,2022,8,August
Germany,2022M08,24282.0,2022,8,August
Other Countries,2022M08,18013.0,2022,8,August
Total Passengers,2022M09,237270.0,2022,9,September
Iceland,2022M09,60282.0,2022,9,September
Foreigners,2022M09,176988.0,2022,9,September
Austria,2022M09,2219.0,2022,9,September
Australia / New Zealand,2022M09,1891.0,2022,9,September
U.S.A.,2022M09,53317.0,2022,9,September
Belgium,2022M09,2565.0,2022,9,September
U.K.,2022M09,10791.0,2022,9,September
Denmark,2022M09,5439.0,2022,9,September
Estonia / Latvia / Lithuania,2022M09,2786.0,2022,9,September
Finland,2022M09,1891.0,2022,9,September
France,2022M09,8345.0,2022,9,September
Netherlands,2022M09,7267.0,2022,9,September
Hong Kong,2022M09,296.0,2022,9,September
India,2022M09,1765.0,2022,9,September
Ireland,2022M09,939.0,2022,9,September
Israel,2022M09,1904.0,2022,9,September
Italy,2022M09,5887.0,2022,9,September
Japan,2022M09,517.0,2022,9,September
Canada,2022M09,7003.0,2022,9,September
China,2022M09,1500.0,2022,9,September
Norway,2022M09,3032.0,2022,9,September
Poland,2022M09,7639.0,2022,9,September
Russia,2022M09,416.0,2022,9,September
Singapore,2022M09,668.0,2022,9,September
Spain,2022M09,8358.0,2022,9,September
Sourh Korea,2022M09,592.0,2022,9,September
Switzherland,2022M09,2559.0,2022,9,September
Sweden,2022M09,3448.0,2022,9,September
Taiwan,2022M09,429.0,2022,9,September
Germany,2022M09,15965.0,2022,9,September
Other Countries,2022M09,17560.0,2022,9,September
Total Passengers,2022M10,230323.0,2022,10,October
Iceland,2022M10,71536.0,2022,10,October
Foreigners,2022M10,158787.0,2022,10,October
Austria,2022M10,849.0,2022,10,October
Australia / New Zealand,2022M10,1262.0,2022,10,October
U.S.A.,2022M10,51915.0,2022,10,October
Belgium,2022M10,766.0,2022,10,October
U.K.,2022M10,24714.0,2022,10,October
Denmark,2022M10,6242.0,2022,10,October
Estonia / Latvia / Lithuania,2022M10,1172.0,2022,10,October
Finland,2022M10,1052.0,2022,10,October
France,2022M10,4199.0,2022,10,October
Netherlands,2022M10,3786.0,2022,10,October
Hong Kong,2022M10,165.0,2022,10,October
India,2022M10,1863.0,2022,10,October
Ireland,2022M10,1991.0,2022,10,October
Israel,2022M10,481.0,2022,10,October
Italy,2022M10,4364.0,2022,10,October
Japan,2022M10,263.0,2022,10,October
Canada,2022M10,3478.0,2022,10,October
China,2022M10,1600.0,2022,10,October
Norway,2022M10,2592.0,2022,10,October
Poland,2022M10,7572.0,2022,10,October
Russia,2022M10,128.0,2022,10,October
Singapore,2022M10,931.0,2022,10,October
Spain,2022M10,4124.0,2022,10,October
Sourh Korea,2022M10,458.0,2022,10,October
Switzherland,2022M10,2186.0,2022,10,October
Sweden,2022M10,2224.0,2022,10,October
Taiwan,2022M10,466.0,2022,10,October
Germany,2022M10,9255.0,2022,10,October
Other Countries,2022M10,18689.0,2022,10,October
Total Passengers,2022M11,172561.0,2022,11,November
Iceland,2022M11,34368.0,2022,11,November
Foreigners,2022M11,138193.0,2022,11,November
Austria,2022M11,667.0,2022,11,November
Australia / New Zealand,2022M11,1448.0,2022,11,November
U.S.A.,2022M11,42484.0,2022,11,November
Belgium,2022M11,969.0,2022,11,November
U.K.,2022M11,34462.0,2022,11,November
Denmark,2022M11,2927.0,2022,11,November
Estonia / Latvia / Lithuania,2022M11,1042.0,2022,11,November
Finland,2022M11,698.0,2022,11,November
France,2022M11,4532.0,2022,11,November
Netherlands,2022M11,2292.0,2022,11,November
Hong Kong,2022M11,552.0,2022,11,November
India,2022M11,740.0,2022,11,November
Ireland,2022M11,3250.0,2022,11,November
Israel,2022M11,94.0,2022,11,November
Italy,2022M11,1427.0,2022,11,November
Japan,2022M11,667.0,2022,11,November
Canada,2022M11,2542.0,2022,11,November
China,2022M11,1677.0,2022,11,November
Norway,2022M11,698.0,2022,11,November
Poland,2022M11,3573.0,2022,11,November
Russia,2022M11,104.0,2022,11,November
Singapore,2022M11,1063.0,2022,11,November
Spain,2022M11,2552.0,2022,11,November
Sourh Korea,2022M11,1469.0,2022,11,November
Switzherland,2022M11,1396.0,2022,11,November
Sweden,2022M11,1042.0,2022,11,November
Taiwan,2022M11,271.0,2022,11,November
Germany,2022M11,7272.0,2022,11,November
Other Countries,2022M11,16283.0,2022,11,November
Total Passengers,2022M12,156976.0,2022,12,December
Iceland,2022M12,42188.0,2022,12,December
Foreigners,2022M12,114788.0,2022,12,December
Austria,2022M12,695.0,2022,12,December
Australia / New Zealand,2022M12,1687.0,2022,12,December
U.S.A.,2022M12,21839.0,2022,12,December
Belgium,2022M12,322.0,2022,12,December
U.K.,2022M12,27689.0,2022,12,December
Denmark,2022M12,2546.0,2022,12,December
Estonia / Latvia / Lithuania,2022M12,3462.0,2022,12,December
Finland,2022M12,625.0,2022,12,December
France,2022M12,4624.0,2022,12,December
Netherlands,2022M12,2799.0,2022,12,December
Hong Kong,2022M12,562.0,2022,12,December
India,2022M12,840.0,2022,12,December
Ireland,2022M12,2217.0,2022,12,December
Israel,2022M12,88.0,2022,12,December
Italy,2022M12,3020.0,2022,12,December
Japan,2022M12,783.0,2022,12,December
Canada,2022M12,1914.0,2022,12,December
China,2022M12,5003.0,2022,12,December
Norway,2022M12,714.0,2022,12,December
Poland,2022M12,7878.0,2022,12,December
Russia,2022M12,158.0,2022,12,December
Singapore,2022M12,878.0,2022,12,December
Spain,2022M12,2464.0,2022,12,December
Sourh Korea,2022M12,986.0,2022,12,December
Switzherland,2022M12,594.0,2022,12,December
Sweden,2022M12,1282.0,2022,12,December
Taiwan,2022M12,486.0,2022,12,December
Germany,2022M12,4890.0,2022,12,December
Other Countries,2022M12,13743.0,2022,12,December
Total Passengers,2023M01,162894.0,2023,1,January
Iceland,2023M01,41841.0,2023,1,January
Foreigners,2023M01,121053.0,2023,1,January
Austria,2023M01,759.0,2023,1,January
Australia / New Zealand,2023M01,2158.0,2023,1,January
U.S.A.,2023M01,28386.0,2023,1,January
Belgium,2023M01,321.0,2023,1,January
U.K.,2023M01,29638.0,2023,1,January
Denmark,2023M01,2839.0,2023,1,January
Estonia / Latvia / Lithuania,2023M01,2674.0,2023,1,January
Finland,2023M01,532.0,2023,1,January
France,2023M01,3887.0,2023,1,January
Netherlands,2023M01,2588.0,2023,1,January
Hong Kong,2023M01,461.0,2023,1,January
India,2023M01,555.0,2023,1,January
Ireland,2023M01,3026.0,2023,1,January
Israel,2023M01,55.0,2023,1,January
Italy,2023M01,4457.0,2023,1,January
Japan,2023M01,1064.0,2023,1,January
Canada,2023M01,1462.0,2023,1,January
China,2023M01,4786.0,2023,1,January
Norway,2023M01,657.0,2023,1,January
Poland,2023M01,5161.0,2023,1,January
Russia,2023M01,195.0,2023,1,January
Singapore,2023M01,227.0,2023,1,January
Spain,2023M01,2158.0,2023,1,January
Sourh Korea,2023M01,985.0,2023,1,January
Switzherland,2023M01,688.0,2023,1,January
Sweden,2023M01,1236.0,2023,1,January
Taiwan,2023M01,946.0,2023,1,January
Germany,2023M01,5677.0,2023,1,January
Other Countries,2023M01,13475.0,2023,1,January
Total Passengers,2023M02,176278.0,2023,2,February
Iceland,2023M02,39201.0,2023,2,February
Foreigners,2023M02,137077.0,2023,2,February
Austria,2023M02,1333.0,2023,2,February
Australia / New Zealand,2023M02,1295.0,2023,2,February
U.S.A.,2023M02,20686.0,2023,2,February
Belgium,2023M02,1030.0,2023,2,February
U.K.,2023M02,39332.0,2023,2,February
Denmark,2023M02,3695.0,2023,2,February
Estonia / Latvia / Lithuania,2023M02,1699.0,2023,2,February
Finland,2023M02,771.0,2023,2,February
France,2023M02,9209.0,2023,2,February
Netherlands,2023M02,2520.0,2023,2,February
Hong Kong,2023M02,455.0,2023,2,February
India,2023M02,827.0,2023,2,February
Ireland,2023M02,5009.0,2023,2,February
Israel,2023M02,183.0,2023,2,February
Italy,2023M02,4674.0,2023,2,February
Japan,2023M02,1017.0,2023,2,February
Canada,2023M02,1503.0,2023,2,February
China,2023M02,3044.0,2023,2,February
Norway,2023M02,1049.0,2023,2,February
Poland,2023M02,5470.0,2023,2,February
Russia,2023M02,177.0,2023,2,February
Singapore,2023M02,663.0,2023,2,February
Spain,2023M02,2836.0,2023,2,February
Sourh Korea,2023M02,1301.0,2023,2,February
Switzherland,2023M02,2097.0,2023,2,February
Sweden,2023M02,1156.0,2023,2,February
Taiwan,2023M02,436.0,2023,2,February
Germany,2023M02,9367.0,2023,2,February
Other Countries,2023M02,14243.0,2023,2,February
Total Passengers,2023M03,201071.0,2023,3,March
Iceland,2023M03,40155.0,2023,3,March
Foreigners,2023M03,160916.0,2023,3,March
Austria,2023M03,1057.0,2023,3,March
Australia / New Zealand,2023M03,1307.0,2023,3,March
U.S.A.,2023M03,30749.0,2023,3,March
Belgium,2023M03,1375.0,2023,3,March
U.K.,2023M03,37989.0,2023,3,March
Denmark,2023M03,3488.0,2023,3,March
Estonia / Latvia / Lithuania,2023M03,2892.0,2023,3,March
Finland,2023M03,1219.0,2023,3,March
France,2023M03,7430.0,2023,3,March
Netherlands,2023M03,3441.0,2023,3,March
Hong Kong,2023M03,643.0,2023,3,March
India,2023M03,1917.0,2023,3,March
Ireland,2023M03,2310.0,2023,3,March
Israel,2023M03,237.0,2023,3,March
Italy,2023M03,7579.0,2023,3,March
Japan,2023M03,1172.0,2023,3,March
Canada,2023M03,2513.0,2023,3,March
China,2023M03,3447.0,2023,3,March
Norway,2023M03,1890.0,2023,3,March
Poland,2023M03,8852.0,2023,3,March
Russia,2023M03,68.0,2023,3,March
Singapore,2023M03,948.0,2023,3,March
Spain,2023M03,3651.0,2023,3,March
Sourh Korea,2023M03,1761.0,2023,3,March
Switzherland,2023M03,1402.0,2023,3,March
Sweden,2023M03,1483.0,2023,3,March
Taiwan,2023M03,1686.0,2023,3,March
Germany,2023M03,10559.0,2023,3,March
Other Countries,2023M03,17851.0,2023,3,March
Total Passengers,2023M04,198708.0,2023,4,April
Iceland,2023M04,56528.0,2023,4,April
Foreigners,2023M04,142180.0,2023,4,April
Austria,2023M04,1039.0,2023,4,April
Australia / New Zealand,2023M04,1117.0,2023,4,April
U.S.A.,2023M04,37834.0,2023,4,April
Belgium,2023M04,1046.0,2023,4,April
U.K.,2023M04,23584.0,2023,4,April
Denmark,2023M04,4710.0,2023,4,April
Estonia / Latvia / Lithuania,2023M04,1921.0,2023,4,April
Finland,2023M04,1686.0,2023,4,April
France,2023M04,5841.0,2023,4,April
Netherlands,2023M04,2277.0,2023,4,April
Hong Kong,2023M04,398.0,2023,4,April
India,2023M04,1174.0,2023,4,April
Ireland,2023M04,1850.0,2023,4,April
Israel,2023M04,213.0,2023,4,April
Italy,2023M04,4518.0,2023,4,April
Japan,2023M04,811.0,2023,4,April
Canada,2023M04,2647.0,2023,4,April
China,2023M04,2511.0,2023,4,April
Norway,2023M04,3187.0,2023,4,April
Poland,2023M04,9035.0,2023,4,April
Russia,2023M04,242.0,2023,4,April
Singapore,2023M04,477.0,2023,4,April
Spain,2023M04,3756.0,2023,4,April
Sourh Korea,2023M04,619.0,2023,4,April
Switzherland,2023M04,1487.0,2023,4,April
Sweden,2023M04,2504.0,2023,4,April
Taiwan,2023M04,839.0,2023,4,April
Germany,2023M04,7854.0,2023,4,April
Other Countries,2023M04,17003.0,2023,4,April
Total Passengers,2023M05,220094.0,2023,5,May
Iceland,2023M05,61782.0,2023,5,May
Foreigners,2023M05,158312.0,2023,5,May
Austria,2023M05,2099.0,2023,5,May
Australia / New Zealand,2023M05,2178.0,2023,5,May
U.S.A.,2023M05,40619.0,2023,5,May
Belgium,2023M05,835.0,2023,5,May
U.K.,2023M05,6928.0,2023,5,May
Denmark,2023M05,5100.0,2023,5,May
Estonia / Latvia / Lithuania,2023M05,4840.0,2023,5,May
Finland,2023M05,2110.0,2023,5,May
France,2023M05,10572.0,2023,5,May
Netherlands,2023M05,9105.0,2023,5,May
Hong Kong,2023M05,756.0,2023,5,May
India,2023M05,1151.0,2023,5,May
Ireland,2023M05,711.0,2023,5,May
Israel,2023M05,733.0,2023,5,May
Italy,2023M05,4728.0,2023,5,May
Japan,2023M05,564.0,2023,5,May
Canada,2023M05,3250.0,2023,5,May
China,2023M05,1219.0,2023,5,May
Norway,2023M05,3407.0,2023,5,May
Poland,2023M05,14645.0,2023,5,May
Russia,2023M05,575.0,2023,5,May
Singapore,2023M05,812.0,2023,5,May
Spain,2023M05,3746.0,2023,5,May
Sourh Korea,2023M05,417.0,2023,5,May
Switzherland,2023M05,632.0,2023,5,May
Sweden,2023M05,1828.0,2023,5,May
Taiwan,2023M05,1264.0,2023,5,May
Germany,2023M05,9410.0,2023,5,May
Other Countries,2023M05,24078.0,2023,5,May
Total Passengers,2023M06,289040.0,2023,6,June
Iceland,2023M06,55731.0,2023,6,June
Foreigners,2023M06,233309.0,2023,6,June
Austria,2023M06,2012.0,2023,6,June
Australia / New Zealand,2023M06,1887.0,2023,6,June
U.S.A.,2023M06,101006.0,2023,6,June
Belgium,2023M06,739.0,2023,6,June
U.K.,2023M06,10254.0,2023,6,June
Denmark,2023M06,3410.0,2023,6,June
Estonia / Latvia / Lithuania,2023M06,2751.0,2023,6,June
Finland,2023M06,637.0,2023,6,June
France,2023M06,9697.0,2023,6,June
Netherlands,2023M06,6002.0,2023,6,June
Hong Kong,2023M06,523.0,2023,6,June
India,2023M06,2330.0,2023,6,June
Ireland,2023M06,557.0,2023,6,June
Israel,2023M06,1216.0,2023,6,June
Italy,2023M06,5070.0,2023,6,June
Japan,2023M06,716.0,2023,6,June
Canada,2023M06,5400.0,2023,6,June
China,2023M06,2546.0,2023,6,June
Norway,2023M06,3285.0,2023,6,June
Poland,2023M06,16313.0,2023,6,June
Russia,2023M06,318.0,2023,6,June
Singapore,2023M06,1069.0,2023,6,June
Spain,2023M06,5957.0,2023,6,June
Sourh Korea,2023M06,580.0,2023,6,June
Switzherland,2023M06,1887.0,2023,6,June
Sweden,2023M06,3763.0,2023,6,June
Taiwan,2023M06,603.0,2023,6,June
Germany,2023M06,17723.0,2023,6,June
Other Countries,2023M06,25058.0,2023,6,June
Total Passengers,2023M07,346379.0,2023,7,July
Iceland,2023M07,71088.0,2023,7,July
Foreigners,2023M07,275291.0,2023,7,July
Austria,2023M07,2150.0,2023,7,July
Australia / New Zealand,2023M07,1615.0,2023,7,July
U.S.A.,2023M07,113568.0,2023,7,July
Belgium,2023M07,941.0,2023,7,July
U.K.,2023M07,11008.0,2023,7,July
Denmark,2023M07,7580.0,2023,7,July
Estonia / Latvia / Lithuania,2023M07,4469.0,2023,7,July
Finland,2023M07,852.0,2023,7,July
France,2023M07,13624.0,2023,7,July
Netherlands,2023M07,4984.0,2023,7,July
Hong Kong,2023M07,377.0,2023,7,July
India,2023M07,1575.0,2023,7,July
Ireland,2023M07,614.0,2023,7,July
Israel,2023M07,3101.0,2023,7,July
Italy,2023M07,8670.0,2023,7,July
Japan,2023M07,664.0,2023,7,July
Canada,2023M07,7560.0,2023,7,July
China,2023M07,3557.0,2023,7,July
Norway,2023M07,4488.0,2023,7,July
Poland,2023M07,20381.0,2023,7,July
Russia,2023M07,406.0,2023,7,July
Singapore,2023M07,525.0,2023,7,July
Spain,2023M07,6163.0,2023,7,July
Sourh Korea,2023M07,327.0,2023,7,July
Switzherland,2023M07,1952.0,2023,7,July
Sweden,2023M07,3755.0,2023,7,July
Taiwan,2023M07,594.0,2023,7,July
Germany,2023M07,21967.0,2023,7,July
Other Countries,2023M07,27824.0,2023,7,July
Total Passengers,2023M08,326782.0,2023,8,August
Iceland,2023M08,46061.0,2023,8,August
Foreigners,2023M08,280721.0,2023,8,August
Austria,2023M08,3629.0,2023,8,August
Australia / New Zealand,2023M08,3051.0,2023,8,August
U.S.A.,2023M08,86660.0,2023,8,August
Belgium,2023M08,2092.0,2023,8,August
U.K.,2023M08,14091.0,2023,8,August
Denmark,2023M08,7304.0,2023,8,August
Estonia / Latvia / Lithuania,2023M08,4230.0,2023,8,August
Finland,2023M08,1522.0,2023,8,August
France,2023M08,16952.0,2023,8,August
Netherlands,2023M08,5539.0,2023,8,August
Hong Kong,2023M08,837.0,2023,8,August
India,2023M08,1415.0,2023,8,August
Ireland,2023M08,1050.0,2023,8,August
Israel,2023M08,4542.0,2023,8,August
Italy,2023M08,18511.0,2023,8,August
Japan,2023M08,1248.0,2023,8,August
Canada,2023M08,11124.0,2023,8,August
China,2023M08,4679.0,2023,8,August
Norway,2023M08,3416.0,2023,8,August
Poland,2023M08,15932.0,2023,8,August
Russia,2023M08,373.0,2023,8,August
Singapore,2023M08,479.0,2023,8,August
Spain,2023M08,15795.0,2023,8,August
Sourh Korea,2023M08,966.0,2023,8,August
Switzherland,2023M08,4504.0,2023,8,August
Sweden,2023M08,4436.0,2023,8,August
Taiwan,2023M08,1202.0,2023,8,August
Germany,2023M08,21144.0,2023,8,August
Other Countries,2023M08,23998.0,2023,8,August
Total Passengers,2023M09,268355.0,2023,9,September
Iceland,2023M09,50120.0,2023,9,September
Foreigners,2023M09,218235.0,2023,9,September
Austria,2023M09,2836.0,2023,9,September
Australia / New Zealand,2023M09,4175.0,2023,9,September
U.S.A.,2023M09,70492.0,2023,9,September
Belgium,2023M09,2426.0,2023,9,September
U.K.,2023M09,10958.0,2023,9,September
Denmark,2023M09,4309.0,2023,9,September
Estonia / Latvia / Lithuania,2023M09,2545.0,2023,9,September
Finland,2023M09,1812.0,2023,9,September
France,2023M09,8508.0,2023,9,September
Netherlands,2023M09,4813.0,2023,9,September
Hong Kong,2023M09,764.0,2023,9,September
India,2023M09,2623.0,2023,9,September
Ireland,2023M09,1150.0,2023,9,September
Israel,2023M09,2781.0,2023,9,September
Italy,2023M09,8571.0,2023,9,September
Japan,2023M09,867.0,2023,9,September
Canada,2023M09,10974.0,2023,9,September
China,2023M09,3931.0,2023,9,September
Norway,2023M09,3466.0,2023,9,September
Poland,2023M09,11376.0,2023,9,September
Russia,2023M09,449.0,2023,9,September
Singapore,2023M09,945.0,2023,9,September
Spain,2023M09,9721.0,2023,9,September
Sourh Korea,2023M09,662.0,2023,9,September
Switzherland,2023M09,3293.0,2023,9,September
Sweden,2023M09,2584.0,2023,9,September
Taiwan,2023M09,1253.0,2023,9,September
Germany,2023M09,16496.0,2023,9,September
Other Countries,2023M09,23455.0,2023,9,September
Total Passengers,2023M10,260912.0,2023,10,October
Iceland,2023M10,57933.0,2023,10,October
Foreigners,2023M10,202979.0,2023,10,October
Austria,2023M10,2108.0,2023,10,October
Australia / New Zealand,2023M10,2794.0,2023,10,October
U.S.A.,2023M10,52505.0,2023,10,October
Belgium,2023M10,1042.0,2023,10,October
U.K.,2023M10,28268.0,2023,10,October
Denmark,2023M10,4176.0,2023,10,October
Estonia / Latvia / Lithuania,2023M10,3093.0,2023,10,October
Finland,2023M10,1276.0,2023,10,October
France,2023M10,6607.0,2023,10,October
Netherlands,2023M10,6356.0,2023,10,October
Hong Kong,2023M10,1058.0,2023,10,October
India,2023M10,2794.0,2023,10,October
Ireland,2023M10,2407.0,2023,10,October
Israel,2023M10,888.0,2023,10,October
Italy,2023M10,5161.0,2023,10,October
Japan,2023M10,1082.0,2023,10,October
Canada,2023M10,7220.0,2023,10,October
China,2023M10,7333.0,2023,10,October
Norway,2023M10,3497.0,2023,10,October
Poland,2023M10,9126.0,2023,10,October
Russia,2023M10,234.0,2023,10,October
Singapore,2023M10,1866.0,2023,10,October
Spain,2023M10,6607.0,2023,10,October
Sourh Korea,2023M10,1171.0,2023,10,October
Switzherland,2023M10,2286.0,2023,10,October
Sweden,2023M10,3126.0,2023,10,October
Taiwan,2023M10,2076.0,2023,10,October
Germany,2023M10,9619.0,2023,10,October
Other Countries,2023M10,27203.0,2023,10,October
Total Passengers,2023M11,193788.0,2023,11,November
Iceland,2023M11,45378.0,2023,11,November
Foreigners,2023M11,148410.0,2023,11,November
Austria,2023M11,742.0,2023,11,November
Australia / New Zealand,2023M11,1840.0,2023,11,November
U.S.A.,2023M11,32205.0,2023,11,November
Belgium,2023M11,1461.0,2023,11,November
U.K.,2023M11,38042.0,2023,11,November
Denmark,2023M11,2636.0,2023,11,November
Estonia / Latvia / Lithuania,2023M11,2095.0,2023,11,November
Finland,2023M11,526.0,2023,11,November
France,2023M11,4445.0,2023,11,November
Netherlands,2023M11,2543.0,2023,11,November
Hong Kong,2023M11,734.0,2023,11,November
India,2023M11,1770.0,2023,11,November
Ireland,2023M11,1909.0,2023,11,November
Israel,2023M11,39.0,2023,11,November
Italy,2023M11,5303.0,2023,11,November
Japan,2023M11,858.0,2023,11,November
Canada,2023M11,3293.0,2023,11,November
China,2023M11,3687.0,2023,11,November
Norway,2023M11,904.0,2023,11,November
Poland,2023M11,9192.0,2023,11,November
Russia,2023M11,100.0,2023,11,November
Singapore,2023M11,1956.0,2023,11,November
Spain,2023M11,4747.0,2023,11,November
Sourh Korea,2023M11,1105.0,2023,11,November
Switzherland,2023M11,928.0,2023,11,November
Sweden,2023M11,1407.0,2023,11,November
Taiwan,2023M11,1763.0,2023,11,November
Germany,2023M11,4785.0,2023,11,November
Other Countries,2023M11,17395.0,2023,11,November
Total Passengers,2023M12,172990.0,2023,12,December
Iceland,2023M12,37291.0,2023,12,December
Foreigners,2023M12,135699.0,2023,12,December
Austria,2023M12,451.0,2023,12,December
Australia / New Zealand,2023M12,1898.0,2023,12,December
U.S.A.,2023M12,24627.0,2023,12,December
Belgium,2023M12,368.0,2023,12,December
U.K.,2023M12,33797.0,2023,12,December
Denmark,2023M12,2274.0,2023,12,December
Estonia / Latvia / Lithuania,2023M12,3712.0,2023,12,December
Finland,2023M12,376.0,2023,12,December
France,2023M12,3862.0,2023,12,December
Netherlands,2023M12,3494.0,2023,12,December
Hong Kong,2023M12,677.0,2023,12,December
India,2023M12,1371.0,2023,12,December
Ireland,2023M12,1605.0,2023,12,December
Israel,2023M12,134.0,2023,12,December
Italy,2023M12,4146.0,2023,12,December
Japan,2023M12,995.0,2023,12,December
Canada,2023M12,2232.0,2023,12,December
China,2023M12,7340.0,2023,12,December
Norway,2023M12,869.0,2023,12,December
Poland,2023M12,11101.0,2023,12,December
Russia,2023M12,84.0,2023,12,December
Singapore,2023M12,1028.0,2023,12,December
Spain,2023M12,3553.0,2023,12,December
Sourh Korea,2023M12,1881.0,2023,12,December
Switzherland,2023M12,761.0,2023,12,December
Sweden,2023M12,1296.0,2023,12,December
Taiwan,2023M12,1062.0,2023,12,December
Germany,2023M12,4046.0,2023,12,December
Other Countries,2023M12,16659.0,2023,12,December
Total Passengers,2024M01,167683.0,2024,1,January
Iceland,2024M01,39622.0,2024,1,January
Foreigners,2024M01,128061.0,2024,1,January
Austria,2024M01,393.0,2024,1,January
Australia / New Zealand,2024M01,2558.0,2024,1,January
U.S.A.,2024M01,27109.0,2024,1,January
Belgium,2024M01,543.0,2024,1,January
U.K.,2024M01,29299.0,2024,1,January
Denmark,2024M01,2976.0,2024,1,January
Estonia / Latvia / Lithuania,2024M01,1137.0,2024,1,January
Finland,2024M01,585.0,2024,1,January
France,2024M01,4940.0,2024,1,January
Netherlands,2024M01,6378.0,2024,1,January
Hong Kong,2024M01,744.0,2024,1,January
India,2024M01,577.0,2024,1,January
Ireland,2024M01,1989.0,2024,1,January
Israel,2024M01,25.0,2024,1,January
Italy,2024M01,5392.0,2024,1,January
Japan,2024M01,886.0,2024,1,January
Canada,2024M01,2240.0,2024,1,January
China,2024M01,6077.0,2024,1,January
Norway,2024M01,1605.0,2024,1,January
Poland,2024M01,5325.0,2024,1,January
Russia,2024M01,92.0,2024,1,January
Singapore,2024M01,401.0,2024,1,January
Spain,2024M01,3243.0,2024,1,January
Sourh Korea,2024M01,1120.0,2024,1,January
Switzherland,2024M01,1371.0,2024,1,January
Sweden,2024M01,894.0,2024,1,January
Taiwan,2024M01,953.0,2024,1,January
Germany,2024M01,8058.0,2024,1,January
Other Countries,2024M01,11151.0,2024,1,January
Total Passengers,2024M02,193125.0,2024,2,February
Iceland,2024M02,37415.0,2024,2,February
Foreigners,2024M02,155710.0,2024,2,February
Austria,2024M02,836.0,2024,2,February
Australia / New Zealand,2024M02,1215.0,2024,2,February
U.S.A.,2024M02,26250.0,2024,2,February
Belgium,2024M02,1164.0,2024,2,February
U.K.,2024M02,48426.0,2024,2,February
Denmark,2024M02,4953.0,2024,2,February
Estonia / Latvia / Lithuania,2024M02,735.0,2024,2,February
Finland,2024M02,524.0,2024,2,February
France,2024M02,6655.0,2024,2,February
Netherlands,2024M02,7921.0,2024,2,February
Hong Kong,2024M02,844.0,2024,2,February
India,2024M02,909.0,2024,2,February
Ireland,2024M02,1731.0,2024,2,February
Israel,2024M02,138.0,2024,2,February
Italy,2024M02,3797.0,2024,2,February
Japan,2024M02,866.0,2024,2,February
Canada,2024M02,3717.0,2024,2,February
China,2024M02,10874.0,2024,2,February
Norway,2024M02,916.0,2024,2,February
Poland,2024M02,4786.0,2024,2,February
Russia,2024M02,145.0,2024,2,February
Singapore,2024M02,647.0,2024,2,February
Spain,2024M02,2858.0,2024,2,February
Sourh Korea,2024M02,1164.0,2024,2,February
Switzherland,2024M02,1477.0,2024,2,February
Sweden,2024M02,633.0,2024,2,February
Taiwan,2024M02,1586.0,2024,2,February
Germany,2024M02,6793.0,2024,2,February
Other Countries,2024M02,13150.0,2024,2,February
Total Passengers,2024M03,229705.0,2024,3,March
Iceland,2024M03,57736.0,2024,3,March
Foreigners,2024M03,171969.0,2024,3,March
Austria,2024M03,1188.0,2024,3,March
Australia / New Zealand,2024M03,1558.0,2024,3,March
U.S.A.,2024M03,38417.0,2024,3,March
Belgium,2024M03,1487.0,2024,3,March
U.K.,2024M03,35002.0,2024,3,March
Denmark,2024M03,4646.0,2024,3,March
Estonia / Latvia / Lithuania,2024M03,2946.0,2024,3,March
Finland,2024M03,704.0,2024,3,March
France,2024M03,8432.0,2024,3,March
Netherlands,2024M03,4938.0,2024,3,March
Hong Kong,2024M03,1018.0,2024,3,March
India,2024M03,2199.0,2024,3,March
Ireland,2024M03,1864.0,2024,3,March
Israel,2024M03,384.0,2024,3,March
Italy,2024M03,8489.0,2024,3,March
Japan,2024M03,875.0,2024,3,March
Canada,2024M03,3565.0,2024,3,March
China,2024M03,7827.0,2024,3,March
Norway,2024M03,975.0,2024,3,March
Poland,2024M03,5436.0,2024,3,March
Russia,2024M03,157.0,2024,3,March
Singapore,2024M03,840.0,2024,3,March
Spain,2024M03,5166.0,2024,3,March
Sourh Korea,2024M03,1480.0,2024,3,March
Switzherland,2024M03,1174.0,2024,3,March
Sweden,2024M03,1217.0,2024,3,March
Taiwan,2024M03,1921.0,2024,3,March
Germany,2024M03,8183.0,2024,3,March
Other Countries,2024M03,19881.0,2024,3,March
Total Passengers,2024M04,182232.0,2024,4,April
Iceland,2024M04,45022.0,2024,4,April
Foreigners,2024M04,137210.0,2024,4,April
Austria,2024M04,1055.0,2024,4,April
Australia / New Zealand,2024M04,1737.0,2024,4,April
U.S.A.,2024M04,32405.0,2024,4,April
Belgium,2024M04,388.0,2024,4,April
U.K.,2024M04,16026.0,2024,4,April
Denmark,2024M04,5926.0,2024,4,April
Estonia / Latvia / Lithuania,2024M04,1786.0,2024,4,April
Finland,2024M04,2183.0,2024,4,April
France,2024M04,7103.0,2024,4,April
Netherlands,2024M04,3036.0,2024,4,April
Hong Kong,2024M04,510.0,2024,4,April
India,2024M04,1403.0,2024,4,April
Ireland,2024M04,1261.0,2024,4,April
Israel,2024M04,255.0,2024,4,April
Italy,2024M04,6451.0,2024,4,April
Japan,2024M04,348.0,2024,4,April
Canada,2024M04,4577.0,2024,4,April
China,2024M04,4366.0,2024,4,April
Norway,2024M04,1938.0,2024,4,April
Poland,2024M04,8364.0,2024,4,April
Russia,2024M04,147.0,2024,4,April
Singapore,2024M04,456.0,2024,4,April
Spain,2024M04,5523.0,2024,4,April
Sourh Korea,2024M04,432.0,2024,4,April
Switzherland,2024M04,1437.0,2024,4,April
Sweden,2024M04,1722.0,2024,4,April
Taiwan,2024M04,1055.0,2024,4,April
Germany,2024M04,6519.0,2024,4,April
Other Countries,2024M04,18801.0,2024,4,April
Total Passengers,2024M05,210598.0,2024,5,May
Iceland,2024M05,53232.0,2024,5,May
Foreigners,2024M05,157366.0,2024,5,May
Austria,2024M05,1184.0,2024,5,May
Australia / New Zealand,2024M05,1519.0,2024,5,May
U.S.A.,2024M05,42801.0,2024,5,May
Belgium,2024M05,721.0,2024,5,May
U.K.,2024M05,9410.0,2024,5,May
Denmark,2024M05,5676.0,2024,5,May
Estonia / Latvia / Lithuania,2024M05,2334.0,2024,5,May
Finland,2024M05,2363.0,2024,5,May
France,2024M05,6485.0,2024,5,May
Netherlands,2024M05,7376.0,2024,5,May
Hong Kong,2024M05,592.0,2024,5,May
India,2024M05,1425.0,2024,5,May
Ireland,2024M05,809.0,2024,5,May
Israel,2024M05,322.0,2024,5,May
Italy,2024M05,6948.0,2024,5,May
Japan,2024M05,733.0,2024,5,May
Canada,2024M05,6027.0,2024,5,May
China,2024M05,3283.0,2024,5,May
Norway,2024M05,2521.0,2024,5,May
Poland,2024M05,13362.0,2024,5,May
Russia,2024M05,176.0,2024,5,May
Singapore,2024M05,967.0,2024,5,May
Spain,2024M05,5863.0,2024,5,May
Sourh Korea,2024M05,539.0,2024,5,May
Switzherland,2024M05,1659.0,2024,5,May
Sweden,2024M05,2164.0,2024,5,May
Taiwan,2024M05,604.0,2024,5,May
Germany,2024M05,11064.0,2024,5,May
Other Countries,2024M05,18439.0,2024,5,May
Total Passengers,2024M06,277262.0,2024,6,June
Iceland,2024M06,64871.0,2024,6,June
Foreigners,2024M06,212391.0,2024,6,June
Austria,2024M06,1878.0,2024,6,June
Australia / New Zealand,2024M06,2920.0,2024,6,June
U.S.A.,2024M06,81337.0,2024,6,June
Belgium,2024M06,2172.0,2024,6,June
U.K.,2024M06,9801.0,2024,6,June
Denmark,2024M06,4106.0,2024,6,June
Estonia / Latvia / Lithuania,2024M06,3390.0,2024,6,June
Finland,2024M06,2208.0,2024,6,June
France,2024M06,7561.0,2024,6,June
Netherlands,2024M06,6037.0,2024,6,June
Hong Kong,2024M06,1034.0,2024,6,June
India,2024M06,2976.0,2024,6,June
Ireland,2024M06,772.0,2024,6,June
Israel,2024M06,322.0,2024,6,June
Italy,2024M06,5582.0,2024,6,June
Japan,2024M06,760.0,2024,6,June
Canada,2024M06,8957.0,2024,6,June
China,2024M06,5880.0,2024,6,June
Norway,2024M06,2417.0,2024,6,June
Poland,2024M06,9278.0,2024,6,June
Russia,2024M06,346.0,2024,6,June
Singapore,2024M06,953.0,2024,6,June
Spain,2024M06,5067.0,2024,6,June
Sourh Korea,2024M06,535.0,2024,6,June
Switzherland,2024M06,2823.0,2024,6,June
Sweden,2024M06,3539.0,2024,6,June
Taiwan,2024M06,2441.0,2024,6,June
Germany,2024M06,14615.0,2024,6,June
Other Countries,2024M06,22684.0,2024,6,June
Total Passengers,2024M07,339235.0,2024,7,July
Iceland,2024M07,62614.0,2024,7,July
Foreigners,2024M07,276621.0,2024,7,July
Austria,2024M07,2837.0,2024,7,July
Australia / New Zealand,2024M07,3516.0,2024,7,July
U.S.A.,2024M07,99058.0,2024,7,July
Belgium,2024M07,3942.0,2024,7,July
U.K.,2024M07,12596.0,2024,7,July
Denmark,2024M07,8785.0,2024,7,July
Estonia / Latvia / Lithuania,2024M07,3642.0,2024,7,July
Finland,2024M07,2255.0,2024,7,July
France,2024M07,10029.0,2024,7,July
Netherlands,2024M07,5982.0,2024,7,July
Hong Kong,2024M07,708.0,2024,7,July
India,2024M07,2765.0,2024,7,July
Ireland,2024M07,1050.0,2024,7,July
Israel,2024M07,1045.0,2024,7,July
Italy,2024M07,9114.0,2024,7,July
Japan,2024M07,687.0,2024,7,July
Canada,2024M07,12154.0,2024,7,July
China,2024M07,7702.0,2024,7,July
Norway,2024M07,4254.0,2024,7,July
Poland,2024M07,14413.0,2024,7,July
Russia,2024M07,746.0,2024,7,July
Singapore,2024M07,540.0,2024,7,July
Spain,2024M07,7744.0,2024,7,July
Sourh Korea,2024M07,1058.0,2024,7,July
Switzherland,2024M07,5463.0,2024,7,July
Sweden,2024M07,4544.0,2024,7,July
Taiwan,2024M07,2614.0,2024,7,July
Germany,2024M07,18435.0,2024,7,July
Other Countries,2024M07,28943.0,2024,7,July
Total Passengers,2024M08,333627.0,2024,8,August
Iceland,2024M08,52177.0,2024,8,August
Foreigners,2024M08,281450.0,2024,8,August
Austria,2024M08,2776.0,2024,8,August
Australia / New Zealand,2024M08,3086.0,2024,8,August
U.S.A.,2024M08,84982.0,2024,8,August
Belgium,2024M08,4278.0,2024,8,August
U.K.,2024M08,10736.0,2024,8,August
Denmark,2024M08,5190.0,2024,8,August
Estonia / Latvia / Lithuania,2024M08,5321.0,2024,8,August
Finland,2024M08,1785.0,2024,8,August
France,2024M08,16456.0,2024,8,August
Netherlands,2024M08,7265.0,2024,8,August
Hong Kong,2024M08,803.0,2024,8,August
India,2024M08,2484.0,2024,8,August
Ireland,2024M08,1108.0,2024,8,August
Israel,2024M08,1052.0,2024,8,August
Italy,2024M08,21608.0,2024,8,August
Japan,2024M08,1292.0,2024,8,August
Canada,2024M08,12831.0,2024,8,August
China,2024M08,9158.0,2024,8,August
Norway,2024M08,2729.0,2024,8,August
Poland,2024M08,11008.0,2024,8,August
Russia,2024M08,766.0,2024,8,August
Singapore,2024M08,700.0,2024,8,August
Spain,2024M08,12187.0,2024,8,August
Sourh Korea,2024M08,1973.0,2024,8,August
Switzherland,2024M08,5467.0,2024,8,August
Sweden,2024M08,3419.0,2024,8,August
Taiwan,2024M08,2466.0,2024,8,August
Germany,2024M08,22806.0,2024,8,August
Other Countries,2024M08,25718.0,2024,8,August
Total Passengers,2024M09,274810.0,2024,9,September
Iceland,2024M09,51785.0,2024,9,September
Foreigners,2024M09,223025.0,2024,9,September
Austria,2024M09,2145.0,2024,9,September
Australia / New Zealand,2024M09,4069.0,2024,9,September
U.S.A.,2024M09,70398.0,2024,9,September
Belgium,2024M09,2722.0,2024,9,September
U.K.,2024M09,10802.0,2024,9,September
Denmark,2024M09,5053.0,2024,9,September
Estonia / Latvia / Lithuania,2024M09,5944.0,2024,9,September
Finland,2024M09,1658.0,2024,9,September
France,2024M09,8036.0,2024,9,September
Netherlands,2024M09,5244.0,2024,9,September
Hong Kong,2024M09,900.0,2024,9,September
India,2024M09,3803.0,2024,9,September
Ireland,2024M09,1556.0,2024,9,September
Israel,2024M09,1325.0,2024,9,September
Italy,2024M09,8830.0,2024,9,September
Japan,2024M09,1365.0,2024,9,September
Canada,2024M09,11033.0,2024,9,September
China,2024M09,7048.0,2024,9,September
Norway,2024M09,2881.0,2024,9,September
Poland,2024M09,11538.0,2024,9,September
Russia,2024M09,488.0,2024,9,September
Singapore,2024M09,1312.0,2024,9,September
Spain,2024M09,8901.0,2024,9,September
Sourh Korea,2024M09,1157.0,2024,9,September
Switzherland,2024M09,3417.0,2024,9,September
Sweden,2024M09,2074.0,2024,9,September
Taiwan,2024M09,2810.0,2024,9,September
Germany,2024M09,15496.0,2024,9,September
Other Countries,2024M09,21020.0,2024,9,September
Total Passengers,2024M10,267663.0,2024,10,October
Iceland,2024M10,54796.0,2024,10,October
Foreigners,2024M10,212867.0,2024,10,October
Austria,2024M10,1264.0,2024,10,October
Australia / New Zealand,2024M10,2882.0,2024,10,October
U.S.A.,2024M10,52163.0,2024,10,October
Belgium,2024M10,1358.0,2024,10,October
U.K.,2024M10,24268.0,2024,10,October
Denmark,2024M10,5327.0,2024,10,October
Estonia / Latvia / Lithuania,2024M10,3213.0,2024,10,October
Finland,2024M10,1642.0,2024,10,October
France,2024M10,9403.0,2024,10,October
Netherlands,2024M10,6278.0,2024,10,October
Hong Kong,2024M10,904.0,2024,10,October
India,2024M10,4010.0,2024,10,October
Ireland,2024M10,2699.0,2024,10,October
Israel,2024M10,289.0,2024,10,October
Italy,2024M10,8381.0,2024,10,October
Japan,2024M10,998.0,2024,10,October
Canada,2024M10,6225.0,2024,10,October
China,2024M10,9361.0,2024,10,October
Norway,2024M10,2516.0,2024,10,October
Poland,2024M10,9066.0,2024,10,October
Russia,2024M10,289.0,2024,10,October
Singapore,2024M10,1553.0,2024,10,October
Spain,2024M10,6461.0,2024,10,October
Sourh Korea,2024M10,1488.0,2024,10,October
Switzherland,2024M10,2410.0,2024,10,October
Sweden,2024M10,1618.0,2024,10,October
Taiwan,2024M10,3189.0,2024,10,October
Germany,2024M10,17246.0,2024,10,October
Other Countries,2024M10,26366.0,2024,10,October
Total Passengers,2024M11,197625.0,2024,11,November
Iceland,2024M11,35352.0,2024,11,November
Foreigners,2024M11,162273.0,2024,11,November
Austria,2024M11,1026.0,2024,11,November
Australia / New Zealand,2024M11,2111.0,2024,11,November
U.S.A.,2024M11,37836.0,2024,11,November
Belgium,2024M11,813.0,2024,11,November
U.K.,2024M11,34486.0,2024,11,November
Denmark,2024M11,3170.0,2024,11,November
Estonia / Latvia / Lithuania,2024M11,3956.0,2024,11,November
Finland,2024M11,726.0,2024,11,November
France,2024M11,6007.0,2024,11,November
Netherlands,2024M11,3596.0,2024,11,November
Hong Kong,2024M11,1279.0,2024,11,November
India,2024M11,1665.0,2024,11,November
Ireland,2024M11,2058.0,2024,11,November
Israel,2024M11,93.0,2024,11,November
Italy,2024M11,8092.0,2024,11,November
Japan,2024M11,1006.0,2024,11,November
Canada,2024M11,3470.0,2024,11,November
China,2024M11,4516.0,2024,11,November
Norway,2024M11,1405.0,2024,11,November
Poland,2024M11,5282.0,2024,11,November
Russia,2024M11,173.0,2024,11,November
Singapore,2024M11,1678.0,2024,11,November
Spain,2024M11,4782.0,2024,11,November
Sourh Korea,2024M11,1612.0,2024,11,November
Switzherland,2024M11,1585.0,2024,11,November
Sweden,2024M11,1712.0,2024,11,November
Taiwan,2024M11,2324.0,2024,11,November
Germany,2024M11,7832.0,2024,11,November
Other Countries,2024M11,17982.0,2024,11,November
Total Passengers,2024M12,188731.0,2024,12,December
Iceland,2024M12,46283.0,2024,12,December
Foreigners,2024M12,142448.0,2024,12,December
Austria,2024M12,649.0,2024,12,December
Australia / New Zealand,2024M12,2563.0,2024,12,December
U.S.A.,2024M12,27640.0,2024,12,December
Belgium,2024M12,559.0,2024,12,December
U.K.,2024M12,25394.0,2024,12,December
Denmark,2024M12,1851.0,2024,12,December
Estonia / Latvia / Lithuania,2024M12,5893.0,2024,12,December
Finland,2024M12,858.0,2024,12,December
France,2024M12,4482.0,2024,12,December
Netherlands,2024M12,3499.0,2024,12,December
Hong Kong,2024M12,1055.0,2024,12,December
India,2024M12,1716.0,2024,12,December
Ireland,2024M12,2055.0,2024,12,December
Israel,2024M12,62.0,2024,12,December
Italy,2024M12,6017.0,2024,12,December
Japan,2024M12,1259.0,2024,12,December
Canada,2024M12,2986.0,2024,12,December
China,2024M12,9736.0,2024,12,December
Norway,2024M12,638.0,2024,12,December
Poland,2024M12,10628.0,2024,12,December
Russia,2024M12,220.0,2024,12,December
Singapore,2024M12,2077.0,2024,12,December
Spain,2024M12,4053.0,2024,12,December
Sourh Korea,2024M12,2196.0,2024,12,December
Switzherland,2024M12,604.0,2024,12,December
Sweden,2024M12,1095.0,2024,12,December
Taiwan,2024M12,1326.0,2024,12,December
Germany,2024M12,4832.0,2024,12,December
Other Countries,2024M12,16505.0,2024,12,December
Total Passengers,2025M01,168084.0,2025,1,January
Iceland,2025M01,47420.0,2025,1,January
Foreigners,2025M01,120664.0,2025,1,January
Austria,2025M01,544.0,2025,1,January
Australia / New Zealand,2025M01,2604.0,2025,1,January
U.S.A.,2025M01,32149.0,2025,1,January
Belgium,2025M01,754.0,2025,1,January
U.K.,2025M01,20007.0,2025,1,January
Denmark,2025M01,3496.0,2025,1,January
Estonia / Latvia / Lithuania,2025M01,2867.0,2025,1,January
Finland,2025M01,315.0,2025,1,January
France,2025M01,5779.0,2025,1,January
Netherlands,2025M01,2762.0,2025,1,January
Hong Kong,2025M01,538.0,2025,1,January
India,2025M01,1010.0,2025,1,January
Ireland,2025M01,1765.0,2025,1,January
Israel,2025M01,164.0,2025,1,January
Italy,2025M01,2283.0,2025,1,January
Japan,2025M01,1187.0,2025,1,January
Canada,2025M01,2178.0,2025,1,January
China,2025M01,8842.0,2025,1,January
Norway,2025M01,1220.0,2025,1,January
Poland,2025M01,3227.0,2025,1,January
Russia,2025M01,112.0,2025,1,January
Singapore,2025M01,459.0,2025,1,January
Spain,2025M01,3339.0,2025,1,January
Sourh Korea,2025M01,1574.0,2025,1,January
Switzherland,2025M01,1509.0,2025,1,January
Sweden,2025M01,1082.0,2025,1,January
Taiwan,2025M01,1036.0,2025,1,January
Germany,2025M01,7681.0,2025,1,January
Other Countries,2025M01,10181.0,2025,1,January
Total Passengers,2025M02,187301.0,2025,2,February
Iceland,2025M02,40365.0,2025,2,February
Foreigners,2025M02,146936.0,2025,2,February
Austria,2025M02,569.0,2025,2,February
Australia / New Zealand,2025M02,1473.0,2025,2,February
U.S.A.,2025M02,28750.0,2025,2,February
Belgium,2025M02,1229.0,2025,2,February
U.K.,2025M02,41413.0,2025,2,February
Denmark,2025M02,2332.0,2025,2,February
Estonia / Latvia / Lithuania,2025M02,2965.0,2025,2,February
Finland,2025M02,542.0,2025,2,February
France,2025M02,5956.0,2025,2,February
Netherlands,2025M02,6336.0,2025,2,February
Hong Kong,2025M02,1211.0,2025,2,February
India,2025M02,1799.0,2025,2,February
Ireland,2025M02,2901.0,2025,2,February
Israel,2025M02,145.0,2025,2,February
Italy,2025M02,5775.0,2025,2,February
Japan,2025M02,1898.0,2025,2,February
Canada,2025M02,2214.0,2025,2,February
China,2025M02,7945.0,2025,2,February
Norway,2025M02,1338.0,2025,2,February
Poland,2025M02,3778.0,2025,2,February
Russia,2025M02,163.0,2025,2,February
Singapore,2025M02,371.0,2025,2,February
Spain,2025M02,3001.0,2025,2,February
Sourh Korea,2025M02,1862.0,2025,2,February
Switzherland,2025M02,3353.0,2025,2,February
Sweden,2025M02,1193.0,2025,2,February
Taiwan,2025M02,1799.0,2025,2,February
Germany,2025M02,4962.0,2025,2,February
Other Countries,2025M02,9663.0,2025,2,February
Total Passengers,2025M03,206288.0,2025,3,March
Iceland,2025M03,58025.0,2025,3,March
Foreigners,2025M03,148263.0,2025,3,March
Austria,2025M03,859.0,2025,3,March
Australia / New Zealand,2025M03,1844.0,2025,3,March
U.S.A.,2025M03,34207.0,2025,3,March
Belgium,2025M03,1705.0,2025,3,March
U.K.,2025M03,18528.0,2025,3,March
Denmark,2025M03,2755.0,2025,3,March
Estonia / Latvia / Lithuania,2025M03,2656.0,2025,3,March
Finland,2025M03,1183.0,2025,3,March
France,2025M03,7189.0,2025,3,March
Netherlands,2025M03,3766.0,2025,3,March
Hong Kong,2025M03,1877.0,2025,3,March
India,2025M03,2934.0,2025,3,March
Ireland,2025M03,1824.0,2025,3,March
Israel,2025M03,291.0,2025,3,March
Italy,2025M03,5768.0,2025,3,March
Japan,2025M03,1368.0,2025,3,March
Canada,2025M03,3086.0,2025,3,March
China,2025M03,6475.0,2025,3,March
Norway,2025M03,1282.0,2025,3,March
Poland,2025M03,3542.0,2025,3,March
Russia,2025M03,152.0,2025,3,March
Singapore,2025M03,892.0,2025,3,March
Spain,2025M03,4843.0,2025,3,March
Sourh Korea,2025M03,1553.0,2025,3,March
Switzherland,2025M03,2736.0,2025,3,March
Sweden,2025M03,2075.0,2025,3,March
Taiwan,2025M03,2947.0,2025,3,March
Germany,2025M03,13374.0,2025,3,March
Other Countries,2025M03,16552.0,2025,3,March
Total Passengers,2025M04,223969.0,2025,4,April
Iceland,2025M04,77906.0,2025,4,April
Foreigners,2025M04,146063.0,2025,4,April
Austria,2025M04,399.0,2025,4,April
Australia / New Zealand,2025M04,2039.0,2025,4,April
U.S.A.,2025M04,32702.0,2025,4,April
Belgium,2025M04,1160.0,2025,4,April
U.K.,2025M04,19943.0,2025,4,April
Denmark,2025M04,3996.0,2025,4,April
Estonia / Latvia / Lithuania,2025M04,1656.0,2025,4,April
Finland,2025M04,1543.0,2025,4,April
France,2025M04,6673.0,2025,4,April
Netherlands,2025M04,3199.0,2025,4,April
Hong Kong,2025M04,1047.0,2025,4,April
India,2025M04,2151.0,2025,4,April
Ireland,2025M04,2422.0,2025,4,April
Israel,2025M04,118.0,2025,4,April
Italy,2025M04,5447.0,2025,4,April
Japan,2025M04,598.0,2025,4,April
Canada,2025M04,4185.0,2025,4,April
China,2025M04,7230.0,2025,4,April
Norway,2025M04,2586.0,2025,4,April
Poland,2025M04,6367.0,2025,4,April
Russia,2025M04,266.0,2025,4,April
Singapore,2025M04,664.0,2025,4,April
Spain,2025M04,6581.0,2025,4,April
Sourh Korea,2025M04,833.0,2025,4,April
Switzherland,2025M04,1799.0,2025,4,April
Sweden,2025M04,1834.0,2025,4,April
Taiwan,2025M04,1783.0,2025,4,April
Germany,2025M04,8211.0,2025,4,April
Other Countries,2025M04,18631.0,2025,4,April
Total Passengers,2025M05,225970.0,2025,5,May
Iceland,2025M05,66586.0,2025,5,May
Foreigners,2025M05,159384.0,2025,5,May
Austria,2025M05,646.0,2025,5,May
Australia / New Zealand,2025M05,2369.0,2025,5,May
U.S.A.,2025M05,53026.0,2025,5,May
Belgium,2025M05,1472.0,2025,5,May
U.K.,2025M05,12454.0,2025,5,May
Denmark,2025M05,3602.0,2025,5,May
Estonia / Latvia / Lithuania,2025M05,1816.0,2025,5,May
Finland,2025M05,2076.0,2025,5,May
France,2025M05,6554.0,2025,5,May
Netherlands,2025M05,4558.0,2025,5,May
Hong Kong,2025M05,730.0,2025,5,May
India,2025M05,2814.0,2025,5,May
Ireland,2025M05,1145.0,2025,5,May
Israel,2025M05,130.0,2025,5,May
Italy,2025M05,3577.0,2025,5,May
Japan,2025M05,554.0,2025,5,May
Canada,2025M05,7141.0,2025,5,May
China,2025M05,5451.0,2025,5,May
Norway,2025M05,2252.0,2025,5,May
Poland,2025M05,9121.0,2025,5,May
Russia,2025M05,398.0,2025,5,May
Singapore,2025M05,591.0,2025,5,May
Spain,2025M05,3795.0,2025,5,May
Sourh Korea,2025M05,725.0,2025,5,May
Switzherland,2025M05,1568.0,2025,5,May
Sweden,2025M05,3137.0,2025,5,May
Taiwan,2025M05,1036.0,2025,5,May
Germany,2025M05,10333.0,2025,5,May
Other Countries,2025M05,16313.0,2025,5,May
Total Passengers,2025M06,305532.0,2025,6,June
Iceland,2025M06,71665.0,2025,6,June
Foreigners,2025M06,233867.0,2025,6,June
Austria,2025M06,908.0,2025,6,June
Australia / New Zealand,2025M06,3310.0,2025,6,June
U.S.A.,2025M06,97355.0,2025,6,June
Belgium,2025M06,2419.0,2025,6,June
U.K.,2025M06,10254.0,2025,6,June
Denmark,2025M06,4889.0,2025,6,June
Estonia / Latvia / Lithuania,2025M06,2834.0,2025,6,June
Finland,2025M06,2261.0,2025,6,June
France,2025M06,9244.0,2025,6,June
Netherlands,2025M06,5056.0,2025,6,June
Hong Kong,2025M06,1207.0,2025,6,June
India,2025M06,3091.0,2025,6,June
Ireland,2025M06,1233.0,2025,6,June
Israel,2025M06,163.0,2025,6,June
Italy,2025M06,4547.0,2025,6,June
Japan,2025M06,1272.0,2025,6,June
Canada,2025M06,10502.0,2025,6,June
China,2025M06,7595.0,2025,6,June
Norway,2025M06,2603.0,2025,6,June
Poland,2025M06,8340.0,2025,6,June
Russia,2025M06,355.0,2025,6,June
Singapore,2025M06,1653.0,2025,6,June
Spain,2025M06,5955.0,2025,6,June
Sourh Korea,2025M06,745.0,2025,6,June
Switzherland,2025M06,3211.0,2025,6,June
Sweden,2025M06,4170.0,2025,6,June
Taiwan,2025M06,2723.0,2025,6,June
Germany,2025M06,18080.0,2025,6,June
Other Countries,2025M06,17892.0,2025,6,June
Total Passengers,2025M07,368106.0,2025,7,July
Iceland,2025M07,66282.0,2025,7,July
Foreigners,2025M07,301824.0,2025,7,July
Austria,2025M07,3430.0,2025,7,July
Australia / New Zealand,2025M07,4702.0,2025,7,July
U.S.A.,2025M07,101233.0,2025,7,July
Belgium,2025M07,9722.0,2025,7,July
U.K.,2025M07,17255.0,2025,7,July
Denmark,2025M07,9024.0,2025,7,July
Estonia / Latvia / Lithuania,2025M07,3293.0,2025,7,July
Finland,2025M07,1833.0,2025,7,July
France,2025M07,14501.0,2025,7,July
Netherlands,2025M07,8317.0,2025,7,July
Hong Kong,2025M07,1019.0,2025,7,July
India,2025M07,3105.0,2025,7,July
Ireland,2025M07,2064.0,2025,7,July
Israel,2025M07,749.0,2025,7,July
Italy,2025M07,11842.0,2025,7,July
Japan,2025M07,809.0,2025,7,July
Canada,2025M07,14857.0,2025,7,July
China,2025M07,11542.0,2025,7,July
Norway,2025M07,2848.0,2025,7,July
Poland,2025M07,9516.0,2025,7,July
Russia,2025M07,831.0,2025,7,July
Singapore,2025M07,677.0,2025,7,July
Spain,2025M07,7400.0,2025,7,July
Sourh Korea,2025M07,1011.0,2025,7,July
Switzherland,2025M07,8428.0,2025,7,July
Sweden,2025M07,4081.0,2025,7,July
Taiwan,2025M07,2617.0,2025,7,July
Germany,2025M07,21739.0,2025,7,July
Other Countries,2025M07,23379.0,2025,7,July
Total Passengers,2025M08,368621.0,2025,8,August
Iceland,2025M08,57307.0,2025,8,August
Foreigners,2025M08,311314.0,2025,8,August
Austria,2025M08,3116.0,2025,8,August
Australia / New Zealand,2025M08,3731.0,2025,8,August
U.S.A.,2025M08,87884.0,2025,8,August
Belgium,2025M08,5488.0,2025,8,August
U.K.,2025M08,14107.0,2025,8,August
Denmark,2025M08,7999.0,2025,8,August
Estonia / Latvia / Lithuania,2025M08,2600.0,2025,8,August
Finland,2025M08,2337.0,2025,8,August
France,2025M08,18036.0,2025,8,August
Netherlands,2025M08,8892.0,2025,8,August
Hong Kong,2025M08,987.0,2025,8,August
India,2025M08,4143.0,2025,8,August
Ireland,2025M08,3007.0,2025,8,August
Israel,2025M08,1102.0,2025,8,August
Italy,2025M08,24005.0,2025,8,August
Japan,2025M08,2342.0,2025,8,August
Canada,2025M08,15605.0,2025,8,August
China,2025M08,11442.0,2025,8,August
Norway,2025M08,2605.0,2025,8,August
Poland,2025M08,9512.0,2025,8,August
Russia,2025M08,511.0,2025,8,August
Singapore,2025M08,829.0,2025,8,August
Spain,2025M08,19699.0,2025,8,August
Sourh Korea,2025M08,1221.0,2025,8,August
Switzherland,2025M08,4947.0,2025,8,August
Sweden,2025M08,4302.0,2025,8,August
Taiwan,2025M08,1985.0,2025,8,August
Germany,2025M08,22170.0,2025,8,August
Other Countries,2025M08,26710.0,2025,8,August
Total Passengers,2025M09,282902.0,2025,9,September
Iceland,2025M09,58791.0,2025,9,September
Foreigners,2025M09,224111.0,2025,9,September
Austria,2025M09,1127.0,2025,9,September
Australia / New Zealand,2025M09,3271.0,2025,9,September
U.S.A.,2025M09,74334.0,2025,9,September
Belgium,2025M09,2000.0,2025,9,September
U.K.,2025M09,13031.0,2025,9,September
Denmark,2025M09,5283.0,2025,9,September
Estonia / Latvia / Lithuania,2025M09,1195.0,2025,9,September
Finland,2025M09,1490.0,2025,9,September
France,2025M09,8187.0,2025,9,September
Netherlands,2025M09,3861.0,2025,9,September
Hong Kong,2025M09,1040.0,2025,9,September
India,2025M09,3967.0,2025,9,September
Ireland,2025M09,4352.0,2025,9,September
Israel,2025M09,862.0,2025,9,September
Italy,2025M09,6281.0,2025,9,September
Japan,2025M09,1773.0,2025,9,September
Canada,2025M09,8852.0,2025,9,September
China,2025M09,12762.0,2025,9,September
Norway,2025M09,2492.0,2025,9,September
Poland,2025M09,8576.0,2025,9,September
Russia,2025M09,363.0,2025,9,September
Singapore,2025M09,1116.0,2025,9,September
Spain,2025M09,10546.0,2025,9,September
Sourh Korea,2025M09,1100.0,2025,9,September
Switzherland,2025M09,2522.0,2025,9,September
Sweden,2025M09,2779.0,2025,9,September
Taiwan,2025M09,2670.0,2025,9,September
Germany,2025M09,17122.0,2025,9,September
Other Countries,2025M09,21157.0,2025,9,September
Total Passengers,2025M10,254384.0,2025,10,October
Iceland,2025M10,54695.0,2025,10,October
Foreigners,2025M10,199689.0,2025,10,October
Austria,2025M10,658.0,2025,10,October
Australia / New Zealand,2025M10,2888.0,2025,10,October
U.S.A.,2025M10,53388.0,2025,10,October
Belgium,2025M10,1439.0,2025,10,October
U.K.,2025M10,23110.0,2025,10,October
Denmark,2025M10,4409.0,2025,10,October
Estonia / Latvia / Lithuania,2025M10,1398.0,2025,10,October
Finland,2025M10,1353.0,2025,10,October
France,2025M10,7264.0,2025,10,October
Netherlands,2025M10,4790.0,2025,10,October
Hong Kong,2025M10,1562.0,2025,10,October
India,2025M10,2620.0,2025,10,October
Ireland,2025M10,1707.0,2025,10,October
Israel,2025M10,581.0,2025,10,October
Italy,2025M10,6520.0,2025,10,October
Japan,2025M10,2048.0,2025,10,October
Canada,2025M10,6556.0,2025,10,October
China,2025M10,13153.0,2025,10,October
Norway,2025M10,2306.0,2025,10,October
Poland,2025M10,6116.0,2025,10,October
Russia,2025M10,127.0,2025,10,October
Singapore,2025M10,1739.0,2025,10,October
Spain,2025M10,4763.0,2025,10,October
Sourh Korea,2025M10,2393.0,2025,10,October
Switzherland,2025M10,2838.0,2025,10,October
Sweden,2025M10,1721.0,2025,10,October
Taiwan,2025M10,6647.0,2025,10,October
Germany,2025M10,13307.0,2025,10,October
Other Countries,2025M10,22288.0,2025,10,October
Total Passengers,2025M11,182717.0,2025,11,November
Iceland,2025M11,41617.0,2025,11,November
Foreigners,2025M11,141100.0,2025,11,November
Austria,2025M11,520.0,2025,11,November
Australia / New Zealand,2025M11,1912.0,2025,11,November
U.S.A.,2025M11,31841.0,2025,11,November
Belgium,2025M11,707.0,2025,11,November
U.K.,2025M11,23748.0,2025,11,November
Denmark,2025M11,2257.0,2025,11,November
Estonia / Latvia / Lithuania,2025M11,2952.0,2025,11,November
Finland,2025M11,1120.0,2025,11,November
France,2025M11,5859.0,2025,11,November
Netherlands,2025M11,2296.0,2025,11,November
Hong Kong,2025M11,2426.0,2025,11,November
India,2025M11,2347.0,2025,11,November
Ireland,2025M11,2545.0,2025,11,November
Israel,2025M11,79.0,2025,11,November
Italy,2025M11,6679.0,2025,11,November
Japan,2025M11,1702.0,2025,11,November
Canada,2025M11,3246.0,2025,11,November
China,2025M11,6691.0,2025,11,November
Norway,2025M11,1142.0,2025,11,November
Poland,2025M11,4587.0,2025,11,November
Russia,2025M11,79.0,2025,11,November
Singapore,2025M11,1131.0,2025,11,November
Spain,2025M11,3416.0,2025,11,November
Sourh Korea,2025M11,2511.0,2025,11,November
Switzherland,2025M11,1403.0,2025,11,November
Sweden,2025M11,1668.0,2025,11,November
Taiwan,2025M11,3178.0,2025,11,November
Germany,2025M11,7205.0,2025,11,November
Other Countries,2025M11,15853.0,2025,11,November
Total Passengers,2025M12,173593.0,2025,12,December
Iceland,2025M12,53651.0,2025,12,December
Foreigners,2025M12,119942.0,2025,12,December
Austria,2025M12,477.0,2025,12,December
Australia / New Zealand,2025M12,2069.0,2025,12,December
U.S.A.,2025M12,27006.0,2025,12,December
Belgium,2025M12,483.0,2025,12,December
U.K.,2025M12,19042.0,2025,12,December
Denmark,2025M12,1502.0,2025,12,December
Estonia / Latvia / Lithuania,2025M12,4121.0,2025,12,December
Finland,2025M12,772.0,2025,12,December
France,2025M12,4410.0,2025,12,December
Netherlands,2025M12,1080.0,2025,12,December
Hong Kong,2025M12,1967.0,2025,12,December
India,2025M12,1327.0,2025,12,December
Ireland,2025M12,2498.0,2025,12,December
Israel,2025M12,72.0,2025,12,December
Italy,2025M12,3554.0,2025,12,December
Japan,2025M12,2244.0,2025,12,December
Canada,2025M12,2576.0,2025,12,December
China,2025M12,9611.0,2025,12,December
Norway,2025M12,754.0,2025,12,December
Poland,2025M12,5442.0,2025,12,December
Russia,2025M12,157.0,2025,12,December
Singapore,2025M12,1056.0,2025,12,December
Spain,2025M12,2202.0,2025,12,December
Sourh Korea,2025M12,1846.0,2025,12,December
Switzherland,2025M12,615.0,2025,12,December
Sweden,2025M12,947.0,2025,12,December
Taiwan,2025M12,2172.0,2025,12,December
Germany,2025M12,3819.0,2025,12,December
Other Countries,2025M12,16121.0,2025,12,December
Total Passengers,2026M01,163175.0,2026,1,January
Iceland,2026M01,43809.0,2026,1,January
Foreigners,2026M01,119366.0,2026,1,January
Austria,2026M01,709.0,2026,1,January
Australia / New Zealand,2026M01,2751.0,2026,1,January
U.S.A.,2026M01,24069.0,2026,1,January
Belgium,2026M01,504.0,2026,1,January
U.K.,2026M01,20973.0,2026,1,January
Denmark,2026M01,1898.0,2026,1,January
Estonia / Latvia / Lithuania,2026M01,1099.0,2026,1,January
Finland,2026M01,554.0,2026,1,January
France,2026M01,5803.0,2026,1,January
Netherlands,2026M01,1743.0,2026,1,January
Hong Kong,2026M01,1243.0,2026,1,January
India,2026M01,654.0,2026,1,January
Ireland,2026M01,1838.0,2026,1,January
Israel,2026M01,85.0,2026,1,January
Italy,2026M01,7555.0,2026,1,January
Japan,2026M01,2592.0,2026,1,January
Canada,2026M01,1972.0,2026,1,January
China,2026M01,7665.0,2026,1,January
Norway,2026M01,984.0,2026,1,January
Poland,2026M01,3860.0,2026,1,January
Russia,2026M01,165.0,2026,1,January
Singapore,2026M01,654.0,2026,1,January
Spain,2026M01,2227.0,2026,1,January
Sourh Korea,2026M01,2921.0,2026,1,January
Switzherland,2026M01,1643.0,2026,1,January
Sweden,2026M01,1298.0,2026,1,January
Taiwan,2026M01,1898.0,2026,1,January
Germany,2026M01,6626.0,2026,1,January
Other Countries,2026M01,13383.0,2026,1,January
Total Passengers,2026M02,183090.0,2026,2,February
Iceland,2026M02,35757.0,2026,2,February
Foreigners,2026M02,147333.0,2026,2,February
Austria,2026M02,809.0,2026,2,February
Australia / New Zealand,2026M02,1073.0,2026,2,February
U.S.A.,2026M02,27287.0,2026,2,February
Belgium,2026M02,845.0,2026,2,February
U.K.,2026M02,35393.0,2026,2,February
Denmark,2026M02,2664.0,2026,2,February
Estonia / Latvia / Lithuania,2026M02,1638.0,2026,2,February
Finland,2026M02,923.0,2026,2,February
France,2026M02,6396.0,2026,2,February
Netherlands,2026M02,2420.0,2026,2,February
Hong Kong,2026M02,1933.0,2026,2,February
India,2026M02,798.0,2026,2,February
Ireland,2026M02,2617.0,2026,2,February
Israel,2026M02,83.0,2026,2,February
Italy,2026M02,7380.0,2026,2,February
Japan,2026M02,3042.0,2026,2,February
Canada,2026M02,2125.0,2026,2,February
China,2026M02,12879.0,2026,2,February
Norway,2026M02,1073.0,2026,2,February
Poland,2026M02,4551.0,2026,2,February
Russia,2026M02,124.0,2026,2,February
Singapore,2026M02,332.0,2026,2,February
Spain,2026M02,3281.0,2026,2,February
Sourh Korea,2026M02,3307.0,2026,2,February
Switzherland,2026M02,1519.0,2026,2,February
Sweden,2026M02,1037.0,2026,2,February
Taiwan,2026M02,3291.0,2026,2,February
Germany,2026M02,7785.0,2026,2,February
Other Countries,2026M02,10728.0,2026,2,February
Total Passengers,2026M03,210868.0,2026,3,March
Iceland,2026M03,55956.0,2026,3,March
Foreigners,2026M03,154912.0,2026,3,March
Austria,2026M03,745.0,2026,3,March
Australia / New Zealand,2026M03,1407.0,2026,3,March
U.S.A.,2026M03,44026.0,2026,3,March
Belgium,2026M03,711.0,2026,3,March
U.K.,2026M03,22124.0,2026,3,March
Denmark,2026M03,2592.0,2026,3,March
Estonia / Latvia / Lithuania,2026M03,2897.0,2026,3,March
Finland,2026M03,991.0,2026,3,March
France,2026M03,5827.0,2026,3,March
Netherlands,2026M03,2166.0,2026,3,March
Hong Kong,2026M03,1891.0,2026,3,March
India,2026M03,1930.0,2026,3,March
Ireland,2026M03,1625.0,2026,3,March
Israel,2026M03,87.0,2026,3,March
Italy,2026M03,5972.0,2026,3,March
Japan,2026M03,2191.0,2026,3,March
Canada,2026M03,3656.0,2026,3,March
China,2026M03,7936.0,2026,3,March
Norway,2026M03,1460.0,2026,3,March
Poland,2026M03,5547.0,2026,3,March
Russia,2026M03,135.0,2026,3,March
Singapore,2026M03,1296.0,2026,3,March
Spain,2026M03,4763.0,2026,3,March
Sourh Korea,2026M03,1683.0,2026,3,March
Switzherland,2026M03,1335.0,2026,3,March
Sweden,2026M03,1223.0,2026,3,March
Taiwan,2026M03,3965.0,2026,3,March
Germany,2026M03,9798.0,2026,3,March
Other Countries,2026M03,14933.0,2026,3,March
