Month,Type,Value,Year,Unit,Month_num
January,Total,26.0,2000,Occupancy rate of rooms,1
January,East,9.7,2000,Occupancy rate of rooms,1
January,Capital region,37.0,2000,Occupancy rate of rooms,1
January,North,12.8,2000,Occupancy rate of rooms,1
January,South,9.7,2000,Occupancy rate of rooms,1
January,"West, Westfjords and Southwest to 2007",13.9,2000,Occupancy rate of rooms,1
January,Total,19.0,2000,Occupancy rate of beds,1
January,East,5.7,2000,Occupancy rate of beds,1
January,Capital region,27.6,2000,Occupancy rate of beds,1
January,North,8.4,2000,Occupancy rate of beds,1
January,South,7.1,2000,Occupancy rate of beds,1
January,"West, Westfjords and Southwest to 2007",9.7,2000,Occupancy rate of beds,1
February,Total,38.1,2000,Occupancy rate of rooms,2
February,East,12.3,2000,Occupancy rate of rooms,2
February,Capital region,53.9,2000,Occupancy rate of rooms,2
February,North,16.6,2000,Occupancy rate of rooms,2
February,South,16.0,2000,Occupancy rate of rooms,2
February,"West, Westfjords and Southwest to 2007",21.9,2000,Occupancy rate of rooms,2
February,Total,28.7,2000,Occupancy rate of beds,2
February,East,7.7,2000,Occupancy rate of beds,2
February,Capital region,41.7,2000,Occupancy rate of beds,2
February,North,12.2,2000,Occupancy rate of beds,2
February,South,12.0,2000,Occupancy rate of beds,2
February,"West, Westfjords and Southwest to 2007",14.0,2000,Occupancy rate of beds,2
March,Total,50.9,2000,Occupancy rate of rooms,3
March,East,18.5,2000,Occupancy rate of rooms,3
March,Capital region,68.9,2000,Occupancy rate of rooms,3
March,North,25.7,2000,Occupancy rate of rooms,3
March,South,30.5,2000,Occupancy rate of rooms,3
March,"West, Westfjords and Southwest to 2007",29.3,2000,Occupancy rate of rooms,3
March,Total,39.6,2000,Occupancy rate of beds,3
March,East,11.6,2000,Occupancy rate of beds,3
March,Capital region,54.6,2000,Occupancy rate of beds,3
March,North,19.1,2000,Occupancy rate of beds,3
March,South,24.2,2000,Occupancy rate of beds,3
March,"West, Westfjords and Southwest to 2007",20.9,2000,Occupancy rate of beds,3
April,Total,51.6,2000,Occupancy rate of rooms,4
April,East,19.4,2000,Occupancy rate of rooms,4
April,Capital region,71.0,2000,Occupancy rate of rooms,4
April,North,27.7,2000,Occupancy rate of rooms,4
April,South,26.4,2000,Occupancy rate of rooms,4
April,"West, Westfjords and Southwest to 2007",26.3,2000,Occupancy rate of rooms,4
April,Total,42.2,2000,Occupancy rate of beds,4
April,East,13.7,2000,Occupancy rate of beds,4
April,Capital region,59.2,2000,Occupancy rate of beds,4
April,North,23.1,2000,Occupancy rate of beds,4
April,South,21.3,2000,Occupancy rate of beds,4
April,"West, Westfjords and Southwest to 2007",18.9,2000,Occupancy rate of beds,4
May,Total,56.0,2000,Occupancy rate of rooms,5
May,East,24.9,2000,Occupancy rate of rooms,5
May,Capital region,76.0,2000,Occupancy rate of rooms,5
May,North,27.5,2000,Occupancy rate of rooms,5
May,South,31.1,2000,Occupancy rate of rooms,5
May,"West, Westfjords and Southwest to 2007",36.5,2000,Occupancy rate of rooms,5
May,Total,41.2,2000,Occupancy rate of beds,5
May,East,17.7,2000,Occupancy rate of beds,5
May,Capital region,56.1,2000,Occupancy rate of beds,5
May,North,20.9,2000,Occupancy rate of beds,5
May,South,23.1,2000,Occupancy rate of beds,5
May,"West, Westfjords and Southwest to 2007",26.4,2000,Occupancy rate of beds,5
June,Total,71.4,2000,Occupancy rate of rooms,6
June,East,42.6,2000,Occupancy rate of rooms,6
June,Capital region,87.6,2000,Occupancy rate of rooms,6
June,North,52.3,2000,Occupancy rate of rooms,6
June,South,54.6,2000,Occupancy rate of rooms,6
June,"West, Westfjords and Southwest to 2007",54.7,2000,Occupancy rate of rooms,6
June,Total,57.8,2000,Occupancy rate of beds,6
June,East,33.5,2000,Occupancy rate of beds,6
June,Capital region,70.1,2000,Occupancy rate of beds,6
June,North,44.9,2000,Occupancy rate of beds,6
June,South,45.2,2000,Occupancy rate of beds,6
June,"West, Westfjords and Southwest to 2007",45.0,2000,Occupancy rate of beds,6
July,Total,83.3,2000,Occupancy rate of rooms,7
July,East,78.5,2000,Occupancy rate of rooms,7
July,Capital region,89.2,2000,Occupancy rate of rooms,7
July,North,82.8,2000,Occupancy rate of rooms,7
July,South,80.9,2000,Occupancy rate of rooms,7
July,"West, Westfjords and Southwest to 2007",63.4,2000,Occupancy rate of rooms,7
July,Total,73.3,2000,Occupancy rate of beds,7
July,East,66.6,2000,Occupancy rate of beds,7
July,Capital region,78.3,2000,Occupancy rate of beds,7
July,North,75.3,2000,Occupancy rate of beds,7
July,South,71.6,2000,Occupancy rate of beds,7
July,"West, Westfjords and Southwest to 2007",55.7,2000,Occupancy rate of beds,7
August,Total,80.6,2000,Occupancy rate of rooms,8
August,East,67.9,2000,Occupancy rate of rooms,8
August,Capital region,88.6,2000,Occupancy rate of rooms,8
August,North,73.8,2000,Occupancy rate of rooms,8
August,South,75.4,2000,Occupancy rate of rooms,8
August,"West, Westfjords and Southwest to 2007",63.6,2000,Occupancy rate of rooms,8
August,Total,67.8,2000,Occupancy rate of beds,8
August,East,57.7,2000,Occupancy rate of beds,8
August,Capital region,73.3,2000,Occupancy rate of beds,8
August,North,68.2,2000,Occupancy rate of beds,8
August,South,65.3,2000,Occupancy rate of beds,8
August,"West, Westfjords and Southwest to 2007",50.5,2000,Occupancy rate of beds,8
September,Total,57.2,2000,Occupancy rate of rooms,9
September,East,39.9,2000,Occupancy rate of rooms,9
September,Capital region,76.9,2000,Occupancy rate of rooms,9
September,North,32.1,2000,Occupancy rate of rooms,9
September,South,33.8,2000,Occupancy rate of rooms,9
September,"West, Westfjords and Southwest to 2007",35.1,2000,Occupancy rate of rooms,9
September,Total,42.4,2000,Occupancy rate of beds,9
September,East,30.1,2000,Occupancy rate of beds,9
September,Capital region,56.8,2000,Occupancy rate of beds,9
September,North,25.2,2000,Occupancy rate of beds,9
September,South,24.7,2000,Occupancy rate of beds,9
September,"West, Westfjords and Southwest to 2007",26.8,2000,Occupancy rate of beds,9
October,Total,47.9,2000,Occupancy rate of rooms,10
October,East,23.0,2000,Occupancy rate of rooms,10
October,Capital region,68.0,2000,Occupancy rate of rooms,10
October,North,25.0,2000,Occupancy rate of rooms,10
October,South,18.7,2000,Occupancy rate of rooms,10
October,"West, Westfjords and Southwest to 2007",27.0,2000,Occupancy rate of rooms,10
October,Total,35.8,2000,Occupancy rate of beds,10
October,East,16.7,2000,Occupancy rate of beds,10
October,Capital region,51.2,2000,Occupancy rate of beds,10
October,North,18.0,2000,Occupancy rate of beds,10
October,South,13.0,2000,Occupancy rate of beds,10
October,"West, Westfjords and Southwest to 2007",22.1,2000,Occupancy rate of beds,10
November,Total,45.8,2000,Occupancy rate of rooms,11
November,East,16.0,2000,Occupancy rate of rooms,11
November,Capital region,66.4,2000,Occupancy rate of rooms,11
November,North,23.5,2000,Occupancy rate of rooms,11
November,South,15.4,2000,Occupancy rate of rooms,11
November,"West, Westfjords and Southwest to 2007",24.0,2000,Occupancy rate of rooms,11
November,Total,33.0,2000,Occupancy rate of beds,11
November,East,10.3,2000,Occupancy rate of beds,11
November,Capital region,48.4,2000,Occupancy rate of beds,11
November,North,16.6,2000,Occupancy rate of beds,11
November,South,11.1,2000,Occupancy rate of beds,11
November,"West, Westfjords and Southwest to 2007",17.7,2000,Occupancy rate of beds,11
December,Total,23.8,2000,Occupancy rate of rooms,12
December,East,5.9,2000,Occupancy rate of rooms,12
December,Capital region,36.2,2000,Occupancy rate of rooms,12
December,North,5.6,2000,Occupancy rate of rooms,12
December,South,7.3,2000,Occupancy rate of rooms,12
December,"West, Westfjords and Southwest to 2007",15.1,2000,Occupancy rate of rooms,12
December,Total,19.9,2000,Occupancy rate of beds,12
December,East,3.8,2000,Occupancy rate of beds,12
December,Capital region,30.7,2000,Occupancy rate of beds,12
December,North,6.4,2000,Occupancy rate of beds,12
December,South,5.7,2000,Occupancy rate of beds,12
December,"West, Westfjords and Southwest to 2007",9.9,2000,Occupancy rate of beds,12
January,Total,28.5,2001,Occupancy rate of rooms,1
January,East,7.5,2001,Occupancy rate of rooms,1
January,Capital region,39.8,2001,Occupancy rate of rooms,1
January,North,13.7,2001,Occupancy rate of rooms,1
January,South,9.6,2001,Occupancy rate of rooms,1
January,"West, Westfjords and Southwest to 2007",22.9,2001,Occupancy rate of rooms,1
January,Total,19.7,2001,Occupancy rate of beds,1
January,East,4.9,2001,Occupancy rate of beds,1
January,Capital region,27.5,2001,Occupancy rate of beds,1
January,North,9.8,2001,Occupancy rate of beds,1
January,South,7.4,2001,Occupancy rate of beds,1
January,"West, Westfjords and Southwest to 2007",15.4,2001,Occupancy rate of beds,1
February,Total,41.6,2001,Occupancy rate of rooms,2
February,East,10.5,2001,Occupancy rate of rooms,2
February,Capital region,60.5,2001,Occupancy rate of rooms,2
February,North,18.6,2001,Occupancy rate of rooms,2
February,South,15.3,2001,Occupancy rate of rooms,2
February,"West, Westfjords and Southwest to 2007",25.6,2001,Occupancy rate of rooms,2
February,Total,31.4,2001,Occupancy rate of beds,2
February,East,7.2,2001,Occupancy rate of beds,2
February,Capital region,46.1,2001,Occupancy rate of beds,2
February,North,13.3,2001,Occupancy rate of beds,2
February,South,12.9,2001,Occupancy rate of beds,2
February,"West, Westfjords and Southwest to 2007",17.1,2001,Occupancy rate of beds,2
March,Total,52.7,2001,Occupancy rate of rooms,3
March,East,10.8,2001,Occupancy rate of rooms,3
March,Capital region,73.9,2001,Occupancy rate of rooms,3
March,North,24.5,2001,Occupancy rate of rooms,3
March,South,29.3,2001,Occupancy rate of rooms,3
March,"West, Westfjords and Southwest to 2007",32.3,2001,Occupancy rate of rooms,3
March,Total,41.6,2001,Occupancy rate of beds,3
March,East,7.9,2001,Occupancy rate of beds,3
March,Capital region,58.6,2001,Occupancy rate of beds,3
March,North,18.9,2001,Occupancy rate of beds,3
March,South,24.9,2001,Occupancy rate of beds,3
March,"West, Westfjords and Southwest to 2007",24.1,2001,Occupancy rate of beds,3
April,Total,50.7,2001,Occupancy rate of rooms,4
April,East,6.5,2001,Occupancy rate of rooms,4
April,Capital region,70.0,2001,Occupancy rate of rooms,4
April,North,32.6,2001,Occupancy rate of rooms,4
April,South,25.7,2001,Occupancy rate of rooms,4
April,"West, Westfjords and Southwest to 2007",29.6,2001,Occupancy rate of rooms,4
April,Total,42.2,2001,Occupancy rate of beds,4
April,East,4.6,2001,Occupancy rate of beds,4
April,Capital region,58.7,2001,Occupancy rate of beds,4
April,North,29.2,2001,Occupancy rate of beds,4
April,South,22.4,2001,Occupancy rate of beds,4
April,"West, Westfjords and Southwest to 2007",21.7,2001,Occupancy rate of beds,4
May,Total,55.1,2001,Occupancy rate of rooms,5
May,East,34.5,2001,Occupancy rate of rooms,5
May,Capital region,72.4,2001,Occupancy rate of rooms,5
May,North,31.1,2001,Occupancy rate of rooms,5
May,South,28.4,2001,Occupancy rate of rooms,5
May,"West, Westfjords and Southwest to 2007",42.8,2001,Occupancy rate of rooms,5
May,Total,41.5,2001,Occupancy rate of beds,5
May,East,25.0,2001,Occupancy rate of beds,5
May,Capital region,53.6,2001,Occupancy rate of beds,5
May,North,26.2,2001,Occupancy rate of beds,5
May,South,23.6,2001,Occupancy rate of beds,5
May,"West, Westfjords and Southwest to 2007",31.9,2001,Occupancy rate of beds,5
June,Total,71.7,2001,Occupancy rate of rooms,6
June,East,49.9,2001,Occupancy rate of rooms,6
June,Capital region,84.3,2001,Occupancy rate of rooms,6
June,North,61.3,2001,Occupancy rate of rooms,6
June,South,52.1,2001,Occupancy rate of rooms,6
June,"West, Westfjords and Southwest to 2007",62.6,2001,Occupancy rate of rooms,6
June,Total,57.2,2001,Occupancy rate of beds,6
June,East,37.7,2001,Occupancy rate of beds,6
June,Capital region,67.5,2001,Occupancy rate of beds,6
June,North,51.7,2001,Occupancy rate of beds,6
June,South,43.2,2001,Occupancy rate of beds,6
June,"West, Westfjords and Southwest to 2007",46.2,2001,Occupancy rate of beds,6
July,Total,77.6,2001,Occupancy rate of rooms,7
July,East,68.6,2001,Occupancy rate of rooms,7
July,Capital region,81.3,2001,Occupancy rate of rooms,7
July,North,80.4,2001,Occupancy rate of rooms,7
July,South,73.1,2001,Occupancy rate of rooms,7
July,"West, Westfjords and Southwest to 2007",65.8,2001,Occupancy rate of rooms,7
July,Total,67.7,2001,Occupancy rate of beds,7
July,East,60.4,2001,Occupancy rate of beds,7
July,Capital region,70.3,2001,Occupancy rate of beds,7
July,North,74.4,2001,Occupancy rate of beds,7
July,South,63.2,2001,Occupancy rate of beds,7
July,"West, Westfjords and Southwest to 2007",56.2,2001,Occupancy rate of beds,7
August,Total,80.4,2001,Occupancy rate of rooms,8
August,East,68.5,2001,Occupancy rate of rooms,8
August,Capital region,87.6,2001,Occupancy rate of rooms,8
August,North,75.4,2001,Occupancy rate of rooms,8
August,South,73.6,2001,Occupancy rate of rooms,8
August,"West, Westfjords and Southwest to 2007",64.8,2001,Occupancy rate of rooms,8
August,Total,67.8,2001,Occupancy rate of beds,8
August,East,56.1,2001,Occupancy rate of beds,8
August,Capital region,73.9,2001,Occupancy rate of beds,8
August,North,66.9,2001,Occupancy rate of beds,8
August,South,62.0,2001,Occupancy rate of beds,8
August,"West, Westfjords and Southwest to 2007",52.3,2001,Occupancy rate of beds,8
September,Total,56.7,2001,Occupancy rate of rooms,9
September,East,50.6,2001,Occupancy rate of rooms,9
September,Capital region,72.6,2001,Occupancy rate of rooms,9
September,North,32.0,2001,Occupancy rate of rooms,9
September,South,33.6,2001,Occupancy rate of rooms,9
September,"West, Westfjords and Southwest to 2007",40.8,2001,Occupancy rate of rooms,9
September,Total,42.9,2001,Occupancy rate of beds,9
September,East,37.0,2001,Occupancy rate of beds,9
September,Capital region,54.7,2001,Occupancy rate of beds,9
September,North,25.9,2001,Occupancy rate of beds,9
September,South,25.8,2001,Occupancy rate of beds,9
September,"West, Westfjords and Southwest to 2007",31.7,2001,Occupancy rate of beds,9
October,Total,50.5,2001,Occupancy rate of rooms,10
October,East,26.4,2001,Occupancy rate of rooms,10
October,Capital region,68.1,2001,Occupancy rate of rooms,10
October,North,22.8,2001,Occupancy rate of rooms,10
October,South,25.4,2001,Occupancy rate of rooms,10
October,"West, Westfjords and Southwest to 2007",35.0,2001,Occupancy rate of rooms,10
October,Total,37.8,2001,Occupancy rate of beds,10
October,East,16.1,2001,Occupancy rate of beds,10
October,Capital region,51.3,2001,Occupancy rate of beds,10
October,North,17.3,2001,Occupancy rate of beds,10
October,South,19.4,2001,Occupancy rate of beds,10
October,"West, Westfjords and Southwest to 2007",26.5,2001,Occupancy rate of beds,10
November,Total,39.4,2001,Occupancy rate of rooms,11
November,East,21.6,2001,Occupancy rate of rooms,11
November,Capital region,56.4,2001,Occupancy rate of rooms,11
November,North,14.5,2001,Occupancy rate of rooms,11
November,South,16.0,2001,Occupancy rate of rooms,11
November,"West, Westfjords and Southwest to 2007",20.0,2001,Occupancy rate of rooms,11
November,Total,30.2,2001,Occupancy rate of beds,11
November,East,13.2,2001,Occupancy rate of beds,11
November,Capital region,44.1,2001,Occupancy rate of beds,11
November,North,10.7,2001,Occupancy rate of beds,11
November,South,12.1,2001,Occupancy rate of beds,11
November,"West, Westfjords and Southwest to 2007",14.3,2001,Occupancy rate of beds,11
December,Total,27.2,2001,Occupancy rate of rooms,12
December,East,6.3,2001,Occupancy rate of rooms,12
December,Capital region,39.6,2001,Occupancy rate of rooms,12
December,North,9.0,2001,Occupancy rate of rooms,12
December,South,7.6,2001,Occupancy rate of rooms,12
December,"West, Westfjords and Southwest to 2007",14.3,2001,Occupancy rate of rooms,12
December,Total,21.6,2001,Occupancy rate of beds,12
December,East,3.8,2001,Occupancy rate of beds,12
December,Capital region,32.5,2001,Occupancy rate of beds,12
December,North,6.4,2001,Occupancy rate of beds,12
December,South,5.5,2001,Occupancy rate of beds,12
December,"West, Westfjords and Southwest to 2007",9.8,2001,Occupancy rate of beds,12
January,Total,26.8,2002,Occupancy rate of rooms,1
January,East,11.0,2002,Occupancy rate of rooms,1
January,Capital region,38.7,2002,Occupancy rate of rooms,1
January,North,9.4,2002,Occupancy rate of rooms,1
January,South,10.2,2002,Occupancy rate of rooms,1
January,"West, Westfjords and Southwest to 2007",14.4,2002,Occupancy rate of rooms,1
January,Total,19.7,2002,Occupancy rate of beds,1
January,East,7.3,2002,Occupancy rate of beds,1
January,Capital region,28.4,2002,Occupancy rate of beds,1
January,North,6.3,2002,Occupancy rate of beds,1
January,South,8.2,2002,Occupancy rate of beds,1
January,"West, Westfjords and Southwest to 2007",11.2,2002,Occupancy rate of beds,1
February,Total,40.4,2002,Occupancy rate of rooms,2
February,East,26.0,2002,Occupancy rate of rooms,2
February,Capital region,56.0,2002,Occupancy rate of rooms,2
February,North,19.8,2002,Occupancy rate of rooms,2
February,South,20.5,2002,Occupancy rate of rooms,2
February,"West, Westfjords and Southwest to 2007",21.3,2002,Occupancy rate of rooms,2
February,Total,32.0,2002,Occupancy rate of beds,2
February,East,17.1,2002,Occupancy rate of beds,2
February,Capital region,45.0,2002,Occupancy rate of beds,2
February,North,14.8,2002,Occupancy rate of beds,2
February,South,15.6,2002,Occupancy rate of beds,2
February,"West, Westfjords and Southwest to 2007",16.7,2002,Occupancy rate of beds,2
March,Total,47.8,2002,Occupancy rate of rooms,3
March,East,15.6,2002,Occupancy rate of rooms,3
March,Capital region,63.4,2002,Occupancy rate of rooms,3
March,North,25.0,2002,Occupancy rate of rooms,3
March,South,33.1,2002,Occupancy rate of rooms,3
March,"West, Westfjords and Southwest to 2007",28.7,2002,Occupancy rate of rooms,3
March,Total,38.5,2002,Occupancy rate of beds,3
March,East,9.3,2002,Occupancy rate of beds,3
March,Capital region,51.6,2002,Occupancy rate of beds,3
March,North,20.5,2002,Occupancy rate of beds,3
March,South,26.2,2002,Occupancy rate of beds,3
March,"West, Westfjords and Southwest to 2007",21.8,2002,Occupancy rate of beds,3
April,Total,48.5,2002,Occupancy rate of rooms,4
April,East,24.4,2002,Occupancy rate of rooms,4
April,Capital region,65.3,2002,Occupancy rate of rooms,4
April,North,25.4,2002,Occupancy rate of rooms,4
April,South,25.5,2002,Occupancy rate of rooms,4
April,"West, Westfjords and Southwest to 2007",31.8,2002,Occupancy rate of rooms,4
April,Total,36.0,2002,Occupancy rate of beds,4
April,East,17.7,2002,Occupancy rate of beds,4
April,Capital region,47.5,2002,Occupancy rate of beds,4
April,North,20.9,2002,Occupancy rate of beds,4
April,South,20.5,2002,Occupancy rate of beds,4
April,"West, Westfjords and Southwest to 2007",22.8,2002,Occupancy rate of beds,4
May,Total,54.3,2002,Occupancy rate of rooms,5
May,East,34.7,2002,Occupancy rate of rooms,5
May,Capital region,69.4,2002,Occupancy rate of rooms,5
May,North,30.6,2002,Occupancy rate of rooms,5
May,South,31.6,2002,Occupancy rate of rooms,5
May,"West, Westfjords and Southwest to 2007",45.1,2002,Occupancy rate of rooms,5
May,Total,41.2,2002,Occupancy rate of beds,5
May,East,26.7,2002,Occupancy rate of beds,5
May,Capital region,53.3,2002,Occupancy rate of beds,5
May,North,23.8,2002,Occupancy rate of beds,5
May,South,25.1,2002,Occupancy rate of beds,5
May,"West, Westfjords and Southwest to 2007",31.2,2002,Occupancy rate of beds,5
June,Total,71.1,2002,Occupancy rate of rooms,6
June,East,55.8,2002,Occupancy rate of rooms,6
June,Capital region,84.4,2002,Occupancy rate of rooms,6
June,North,55.7,2002,Occupancy rate of rooms,6
June,South,53.3,2002,Occupancy rate of rooms,6
June,"West, Westfjords and Southwest to 2007",59.2,2002,Occupancy rate of rooms,6
June,Total,54.8,2002,Occupancy rate of beds,6
June,East,42.9,2002,Occupancy rate of beds,6
June,Capital region,64.1,2002,Occupancy rate of beds,6
June,North,48.9,2002,Occupancy rate of beds,6
June,South,40.4,2002,Occupancy rate of beds,6
June,"West, Westfjords and Southwest to 2007",44.7,2002,Occupancy rate of beds,6
July,Total,77.0,2002,Occupancy rate of rooms,7
July,East,80.7,2002,Occupancy rate of rooms,7
July,Capital region,81.8,2002,Occupancy rate of rooms,7
July,North,77.0,2002,Occupancy rate of rooms,7
July,South,65.2,2002,Occupancy rate of rooms,7
July,"West, Westfjords and Southwest to 2007",72.5,2002,Occupancy rate of rooms,7
July,Total,64.4,2002,Occupancy rate of beds,7
July,East,71.9,2002,Occupancy rate of beds,7
July,Capital region,66.8,2002,Occupancy rate of beds,7
July,North,71.7,2002,Occupancy rate of beds,7
July,South,56.2,2002,Occupancy rate of beds,7
July,"West, Westfjords and Southwest to 2007",55.7,2002,Occupancy rate of beds,7
August,Total,76.3,2002,Occupancy rate of rooms,8
August,East,75.6,2002,Occupancy rate of rooms,8
August,Capital region,86.7,2002,Occupancy rate of rooms,8
August,North,65.8,2002,Occupancy rate of rooms,8
August,South,60.8,2002,Occupancy rate of rooms,8
August,"West, Westfjords and Southwest to 2007",65.6,2002,Occupancy rate of rooms,8
August,Total,61.3,2002,Occupancy rate of beds,8
August,East,64.7,2002,Occupancy rate of beds,8
August,Capital region,67.8,2002,Occupancy rate of beds,8
August,North,57.4,2002,Occupancy rate of beds,8
August,South,52.5,2002,Occupancy rate of beds,8
August,"West, Westfjords and Southwest to 2007",48.9,2002,Occupancy rate of beds,8
September,Total,57.1,2002,Occupancy rate of rooms,9
September,East,54.0,2002,Occupancy rate of rooms,9
September,Capital region,70.7,2002,Occupancy rate of rooms,9
September,North,43.6,2002,Occupancy rate of rooms,9
September,South,34.0,2002,Occupancy rate of rooms,9
September,"West, Westfjords and Southwest to 2007",46.6,2002,Occupancy rate of rooms,9
September,Total,40.0,2002,Occupancy rate of beds,9
September,East,40.2,2002,Occupancy rate of beds,9
September,Capital region,49.4,2002,Occupancy rate of beds,9
September,North,29.8,2002,Occupancy rate of beds,9
September,South,25.8,2002,Occupancy rate of beds,9
September,"West, Westfjords and Southwest to 2007",30.7,2002,Occupancy rate of beds,9
October,Total,45.1,2002,Occupancy rate of rooms,10
October,East,30.4,2002,Occupancy rate of rooms,10
October,Capital region,61.7,2002,Occupancy rate of rooms,10
October,North,18.9,2002,Occupancy rate of rooms,10
October,South,23.5,2002,Occupancy rate of rooms,10
October,"West, Westfjords and Southwest to 2007",33.8,2002,Occupancy rate of rooms,10
October,Total,33.4,2002,Occupancy rate of beds,10
October,East,18.5,2002,Occupancy rate of beds,10
October,Capital region,46.0,2002,Occupancy rate of beds,10
October,North,13.9,2002,Occupancy rate of beds,10
October,South,17.5,2002,Occupancy rate of beds,10
October,"West, Westfjords and Southwest to 2007",24.4,2002,Occupancy rate of beds,10
November,Total,38.5,2002,Occupancy rate of rooms,11
November,East,21.7,2002,Occupancy rate of rooms,11
November,Capital region,54.8,2002,Occupancy rate of rooms,11
November,North,16.4,2002,Occupancy rate of rooms,11
November,South,19.4,2002,Occupancy rate of rooms,11
November,"West, Westfjords and Southwest to 2007",25.1,2002,Occupancy rate of rooms,11
November,Total,28.0,2002,Occupancy rate of beds,11
November,East,12.9,2002,Occupancy rate of beds,11
November,Capital region,40.1,2002,Occupancy rate of beds,11
November,North,12.1,2002,Occupancy rate of beds,11
November,South,14.2,2002,Occupancy rate of beds,11
November,"West, Westfjords and Southwest to 2007",16.8,2002,Occupancy rate of beds,11
December,Total,23.2,2002,Occupancy rate of rooms,12
December,East,7.8,2002,Occupancy rate of rooms,12
December,Capital region,36.9,2002,Occupancy rate of rooms,12
December,North,4.4,2002,Occupancy rate of rooms,12
December,South,6.2,2002,Occupancy rate of rooms,12
December,"West, Westfjords and Southwest to 2007",13.0,2002,Occupancy rate of rooms,12
December,Total,17.5,2002,Occupancy rate of beds,12
December,East,5.4,2002,Occupancy rate of beds,12
December,Capital region,26.9,2002,Occupancy rate of beds,12
December,North,5.8,2002,Occupancy rate of beds,12
December,South,5.8,2002,Occupancy rate of beds,12
December,"West, Westfjords and Southwest to 2007",9.0,2002,Occupancy rate of beds,12
January,Total,26.0,2003,Occupancy rate of rooms,1
January,East,16.3,2003,Occupancy rate of rooms,1
January,Capital region,37.9,2003,Occupancy rate of rooms,1
January,North,8.3,2003,Occupancy rate of rooms,1
January,South,9.1,2003,Occupancy rate of rooms,1
January,"West, Westfjords and Southwest to 2007",19.1,2003,Occupancy rate of rooms,1
January,Total,19.1,2003,Occupancy rate of beds,1
January,East,8.8,2003,Occupancy rate of beds,1
January,Capital region,28.4,2003,Occupancy rate of beds,1
January,North,6.5,2003,Occupancy rate of beds,1
January,South,7.1,2003,Occupancy rate of beds,1
January,"West, Westfjords and Southwest to 2007",12.2,2003,Occupancy rate of beds,1
February,Total,38.8,2003,Occupancy rate of rooms,2
February,East,20.2,2003,Occupancy rate of rooms,2
February,Capital region,57.8,2003,Occupancy rate of rooms,2
February,North,17.4,2003,Occupancy rate of rooms,2
February,South,16.1,2003,Occupancy rate of rooms,2
February,"West, Westfjords and Southwest to 2007",20.5,2003,Occupancy rate of rooms,2
February,Total,30.2,2003,Occupancy rate of beds,2
February,East,11.3,2003,Occupancy rate of beds,2
February,Capital region,46.2,2003,Occupancy rate of beds,2
February,North,12.2,2003,Occupancy rate of beds,2
February,South,13.4,2003,Occupancy rate of beds,2
February,"West, Westfjords and Southwest to 2007",15.1,2003,Occupancy rate of beds,2
March,Total,46.4,2003,Occupancy rate of rooms,3
March,East,25.3,2003,Occupancy rate of rooms,3
March,Capital region,65.2,2003,Occupancy rate of rooms,3
March,North,21.7,2003,Occupancy rate of rooms,3
March,South,26.3,2003,Occupancy rate of rooms,3
March,"West, Westfjords and Southwest to 2007",28.6,2003,Occupancy rate of rooms,3
March,Total,36.9,2003,Occupancy rate of beds,3
March,East,14.8,2003,Occupancy rate of beds,3
March,Capital region,52.3,2003,Occupancy rate of beds,3
March,North,16.9,2003,Occupancy rate of beds,3
March,South,23.8,2003,Occupancy rate of beds,3
March,"West, Westfjords and Southwest to 2007",20.0,2003,Occupancy rate of beds,3
April,Total,43.7,2003,Occupancy rate of rooms,4
April,East,32.0,2003,Occupancy rate of rooms,4
April,Capital region,58.2,2003,Occupancy rate of rooms,4
April,North,19.0,2003,Occupancy rate of rooms,4
April,South,23.0,2003,Occupancy rate of rooms,4
April,"West, Westfjords and Southwest to 2007",33.5,2003,Occupancy rate of rooms,4
April,Total,36.0,2003,Occupancy rate of beds,4
April,East,20.2,2003,Occupancy rate of beds,4
April,Capital region,48.6,2003,Occupancy rate of beds,4
April,North,14.3,2003,Occupancy rate of beds,4
April,South,21.4,2003,Occupancy rate of beds,4
April,"West, Westfjords and Southwest to 2007",25.1,2003,Occupancy rate of beds,4
May,Total,51.6,2003,Occupancy rate of rooms,5
May,East,59.7,2003,Occupancy rate of rooms,5
May,Capital region,64.1,2003,Occupancy rate of rooms,5
May,North,33.2,2003,Occupancy rate of rooms,5
May,South,29.3,2003,Occupancy rate of rooms,5
May,"West, Westfjords and Southwest to 2007",45.6,2003,Occupancy rate of rooms,5
May,Total,40.8,2003,Occupancy rate of beds,5
May,East,40.1,2003,Occupancy rate of beds,5
May,Capital region,49.5,2003,Occupancy rate of beds,5
May,North,26.6,2003,Occupancy rate of beds,5
May,South,30.2,2003,Occupancy rate of beds,5
May,"West, Westfjords and Southwest to 2007",32.6,2003,Occupancy rate of beds,5
June,Total,62.0,2003,Occupancy rate of rooms,6
June,East,72.3,2003,Occupancy rate of rooms,6
June,Capital region,72.9,2003,Occupancy rate of rooms,6
June,North,47.6,2003,Occupancy rate of rooms,6
June,South,43.0,2003,Occupancy rate of rooms,6
June,"West, Westfjords and Southwest to 2007",57.0,2003,Occupancy rate of rooms,6
June,Total,51.2,2003,Occupancy rate of beds,6
June,East,55.8,2003,Occupancy rate of beds,6
June,Capital region,58.9,2003,Occupancy rate of beds,6
June,North,42.9,2003,Occupancy rate of beds,6
June,South,37.9,2003,Occupancy rate of beds,6
June,"West, Westfjords and Southwest to 2007",46.7,2003,Occupancy rate of beds,6
July,Total,72.2,2003,Occupancy rate of rooms,7
July,East,81.5,2003,Occupancy rate of rooms,7
July,Capital region,74.2,2003,Occupancy rate of rooms,7
July,North,77.8,2003,Occupancy rate of rooms,7
July,South,64.7,2003,Occupancy rate of rooms,7
July,"West, Westfjords and Southwest to 2007",67.6,2003,Occupancy rate of rooms,7
July,Total,61.5,2003,Occupancy rate of beds,7
July,East,68.9,2003,Occupancy rate of beds,7
July,Capital region,61.6,2003,Occupancy rate of beds,7
July,North,71.5,2003,Occupancy rate of beds,7
July,South,56.1,2003,Occupancy rate of beds,7
July,"West, Westfjords and Southwest to 2007",58.7,2003,Occupancy rate of beds,7
August,Total,77.5,2003,Occupancy rate of rooms,8
August,East,82.8,2003,Occupancy rate of rooms,8
August,Capital region,85.9,2003,Occupancy rate of rooms,8
August,North,74.3,2003,Occupancy rate of rooms,8
August,South,62.9,2003,Occupancy rate of rooms,8
August,"West, Westfjords and Southwest to 2007",62.9,2003,Occupancy rate of rooms,8
August,Total,64.5,2003,Occupancy rate of beds,8
August,East,68.3,2003,Occupancy rate of beds,8
August,Capital region,68.8,2003,Occupancy rate of beds,8
August,North,66.1,2003,Occupancy rate of beds,8
August,South,56.9,2003,Occupancy rate of beds,8
August,"West, Westfjords and Southwest to 2007",54.4,2003,Occupancy rate of beds,8
September,Total,51.9,2003,Occupancy rate of rooms,9
September,East,60.8,2003,Occupancy rate of rooms,9
September,Capital region,61.2,2003,Occupancy rate of rooms,9
September,North,42.9,2003,Occupancy rate of rooms,9
September,South,33.2,2003,Occupancy rate of rooms,9
September,"West, Westfjords and Southwest to 2007",42.2,2003,Occupancy rate of rooms,9
September,Total,39.8,2003,Occupancy rate of beds,9
September,East,44.9,2003,Occupancy rate of beds,9
September,Capital region,45.2,2003,Occupancy rate of beds,9
September,North,35.1,2003,Occupancy rate of beds,9
September,South,29.7,2003,Occupancy rate of beds,9
September,"West, Westfjords and Southwest to 2007",32.2,2003,Occupancy rate of beds,9
October,Total,48.1,2003,Occupancy rate of rooms,10
October,East,44.2,2003,Occupancy rate of rooms,10
October,Capital region,60.2,2003,Occupancy rate of rooms,10
October,North,32.0,2003,Occupancy rate of rooms,10
October,South,27.1,2003,Occupancy rate of rooms,10
October,"West, Westfjords and Southwest to 2007",36.4,2003,Occupancy rate of rooms,10
October,Total,39.4,2003,Occupancy rate of beds,10
October,East,26.5,2003,Occupancy rate of beds,10
October,Capital region,49.6,2003,Occupancy rate of beds,10
October,North,23.4,2003,Occupancy rate of beds,10
October,South,25.8,2003,Occupancy rate of beds,10
October,"West, Westfjords and Southwest to 2007",28.8,2003,Occupancy rate of beds,10
November,Total,33.1,2003,Occupancy rate of rooms,11
November,East,43.1,2003,Occupancy rate of rooms,11
November,Capital region,43.8,2003,Occupancy rate of rooms,11
November,North,15.3,2003,Occupancy rate of rooms,11
November,South,12.5,2003,Occupancy rate of rooms,11
November,"West, Westfjords and Southwest to 2007",25.7,2003,Occupancy rate of rooms,11
November,Total,26.7,2003,Occupancy rate of beds,11
November,East,24.5,2003,Occupancy rate of beds,11
November,Capital region,35.6,2003,Occupancy rate of beds,11
November,North,11.2,2003,Occupancy rate of beds,11
November,South,12.3,2003,Occupancy rate of beds,11
November,"West, Westfjords and Southwest to 2007",19.6,2003,Occupancy rate of beds,11
December,Total,22.1,2003,Occupancy rate of rooms,12
December,East,28.3,2003,Occupancy rate of rooms,12
December,Capital region,31.2,2003,Occupancy rate of rooms,12
December,North,6.8,2003,Occupancy rate of rooms,12
December,South,5.6,2003,Occupancy rate of rooms,12
December,"West, Westfjords and Southwest to 2007",14.5,2003,Occupancy rate of rooms,12
December,Total,18.1,2003,Occupancy rate of beds,12
December,East,15.6,2003,Occupancy rate of beds,12
December,Capital region,26.4,2003,Occupancy rate of beds,12
December,North,4.7,2003,Occupancy rate of beds,12
December,South,4.6,2003,Occupancy rate of beds,12
December,"West, Westfjords and Southwest to 2007",10.7,2003,Occupancy rate of beds,12
January,Total,22.2,2004,Occupancy rate of rooms,1
January,East,34.6,2004,Occupancy rate of rooms,1
January,Capital region,28.2,2004,Occupancy rate of rooms,1
January,North,6.5,2004,Occupancy rate of rooms,1
January,South,11.7,2004,Occupancy rate of rooms,1
January,"West, Westfjords and Southwest to 2007",19.1,2004,Occupancy rate of rooms,1
January,Total,16.5,2004,Occupancy rate of beds,1
January,East,19.8,2004,Occupancy rate of beds,1
January,Capital region,21.7,2004,Occupancy rate of beds,1
January,North,4.5,2004,Occupancy rate of beds,1
January,South,8.0,2004,Occupancy rate of beds,1
January,"West, Westfjords and Southwest to 2007",13.7,2004,Occupancy rate of beds,1
February,Total,35.4,2004,Occupancy rate of rooms,2
February,East,45.5,2004,Occupancy rate of rooms,2
February,Capital region,43.4,2004,Occupancy rate of rooms,2
February,North,13.5,2004,Occupancy rate of rooms,2
February,South,26.0,2004,Occupancy rate of rooms,2
February,"West, Westfjords and Southwest to 2007",26.3,2004,Occupancy rate of rooms,2
February,Total,29.4,2004,Occupancy rate of beds,2
February,East,24.8,2004,Occupancy rate of beds,2
February,Capital region,37.8,2004,Occupancy rate of beds,2
February,North,10.8,2004,Occupancy rate of beds,2
February,South,19.5,2004,Occupancy rate of beds,2
February,"West, Westfjords and Southwest to 2007",18.9,2004,Occupancy rate of beds,2
March,Total,42.3,2004,Occupancy rate of rooms,3
March,East,31.9,2004,Occupancy rate of rooms,3
March,Capital region,55.1,2004,Occupancy rate of rooms,3
March,North,18.5,2004,Occupancy rate of rooms,3
March,South,28.9,2004,Occupancy rate of rooms,3
March,"West, Westfjords and Southwest to 2007",22.6,2004,Occupancy rate of rooms,3
March,Total,33.7,2004,Occupancy rate of beds,3
March,East,18.9,2004,Occupancy rate of beds,3
March,Capital region,44.0,2004,Occupancy rate of beds,3
March,North,14.9,2004,Occupancy rate of beds,3
March,South,24.5,2004,Occupancy rate of beds,3
March,"West, Westfjords and Southwest to 2007",16.4,2004,Occupancy rate of beds,3
April,Total,43.4,2004,Occupancy rate of rooms,4
April,East,28.4,2004,Occupancy rate of rooms,4
April,Capital region,55.7,2004,Occupancy rate of rooms,4
April,North,22.1,2004,Occupancy rate of rooms,4
April,South,23.9,2004,Occupancy rate of rooms,4
April,"West, Westfjords and Southwest to 2007",35.4,2004,Occupancy rate of rooms,4
April,Total,36.2,2004,Occupancy rate of beds,4
April,East,17.6,2004,Occupancy rate of beds,4
April,Capital region,47.1,2004,Occupancy rate of beds,4
April,North,18.8,2004,Occupancy rate of beds,4
April,South,20.8,2004,Occupancy rate of beds,4
April,"West, Westfjords and Southwest to 2007",26.7,2004,Occupancy rate of beds,4
May,Total,49.0,2004,Occupancy rate of rooms,5
May,East,49.1,2004,Occupancy rate of rooms,5
May,Capital region,60.3,2004,Occupancy rate of rooms,5
May,North,31.5,2004,Occupancy rate of rooms,5
May,South,30.7,2004,Occupancy rate of rooms,5
May,"West, Westfjords and Southwest to 2007",41.7,2004,Occupancy rate of rooms,5
May,Total,39.0,2004,Occupancy rate of beds,5
May,East,35.4,2004,Occupancy rate of beds,5
May,Capital region,46.8,2004,Occupancy rate of beds,5
May,North,26.4,2004,Occupancy rate of beds,5
May,South,28.0,2004,Occupancy rate of beds,5
May,"West, Westfjords and Southwest to 2007",32.7,2004,Occupancy rate of beds,5
June,Total,65.2,2004,Occupancy rate of rooms,6
June,East,55.3,2004,Occupancy rate of rooms,6
June,Capital region,75.8,2004,Occupancy rate of rooms,6
June,North,57.7,2004,Occupancy rate of rooms,6
June,South,45.7,2004,Occupancy rate of rooms,6
June,"West, Westfjords and Southwest to 2007",53.1,2004,Occupancy rate of rooms,6
June,Total,53.9,2004,Occupancy rate of beds,6
June,East,40.9,2004,Occupancy rate of beds,6
June,Capital region,59.1,2004,Occupancy rate of beds,6
June,North,50.7,2004,Occupancy rate of beds,6
June,South,45.1,2004,Occupancy rate of beds,6
June,"West, Westfjords and Southwest to 2007",47.9,2004,Occupancy rate of beds,6
July,Total,78.2,2004,Occupancy rate of rooms,7
July,East,80.4,2004,Occupancy rate of rooms,7
July,Capital region,81.4,2004,Occupancy rate of rooms,7
July,North,81.7,2004,Occupancy rate of rooms,7
July,South,70.5,2004,Occupancy rate of rooms,7
July,"West, Westfjords and Southwest to 2007",69.2,2004,Occupancy rate of rooms,7
July,Total,69.0,2004,Occupancy rate of beds,7
July,East,68.3,2004,Occupancy rate of beds,7
July,Capital region,69.9,2004,Occupancy rate of beds,7
July,North,75.7,2004,Occupancy rate of beds,7
July,South,64.7,2004,Occupancy rate of beds,7
July,"West, Westfjords and Southwest to 2007",64.4,2004,Occupancy rate of beds,7
August,Total,74.0,2004,Occupancy rate of rooms,8
August,East,72.9,2004,Occupancy rate of rooms,8
August,Capital region,79.9,2004,Occupancy rate of rooms,8
August,North,70.2,2004,Occupancy rate of rooms,8
August,South,63.0,2004,Occupancy rate of rooms,8
August,"West, Westfjords and Southwest to 2007",65.6,2004,Occupancy rate of rooms,8
August,Total,63.3,2004,Occupancy rate of beds,8
August,East,58.8,2004,Occupancy rate of beds,8
August,Capital region,66.5,2004,Occupancy rate of beds,8
August,North,63.0,2004,Occupancy rate of beds,8
August,South,57.7,2004,Occupancy rate of beds,8
August,"West, Westfjords and Southwest to 2007",57.0,2004,Occupancy rate of beds,8
September,Total,53.0,2004,Occupancy rate of rooms,9
September,East,61.3,2004,Occupancy rate of rooms,9
September,Capital region,63.7,2004,Occupancy rate of rooms,9
September,North,35.8,2004,Occupancy rate of rooms,9
September,South,34.8,2004,Occupancy rate of rooms,9
September,"West, Westfjords and Southwest to 2007",42.3,2004,Occupancy rate of rooms,9
September,Total,39.1,2004,Occupancy rate of beds,9
September,East,41.9,2004,Occupancy rate of beds,9
September,Capital region,45.0,2004,Occupancy rate of beds,9
September,North,29.2,2004,Occupancy rate of beds,9
September,South,29.1,2004,Occupancy rate of beds,9
September,"West, Westfjords and Southwest to 2007",34.3,2004,Occupancy rate of beds,9
October,Total,50.0,2004,Occupancy rate of rooms,10
October,East,50.4,2004,Occupancy rate of rooms,10
October,Capital region,64.9,2004,Occupancy rate of rooms,10
October,North,20.9,2004,Occupancy rate of rooms,10
October,South,29.3,2004,Occupancy rate of rooms,10
October,"West, Westfjords and Southwest to 2007",32.2,2004,Occupancy rate of rooms,10
October,Total,39.6,2004,Occupancy rate of beds,10
October,East,29.4,2004,Occupancy rate of beds,10
October,Capital region,51.1,2004,Occupancy rate of beds,10
October,North,15.4,2004,Occupancy rate of beds,10
October,South,26.4,2004,Occupancy rate of beds,10
October,"West, Westfjords and Southwest to 2007",25.6,2004,Occupancy rate of beds,10
November,Total,34.1,2004,Occupancy rate of rooms,11
November,East,26.3,2004,Occupancy rate of rooms,11
November,Capital region,45.2,2004,Occupancy rate of rooms,11
November,North,14.6,2004,Occupancy rate of rooms,11
November,South,13.5,2004,Occupancy rate of rooms,11
November,"West, Westfjords and Southwest to 2007",30.7,2004,Occupancy rate of rooms,11
November,Total,25.9,2004,Occupancy rate of beds,11
November,East,15.6,2004,Occupancy rate of beds,11
November,Capital region,34.1,2004,Occupancy rate of beds,11
November,North,10.8,2004,Occupancy rate of beds,11
November,South,11.8,2004,Occupancy rate of beds,11
November,"West, Westfjords and Southwest to 2007",23.4,2004,Occupancy rate of beds,11
December,Total,22.2,2004,Occupancy rate of rooms,12
December,East,20.3,2004,Occupancy rate of rooms,12
December,Capital region,29.4,2004,Occupancy rate of rooms,12
December,North,8.3,2004,Occupancy rate of rooms,12
December,South,7.3,2004,Occupancy rate of rooms,12
December,"West, Westfjords and Southwest to 2007",20.8,2004,Occupancy rate of rooms,12
December,Total,18.2,2004,Occupancy rate of beds,12
December,East,11.6,2004,Occupancy rate of beds,12
December,Capital region,24.1,2004,Occupancy rate of beds,12
December,North,6.2,2004,Occupancy rate of beds,12
December,South,7.1,2004,Occupancy rate of beds,12
December,"West, Westfjords and Southwest to 2007",16.5,2004,Occupancy rate of beds,12
January,Total,24.9,2005,Occupancy rate of rooms,1
January,East,26.1,2005,Occupancy rate of rooms,1
January,Capital region,34.5,2005,Occupancy rate of rooms,1
January,North,7.3,2005,Occupancy rate of rooms,1
January,South,7.9,2005,Occupancy rate of rooms,1
January,"West, Westfjords and Southwest to 2007",17.5,2005,Occupancy rate of rooms,1
January,Total,18.8,2005,Occupancy rate of beds,1
January,East,13.9,2005,Occupancy rate of beds,1
January,Capital region,25.9,2005,Occupancy rate of beds,1
January,North,4.9,2005,Occupancy rate of beds,1
January,South,7.8,2005,Occupancy rate of beds,1
January,"West, Westfjords and Southwest to 2007",13.4,2005,Occupancy rate of beds,1
February,Total,38.1,2005,Occupancy rate of rooms,2
February,East,25.5,2005,Occupancy rate of rooms,2
February,Capital region,51.8,2005,Occupancy rate of rooms,2
February,North,18.1,2005,Occupancy rate of rooms,2
February,South,15.7,2005,Occupancy rate of rooms,2
February,"West, Westfjords and Southwest to 2007",24.3,2005,Occupancy rate of rooms,2
February,Total,30.1,2005,Occupancy rate of beds,2
February,East,14.8,2005,Occupancy rate of beds,2
February,Capital region,40.5,2005,Occupancy rate of beds,2
February,North,14.8,2005,Occupancy rate of beds,2
February,South,14.5,2005,Occupancy rate of beds,2
February,"West, Westfjords and Southwest to 2007",19.5,2005,Occupancy rate of beds,2
March,Total,36.4,2005,Occupancy rate of rooms,3
March,East,19.0,2005,Occupancy rate of rooms,3
March,Capital region,50.2,2005,Occupancy rate of rooms,3
March,North,23.9,2005,Occupancy rate of rooms,3
March,South,18.4,2005,Occupancy rate of rooms,3
March,"West, Westfjords and Southwest to 2007",22.9,2005,Occupancy rate of rooms,3
March,Total,29.9,2005,Occupancy rate of beds,3
March,East,11.9,2005,Occupancy rate of beds,3
March,Capital region,40.5,2005,Occupancy rate of beds,3
March,North,18.9,2005,Occupancy rate of beds,3
March,South,17.3,2005,Occupancy rate of beds,3
March,"West, Westfjords and Southwest to 2007",19.8,2005,Occupancy rate of beds,3
April,Total,45.9,2005,Occupancy rate of rooms,4
April,East,35.9,2005,Occupancy rate of rooms,4
April,Capital region,58.5,2005,Occupancy rate of rooms,4
April,North,22.5,2005,Occupancy rate of rooms,4
April,South,31.0,2005,Occupancy rate of rooms,4
April,"West, Westfjords and Southwest to 2007",28.2,2005,Occupancy rate of rooms,4
April,Total,36.0,2005,Occupancy rate of beds,4
April,East,20.7,2005,Occupancy rate of beds,4
April,Capital region,44.4,2005,Occupancy rate of beds,4
April,North,17.9,2005,Occupancy rate of beds,4
April,South,29.8,2005,Occupancy rate of beds,4
April,"West, Westfjords and Southwest to 2007",23.4,2005,Occupancy rate of beds,4
May,Total,50.2,2005,Occupancy rate of rooms,5
May,East,46.9,2005,Occupancy rate of rooms,5
May,Capital region,62.2,2005,Occupancy rate of rooms,5
May,North,32.3,2005,Occupancy rate of rooms,5
May,South,29.2,2005,Occupancy rate of rooms,5
May,"West, Westfjords and Southwest to 2007",39.2,2005,Occupancy rate of rooms,5
May,Total,38.8,2005,Occupancy rate of beds,5
May,East,32.6,2005,Occupancy rate of beds,5
May,Capital region,46.2,2005,Occupancy rate of beds,5
May,North,28.8,2005,Occupancy rate of beds,5
May,South,26.8,2005,Occupancy rate of beds,5
May,"West, Westfjords and Southwest to 2007",31.3,2005,Occupancy rate of beds,5
June,Total,68.9,2005,Occupancy rate of rooms,6
June,East,59.8,2005,Occupancy rate of rooms,6
June,Capital region,79.0,2005,Occupancy rate of rooms,6
June,North,52.4,2005,Occupancy rate of rooms,6
June,South,54.1,2005,Occupancy rate of rooms,6
June,"West, Westfjords and Southwest to 2007",60.5,2005,Occupancy rate of rooms,6
June,Total,54.9,2005,Occupancy rate of beds,6
June,East,46.3,2005,Occupancy rate of beds,6
June,Capital region,61.3,2005,Occupancy rate of beds,6
June,North,45.2,2005,Occupancy rate of beds,6
June,South,45.8,2005,Occupancy rate of beds,6
June,"West, Westfjords and Southwest to 2007",48.9,2005,Occupancy rate of beds,6
July,Total,75.8,2005,Occupancy rate of rooms,7
July,East,78.6,2005,Occupancy rate of rooms,7
July,Capital region,79.0,2005,Occupancy rate of rooms,7
July,North,75.6,2005,Occupancy rate of rooms,7
July,South,68.5,2005,Occupancy rate of rooms,7
July,"West, Westfjords and Southwest to 2007",70.2,2005,Occupancy rate of rooms,7
July,Total,66.5,2005,Occupancy rate of beds,7
July,East,69.5,2005,Occupancy rate of beds,7
July,Capital region,68.0,2005,Occupancy rate of beds,7
July,North,70.2,2005,Occupancy rate of beds,7
July,South,61.9,2005,Occupancy rate of beds,7
July,"West, Westfjords and Southwest to 2007",62.1,2005,Occupancy rate of beds,7
August,Total,77.1,2005,Occupancy rate of rooms,8
August,East,77.3,2005,Occupancy rate of rooms,8
August,Capital region,84.4,2005,Occupancy rate of rooms,8
August,North,60.8,2005,Occupancy rate of rooms,8
August,South,69.1,2005,Occupancy rate of rooms,8
August,"West, Westfjords and Southwest to 2007",69.0,2005,Occupancy rate of rooms,8
August,Total,65.2,2005,Occupancy rate of beds,8
August,East,65.9,2005,Occupancy rate of beds,8
August,Capital region,69.3,2005,Occupancy rate of beds,8
August,North,55.1,2005,Occupancy rate of beds,8
August,South,62.5,2005,Occupancy rate of beds,8
August,"West, Westfjords and Southwest to 2007",58.2,2005,Occupancy rate of beds,8
September,Total,55.5,2005,Occupancy rate of rooms,9
September,East,47.3,2005,Occupancy rate of rooms,9
September,Capital region,68.3,2005,Occupancy rate of rooms,9
September,North,31.7,2005,Occupancy rate of rooms,9
September,South,37.9,2005,Occupancy rate of rooms,9
September,"West, Westfjords and Southwest to 2007",42.6,2005,Occupancy rate of rooms,9
September,Total,41.4,2005,Occupancy rate of beds,9
September,East,37.5,2005,Occupancy rate of beds,9
September,Capital region,49.1,2005,Occupancy rate of beds,9
September,North,25.8,2005,Occupancy rate of beds,9
September,South,30.9,2005,Occupancy rate of beds,9
September,"West, Westfjords and Southwest to 2007",33.5,2005,Occupancy rate of beds,9
October,Total,49.1,2005,Occupancy rate of rooms,10
October,East,30.2,2005,Occupancy rate of rooms,10
October,Capital region,61.4,2005,Occupancy rate of rooms,10
October,North,19.3,2005,Occupancy rate of rooms,10
October,South,36.9,2005,Occupancy rate of rooms,10
October,"West, Westfjords and Southwest to 2007",35.3,2005,Occupancy rate of rooms,10
October,Total,38.3,2005,Occupancy rate of beds,10
October,East,23.2,2005,Occupancy rate of beds,10
October,Capital region,46.3,2005,Occupancy rate of beds,10
October,North,16.6,2005,Occupancy rate of beds,10
October,South,32.9,2005,Occupancy rate of beds,10
October,"West, Westfjords and Southwest to 2007",27.1,2005,Occupancy rate of beds,10
November,Total,36.7,2005,Occupancy rate of rooms,11
November,East,21.9,2005,Occupancy rate of rooms,11
November,Capital region,44.3,2005,Occupancy rate of rooms,11
November,North,18.0,2005,Occupancy rate of rooms,11
November,South,25.4,2005,Occupancy rate of rooms,11
November,"West, Westfjords and Southwest to 2007",29.1,2005,Occupancy rate of rooms,11
November,Total,27.3,2005,Occupancy rate of beds,11
November,East,15.9,2005,Occupancy rate of beds,11
November,Capital region,32.8,2005,Occupancy rate of beds,11
November,North,12.5,2005,Occupancy rate of beds,11
November,South,20.1,2005,Occupancy rate of beds,11
November,"West, Westfjords and Southwest to 2007",21.4,2005,Occupancy rate of beds,11
December,Total,25.0,2005,Occupancy rate of rooms,12
December,East,14.3,2005,Occupancy rate of rooms,12
December,Capital region,31.9,2005,Occupancy rate of rooms,12
December,North,8.8,2005,Occupancy rate of rooms,12
December,South,9.9,2005,Occupancy rate of rooms,12
December,"West, Westfjords and Southwest to 2007",22.2,2005,Occupancy rate of rooms,12
December,Total,19.9,2005,Occupancy rate of beds,12
December,East,10.7,2005,Occupancy rate of beds,12
December,Capital region,25.6,2005,Occupancy rate of beds,12
December,North,6.7,2005,Occupancy rate of beds,12
December,South,8.2,2005,Occupancy rate of beds,12
December,"West, Westfjords and Southwest to 2007",16.1,2005,Occupancy rate of beds,12
January,Total,26.5,2006,Occupancy rate of rooms,1
January,East,11.5,2006,Occupancy rate of rooms,1
January,Capital region,33.5,2006,Occupancy rate of rooms,1
January,North,10.4,2006,Occupancy rate of rooms,1
January,South,8.9,2006,Occupancy rate of rooms,1
January,"West, Westfjords and Southwest to 2007",34.7,2006,Occupancy rate of rooms,1
January,Total,19.5,2006,Occupancy rate of beds,1
January,East,8.0,2006,Occupancy rate of beds,1
January,Capital region,24.6,2006,Occupancy rate of beds,1
January,North,7.4,2006,Occupancy rate of beds,1
January,South,7.0,2006,Occupancy rate of beds,1
January,"West, Westfjords and Southwest to 2007",23.3,2006,Occupancy rate of beds,1
February,Total,36.8,2006,Occupancy rate of rooms,2
February,East,13.1,2006,Occupancy rate of rooms,2
February,Capital region,47.9,2006,Occupancy rate of rooms,2
February,North,16.4,2006,Occupancy rate of rooms,2
February,South,16.5,2006,Occupancy rate of rooms,2
February,"West, Westfjords and Southwest to 2007",44.4,2006,Occupancy rate of rooms,2
February,Total,28.3,2006,Occupancy rate of beds,2
February,East,8.9,2006,Occupancy rate of beds,2
February,Capital region,36.3,2006,Occupancy rate of beds,2
February,North,12.4,2006,Occupancy rate of beds,2
February,South,14.1,2006,Occupancy rate of beds,2
February,"West, Westfjords and Southwest to 2007",33.4,2006,Occupancy rate of beds,2
March,Total,42.1,2006,Occupancy rate of rooms,3
March,East,14.7,2006,Occupancy rate of rooms,3
March,Capital region,52.1,2006,Occupancy rate of rooms,3
March,North,20.7,2006,Occupancy rate of rooms,3
March,South,26.4,2006,Occupancy rate of rooms,3
March,"West, Westfjords and Southwest to 2007",48.2,2006,Occupancy rate of rooms,3
March,Total,32.3,2006,Occupancy rate of beds,3
March,East,10.6,2006,Occupancy rate of beds,3
March,Capital region,39.1,2006,Occupancy rate of beds,3
March,North,15.9,2006,Occupancy rate of beds,3
March,South,23.3,2006,Occupancy rate of beds,3
March,"West, Westfjords and Southwest to 2007",35.2,2006,Occupancy rate of beds,3
April,Total,44.7,2006,Occupancy rate of rooms,4
April,East,17.8,2006,Occupancy rate of rooms,4
April,Capital region,56.9,2006,Occupancy rate of rooms,4
April,North,21.3,2006,Occupancy rate of rooms,4
April,South,28.3,2006,Occupancy rate of rooms,4
April,"West, Westfjords and Southwest to 2007",40.0,2006,Occupancy rate of rooms,4
April,Total,35.6,2006,Occupancy rate of beds,4
April,East,13.3,2006,Occupancy rate of beds,4
April,Capital region,44.3,2006,Occupancy rate of beds,4
April,North,17.3,2006,Occupancy rate of beds,4
April,South,25.8,2006,Occupancy rate of beds,4
April,"West, Westfjords and Southwest to 2007",30.2,2006,Occupancy rate of beds,4
May,Total,56.1,2006,Occupancy rate of rooms,5
May,East,35.8,2006,Occupancy rate of rooms,5
May,Capital region,71.9,2006,Occupancy rate of rooms,5
May,North,34.4,2006,Occupancy rate of rooms,5
May,South,32.9,2006,Occupancy rate of rooms,5
May,"West, Westfjords and Southwest to 2007",39.8,2006,Occupancy rate of rooms,5
May,Total,42.7,2006,Occupancy rate of beds,5
May,East,27.5,2006,Occupancy rate of beds,5
May,Capital region,53.3,2006,Occupancy rate of beds,5
May,North,28.0,2006,Occupancy rate of beds,5
May,South,27.1,2006,Occupancy rate of beds,5
May,"West, Westfjords and Southwest to 2007",31.9,2006,Occupancy rate of beds,5
June,Total,67.8,2006,Occupancy rate of rooms,6
June,East,51.4,2006,Occupancy rate of rooms,6
June,Capital region,79.2,2006,Occupancy rate of rooms,6
June,North,49.1,2006,Occupancy rate of rooms,6
June,South,52.6,2006,Occupancy rate of rooms,6
June,"West, Westfjords and Southwest to 2007",62.5,2006,Occupancy rate of rooms,6
June,Total,54.6,2006,Occupancy rate of beds,6
June,East,44.4,2006,Occupancy rate of beds,6
June,Capital region,61.4,2006,Occupancy rate of beds,6
June,North,42.0,2006,Occupancy rate of beds,6
June,South,45.7,2006,Occupancy rate of beds,6
June,"West, Westfjords and Southwest to 2007",51.9,2006,Occupancy rate of beds,6
July,Total,79.7,2006,Occupancy rate of rooms,7
July,East,75.6,2006,Occupancy rate of rooms,7
July,Capital region,86.0,2006,Occupancy rate of rooms,7
July,North,67.3,2006,Occupancy rate of rooms,7
July,South,71.4,2006,Occupancy rate of rooms,7
July,"West, Westfjords and Southwest to 2007",76.4,2006,Occupancy rate of rooms,7
July,Total,69.9,2006,Occupancy rate of beds,7
July,East,67.8,2006,Occupancy rate of beds,7
July,Capital region,73.2,2006,Occupancy rate of beds,7
July,North,61.6,2006,Occupancy rate of beds,7
July,South,64.5,2006,Occupancy rate of beds,7
July,"West, Westfjords and Southwest to 2007",71.3,2006,Occupancy rate of beds,7
August,Total,76.7,2006,Occupancy rate of rooms,8
August,East,67.7,2006,Occupancy rate of rooms,8
August,Capital region,82.7,2006,Occupancy rate of rooms,8
August,North,63.3,2006,Occupancy rate of rooms,8
August,South,71.4,2006,Occupancy rate of rooms,8
August,"West, Westfjords and Southwest to 2007",73.1,2006,Occupancy rate of rooms,8
August,Total,64.8,2006,Occupancy rate of beds,8
August,East,59.0,2006,Occupancy rate of beds,8
August,Capital region,66.4,2006,Occupancy rate of beds,8
August,North,56.0,2006,Occupancy rate of beds,8
August,South,63.8,2006,Occupancy rate of beds,8
August,"West, Westfjords and Southwest to 2007",69.8,2006,Occupancy rate of beds,8
September,Total,63.1,2006,Occupancy rate of rooms,9
September,East,55.4,2006,Occupancy rate of rooms,9
September,Capital region,76.5,2006,Occupancy rate of rooms,9
September,North,44.0,2006,Occupancy rate of rooms,9
September,South,39.5,2006,Occupancy rate of rooms,9
September,"West, Westfjords and Southwest to 2007",54.1,2006,Occupancy rate of rooms,9
September,Total,48.0,2006,Occupancy rate of beds,9
September,East,45.0,2006,Occupancy rate of beds,9
September,Capital region,56.2,2006,Occupancy rate of beds,9
September,North,36.0,2006,Occupancy rate of beds,9
September,South,32.0,2006,Occupancy rate of beds,9
September,"West, Westfjords and Southwest to 2007",43.1,2006,Occupancy rate of beds,9
October,Total,51.3,2006,Occupancy rate of rooms,10
October,East,39.4,2006,Occupancy rate of rooms,10
October,Capital region,66.8,2006,Occupancy rate of rooms,10
October,North,26.2,2006,Occupancy rate of rooms,10
October,South,28.3,2006,Occupancy rate of rooms,10
October,"West, Westfjords and Southwest to 2007",37.4,2006,Occupancy rate of rooms,10
October,Total,39.3,2006,Occupancy rate of beds,10
October,East,29.6,2006,Occupancy rate of beds,10
October,Capital region,49.9,2006,Occupancy rate of beds,10
October,North,20.8,2006,Occupancy rate of beds,10
October,South,24.2,2006,Occupancy rate of beds,10
October,"West, Westfjords and Southwest to 2007",29.0,2006,Occupancy rate of beds,10
November,Total,41.3,2006,Occupancy rate of rooms,11
November,East,44.2,2006,Occupancy rate of rooms,11
November,Capital region,53.6,2006,Occupancy rate of rooms,11
November,North,15.5,2006,Occupancy rate of rooms,11
November,South,15.5,2006,Occupancy rate of rooms,11
November,"West, Westfjords and Southwest to 2007",43.9,2006,Occupancy rate of rooms,11
November,Total,31.2,2006,Occupancy rate of beds,11
November,East,29.7,2006,Occupancy rate of beds,11
November,Capital region,40.1,2006,Occupancy rate of beds,11
November,North,11.6,2006,Occupancy rate of beds,11
November,South,13.4,2006,Occupancy rate of beds,11
November,"West, Westfjords and Southwest to 2007",32.8,2006,Occupancy rate of beds,11
December,Total,30.9,2006,Occupancy rate of rooms,12
December,East,32.5,2006,Occupancy rate of rooms,12
December,Capital region,42.1,2006,Occupancy rate of rooms,12
December,North,8.3,2006,Occupancy rate of rooms,12
December,South,8.2,2006,Occupancy rate of rooms,12
December,"West, Westfjords and Southwest to 2007",29.5,2006,Occupancy rate of rooms,12
December,Total,22.7,2006,Occupancy rate of beds,12
December,East,18.3,2006,Occupancy rate of beds,12
December,Capital region,30.4,2006,Occupancy rate of beds,12
December,North,6.1,2006,Occupancy rate of beds,12
December,South,7.8,2006,Occupancy rate of beds,12
December,"West, Westfjords and Southwest to 2007",22.4,2006,Occupancy rate of beds,12
January,Total,29.0,2007,Occupancy rate of rooms,1
January,East,54.3,2007,Occupancy rate of rooms,1
January,Capital region,36.2,2007,Occupancy rate of rooms,1
January,North,8.5,2007,Occupancy rate of rooms,1
January,South,9.3,2007,Occupancy rate of rooms,1
January,Southwest,56.8,2007,Occupancy rate of rooms,1
January,"West, Westfjords from 2007",18.0,2007,Occupancy rate of rooms,1
January,Total,22.0,2007,Occupancy rate of beds,1
January,East,29.2,2007,Occupancy rate of beds,1
January,Capital region,27.6,2007,Occupancy rate of beds,1
January,North,6.3,2007,Occupancy rate of beds,1
January,South,8.2,2007,Occupancy rate of beds,1
January,Southwest,39.6,2007,Occupancy rate of beds,1
January,"West, Westfjords from 2007",15.5,2007,Occupancy rate of beds,1
February,Total,39.5,2007,Occupancy rate of rooms,2
February,East,61.8,2007,Occupancy rate of rooms,2
February,Capital region,48.5,2007,Occupancy rate of rooms,2
February,North,17.6,2007,Occupancy rate of rooms,2
February,South,22.2,2007,Occupancy rate of rooms,2
February,Southwest,61.9,2007,Occupancy rate of rooms,2
February,"West, Westfjords from 2007",19.4,2007,Occupancy rate of rooms,2
February,Total,30.3,2007,Occupancy rate of beds,2
February,East,34.6,2007,Occupancy rate of beds,2
February,Capital region,36.8,2007,Occupancy rate of beds,2
February,North,13.4,2007,Occupancy rate of beds,2
February,South,20.2,2007,Occupancy rate of beds,2
February,Southwest,43.1,2007,Occupancy rate of beds,2
February,"West, Westfjords from 2007",16.0,2007,Occupancy rate of beds,2
March,Total,46.3,2007,Occupancy rate of rooms,3
March,East,64.8,2007,Occupancy rate of rooms,3
March,Capital region,57.4,2007,Occupancy rate of rooms,3
March,North,20.7,2007,Occupancy rate of rooms,3
March,South,27.2,2007,Occupancy rate of rooms,3
March,Southwest,60.8,2007,Occupancy rate of rooms,3
March,"West, Westfjords from 2007",25.4,2007,Occupancy rate of rooms,3
March,Total,35.3,2007,Occupancy rate of beds,3
March,East,36.6,2007,Occupancy rate of beds,3
March,Capital region,43.4,2007,Occupancy rate of beds,3
March,North,15.4,2007,Occupancy rate of beds,3
March,South,24.1,2007,Occupancy rate of beds,3
March,Southwest,40.4,2007,Occupancy rate of beds,3
March,"West, Westfjords from 2007",19.7,2007,Occupancy rate of beds,3
April,Total,44.3,2007,Occupancy rate of rooms,4
April,East,66.7,2007,Occupancy rate of rooms,4
April,Capital region,52.2,2007,Occupancy rate of rooms,4
April,North,26.5,2007,Occupancy rate of rooms,4
April,South,29.8,2007,Occupancy rate of rooms,4
April,Southwest,45.3,2007,Occupancy rate of rooms,4
April,"West, Westfjords from 2007",28.4,2007,Occupancy rate of rooms,4
April,Total,35.8,2007,Occupancy rate of beds,4
April,East,40.4,2007,Occupancy rate of beds,4
April,Capital region,41.5,2007,Occupancy rate of beds,4
April,North,23.4,2007,Occupancy rate of beds,4
April,South,26.5,2007,Occupancy rate of beds,4
April,Southwest,32.9,2007,Occupancy rate of beds,4
April,"West, Westfjords from 2007",24.1,2007,Occupancy rate of beds,4
May,Total,55.0,2007,Occupancy rate of rooms,5
May,East,39.8,2007,Occupancy rate of rooms,5
May,Capital region,66.2,2007,Occupancy rate of rooms,5
May,North,36.6,2007,Occupancy rate of rooms,5
May,South,34.8,2007,Occupancy rate of rooms,5
May,Southwest,61.7,2007,Occupancy rate of rooms,5
May,"West, Westfjords from 2007",36.7,2007,Occupancy rate of rooms,5
May,Total,43.1,2007,Occupancy rate of beds,5
May,East,31.7,2007,Occupancy rate of beds,5
May,Capital region,50.3,2007,Occupancy rate of beds,5
May,North,30.2,2007,Occupancy rate of beds,5
May,South,30.5,2007,Occupancy rate of beds,5
May,Southwest,42.7,2007,Occupancy rate of beds,5
May,"West, Westfjords from 2007",32.7,2007,Occupancy rate of beds,5
June,Total,71.2,2007,Occupancy rate of rooms,6
June,East,68.3,2007,Occupancy rate of rooms,6
June,Capital region,81.0,2007,Occupancy rate of rooms,6
June,North,58.3,2007,Occupancy rate of rooms,6
June,South,53.1,2007,Occupancy rate of rooms,6
June,Southwest,77.2,2007,Occupancy rate of rooms,6
June,"West, Westfjords from 2007",52.5,2007,Occupancy rate of rooms,6
June,Total,57.8,2007,Occupancy rate of beds,6
June,East,55.4,2007,Occupancy rate of beds,6
June,Capital region,63.1,2007,Occupancy rate of beds,6
June,North,49.7,2007,Occupancy rate of beds,6
June,South,46.8,2007,Occupancy rate of beds,6
June,Southwest,59.8,2007,Occupancy rate of beds,6
June,"West, Westfjords from 2007",51.1,2007,Occupancy rate of beds,6
July,Total,79.7,2007,Occupancy rate of rooms,7
July,East,81.8,2007,Occupancy rate of rooms,7
July,Capital region,79.8,2007,Occupancy rate of rooms,7
July,North,77.7,2007,Occupancy rate of rooms,7
July,South,83.3,2007,Occupancy rate of rooms,7
July,Southwest,79.4,2007,Occupancy rate of rooms,7
July,"West, Westfjords from 2007",70.2,2007,Occupancy rate of rooms,7
July,Total,69.4,2007,Occupancy rate of beds,7
July,East,69.3,2007,Occupancy rate of beds,7
July,Capital region,67.2,2007,Occupancy rate of beds,7
July,North,71.0,2007,Occupancy rate of beds,7
July,South,75.3,2007,Occupancy rate of beds,7
July,Southwest,68.5,2007,Occupancy rate of beds,7
July,"West, Westfjords from 2007",72.2,2007,Occupancy rate of beds,7
August,Total,75.7,2007,Occupancy rate of rooms,8
August,East,73.6,2007,Occupancy rate of rooms,8
August,Capital region,78.8,2007,Occupancy rate of rooms,8
August,North,72.0,2007,Occupancy rate of rooms,8
August,South,74.3,2007,Occupancy rate of rooms,8
August,Southwest,75.7,2007,Occupancy rate of rooms,8
August,"West, Westfjords from 2007",61.9,2007,Occupancy rate of rooms,8
August,Total,64.1,2007,Occupancy rate of beds,8
August,East,63.6,2007,Occupancy rate of beds,8
August,Capital region,63.5,2007,Occupancy rate of beds,8
August,North,66.0,2007,Occupancy rate of beds,8
August,South,68.2,2007,Occupancy rate of beds,8
August,Southwest,64.0,2007,Occupancy rate of beds,8
August,"West, Westfjords from 2007",59.7,2007,Occupancy rate of beds,8
September,Total,55.7,2007,Occupancy rate of rooms,9
September,East,44.6,2007,Occupancy rate of rooms,9
September,Capital region,66.8,2007,Occupancy rate of rooms,9
September,North,40.3,2007,Occupancy rate of rooms,9
September,South,36.9,2007,Occupancy rate of rooms,9
September,Southwest,58.3,2007,Occupancy rate of rooms,9
September,"West, Westfjords from 2007",31.3,2007,Occupancy rate of rooms,9
September,Total,42.6,2007,Occupancy rate of beds,9
September,East,36.5,2007,Occupancy rate of beds,9
September,Capital region,48.8,2007,Occupancy rate of beds,9
September,North,34.6,2007,Occupancy rate of beds,9
September,South,31.0,2007,Occupancy rate of beds,9
September,Southwest,39.4,2007,Occupancy rate of beds,9
September,"West, Westfjords from 2007",30.2,2007,Occupancy rate of beds,9
October,Total,49.2,2007,Occupancy rate of rooms,10
October,East,25.2,2007,Occupancy rate of rooms,10
October,Capital region,63.5,2007,Occupancy rate of rooms,10
October,North,24.5,2007,Occupancy rate of rooms,10
October,South,26.0,2007,Occupancy rate of rooms,10
October,Southwest,47.5,2007,Occupancy rate of rooms,10
October,"West, Westfjords from 2007",25.7,2007,Occupancy rate of rooms,10
October,Total,37.6,2007,Occupancy rate of beds,10
October,East,18.0,2007,Occupancy rate of beds,10
October,Capital region,46.8,2007,Occupancy rate of beds,10
October,North,20.9,2007,Occupancy rate of beds,10
October,South,21.6,2007,Occupancy rate of beds,10
October,Southwest,33.8,2007,Occupancy rate of beds,10
October,"West, Westfjords from 2007",23.8,2007,Occupancy rate of beds,10
November,Total,37.2,2007,Occupancy rate of rooms,11
November,East,21.2,2007,Occupancy rate of rooms,11
November,Capital region,48.6,2007,Occupancy rate of rooms,11
November,North,16.5,2007,Occupancy rate of rooms,11
November,South,15.4,2007,Occupancy rate of rooms,11
November,Southwest,39.6,2007,Occupancy rate of rooms,11
November,"West, Westfjords from 2007",20.8,2007,Occupancy rate of rooms,11
November,Total,27.6,2007,Occupancy rate of beds,11
November,East,12.0,2007,Occupancy rate of beds,11
November,Capital region,35.0,2007,Occupancy rate of beds,11
November,North,12.3,2007,Occupancy rate of beds,11
November,South,13.4,2007,Occupancy rate of beds,11
November,Southwest,26.6,2007,Occupancy rate of beds,11
November,"West, Westfjords from 2007",19.0,2007,Occupancy rate of beds,11
December,Total,27.6,2007,Occupancy rate of rooms,12
December,East,11.1,2007,Occupancy rate of rooms,12
December,Capital region,35.4,2007,Occupancy rate of rooms,12
December,North,10.6,2007,Occupancy rate of rooms,12
December,South,8.8,2007,Occupancy rate of rooms,12
December,Southwest,38.3,2007,Occupancy rate of rooms,12
December,"West, Westfjords from 2007",10.9,2007,Occupancy rate of rooms,12
December,Total,20.6,2007,Occupancy rate of beds,12
December,East,6.2,2007,Occupancy rate of beds,12
December,Capital region,25.8,2007,Occupancy rate of beds,12
December,North,7.8,2007,Occupancy rate of beds,12
December,South,8.2,2007,Occupancy rate of beds,12
December,Southwest,26.1,2007,Occupancy rate of beds,12
December,"West, Westfjords from 2007",9.1,2007,Occupancy rate of beds,12
January,Total,30.5,2008,Occupancy rate of rooms,1
January,East,22.2,2008,Occupancy rate of rooms,1
January,Capital region,38.9,2008,Occupancy rate of rooms,1
January,North,12.1,2008,Occupancy rate of rooms,1
January,South,9.3,2008,Occupancy rate of rooms,1
January,Southwest,33.0,2008,Occupancy rate of rooms,1
January,"West, Westfjords from 2007",15.9,2008,Occupancy rate of rooms,1
January,Total,22.1,2008,Occupancy rate of beds,1
January,East,16.7,2008,Occupancy rate of beds,1
January,Capital region,27.5,2008,Occupancy rate of beds,1
January,North,8.2,2008,Occupancy rate of beds,1
January,South,8.5,2008,Occupancy rate of beds,1
January,Southwest,23.5,2008,Occupancy rate of beds,1
January,"West, Westfjords from 2007",12.4,2008,Occupancy rate of beds,1
February,Total,39.3,2008,Occupancy rate of rooms,2
February,East,25.9,2008,Occupancy rate of rooms,2
February,Capital region,50.9,2008,Occupancy rate of rooms,2
February,North,16.0,2008,Occupancy rate of rooms,2
February,South,16.7,2008,Occupancy rate of rooms,2
February,Southwest,41.0,2008,Occupancy rate of rooms,2
February,"West, Westfjords from 2007",23.8,2008,Occupancy rate of rooms,2
February,Total,29.4,2008,Occupancy rate of beds,2
February,East,17.6,2008,Occupancy rate of beds,2
February,Capital region,36.7,2008,Occupancy rate of beds,2
February,North,12.9,2008,Occupancy rate of beds,2
February,South,15.3,2008,Occupancy rate of beds,2
February,Southwest,31.4,2008,Occupancy rate of beds,2
February,"West, Westfjords from 2007",18.9,2008,Occupancy rate of beds,2
March,Total,37.2,2008,Occupancy rate of rooms,3
March,East,19.0,2008,Occupancy rate of rooms,3
March,Capital region,46.2,2008,Occupancy rate of rooms,3
March,North,21.4,2008,Occupancy rate of rooms,3
March,South,22.8,2008,Occupancy rate of rooms,3
March,Southwest,44.8,2008,Occupancy rate of rooms,3
March,"West, Westfjords from 2007",21.7,2008,Occupancy rate of rooms,3
March,Total,28.4,2008,Occupancy rate of beds,3
March,East,12.3,2008,Occupancy rate of beds,3
March,Capital region,33.8,2008,Occupancy rate of beds,3
March,North,17.1,2008,Occupancy rate of beds,3
March,South,20.2,2008,Occupancy rate of beds,3
March,Southwest,32.5,2008,Occupancy rate of beds,3
March,"West, Westfjords from 2007",19.9,2008,Occupancy rate of beds,3
April,Total,43.6,2008,Occupancy rate of rooms,4
April,East,19.2,2008,Occupancy rate of rooms,4
April,Capital region,53.4,2008,Occupancy rate of rooms,4
April,North,26.7,2008,Occupancy rate of rooms,4
April,South,33.1,2008,Occupancy rate of rooms,4
April,Southwest,42.7,2008,Occupancy rate of rooms,4
April,"West, Westfjords from 2007",21.2,2008,Occupancy rate of rooms,4
April,Total,32.2,2008,Occupancy rate of beds,4
April,East,13.1,2008,Occupancy rate of beds,4
April,Capital region,37.7,2008,Occupancy rate of beds,4
April,North,21.4,2008,Occupancy rate of beds,4
April,South,27.2,2008,Occupancy rate of beds,4
April,Southwest,28.6,2008,Occupancy rate of beds,4
April,"West, Westfjords from 2007",19.2,2008,Occupancy rate of beds,4
May,Total,53.9,2008,Occupancy rate of rooms,5
May,East,36.7,2008,Occupancy rate of rooms,5
May,Capital region,64.4,2008,Occupancy rate of rooms,5
May,North,36.1,2008,Occupancy rate of rooms,5
May,South,35.0,2008,Occupancy rate of rooms,5
May,Southwest,69.2,2008,Occupancy rate of rooms,5
May,"West, Westfjords from 2007",37.5,2008,Occupancy rate of rooms,5
May,Total,40.1,2008,Occupancy rate of beds,5
May,East,27.9,2008,Occupancy rate of beds,5
May,Capital region,45.7,2008,Occupancy rate of beds,5
May,North,29.0,2008,Occupancy rate of beds,5
May,South,30.2,2008,Occupancy rate of beds,5
May,Southwest,44.9,2008,Occupancy rate of beds,5
May,"West, Westfjords from 2007",32.7,2008,Occupancy rate of beds,5
June,Total,71.3,2008,Occupancy rate of rooms,6
June,East,58.9,2008,Occupancy rate of rooms,6
June,Capital region,80.4,2008,Occupancy rate of rooms,6
June,North,57.4,2008,Occupancy rate of rooms,6
June,South,55.2,2008,Occupancy rate of rooms,6
June,Southwest,76.8,2008,Occupancy rate of rooms,6
June,"West, Westfjords from 2007",56.3,2008,Occupancy rate of rooms,6
June,Total,54.4,2008,Occupancy rate of beds,6
June,East,48.6,2008,Occupancy rate of beds,6
June,Capital region,57.6,2008,Occupancy rate of beds,6
June,North,48.4,2008,Occupancy rate of beds,6
June,South,48.8,2008,Occupancy rate of beds,6
June,Southwest,59.0,2008,Occupancy rate of beds,6
June,"West, Westfjords from 2007",48.8,2008,Occupancy rate of beds,6
July,Total,81.4,2008,Occupancy rate of rooms,7
July,East,83.3,2008,Occupancy rate of rooms,7
July,Capital region,80.9,2008,Occupancy rate of rooms,7
July,North,80.3,2008,Occupancy rate of rooms,7
July,South,86.3,2008,Occupancy rate of rooms,7
July,Southwest,80.7,2008,Occupancy rate of rooms,7
July,"West, Westfjords from 2007",74.1,2008,Occupancy rate of rooms,7
July,Total,68.3,2008,Occupancy rate of beds,7
July,East,69.8,2008,Occupancy rate of beds,7
July,Capital region,64.1,2008,Occupancy rate of beds,7
July,North,71.0,2008,Occupancy rate of beds,7
July,South,77.5,2008,Occupancy rate of beds,7
July,Southwest,81.7,2008,Occupancy rate of beds,7
July,"West, Westfjords from 2007",70.7,2008,Occupancy rate of beds,7
August,Total,78.4,2008,Occupancy rate of rooms,8
August,East,83.3,2008,Occupancy rate of rooms,8
August,Capital region,81.1,2008,Occupancy rate of rooms,8
August,North,72.6,2008,Occupancy rate of rooms,8
August,South,75.7,2008,Occupancy rate of rooms,8
August,Southwest,82.3,2008,Occupancy rate of rooms,8
August,"West, Westfjords from 2007",64.8,2008,Occupancy rate of rooms,8
August,Total,64.6,2008,Occupancy rate of beds,8
August,East,67.1,2008,Occupancy rate of beds,8
August,Capital region,62.9,2008,Occupancy rate of beds,8
August,North,63.4,2008,Occupancy rate of beds,8
August,South,69.0,2008,Occupancy rate of beds,8
August,Southwest,77.5,2008,Occupancy rate of beds,8
August,"West, Westfjords from 2007",62.0,2008,Occupancy rate of beds,8
September,Total,57.6,2008,Occupancy rate of rooms,9
September,East,46.3,2008,Occupancy rate of rooms,9
September,Capital region,67.0,2008,Occupancy rate of rooms,9
September,North,45.2,2008,Occupancy rate of rooms,9
September,South,40.6,2008,Occupancy rate of rooms,9
September,Southwest,73.6,2008,Occupancy rate of rooms,9
September,"West, Westfjords from 2007",31.9,2008,Occupancy rate of rooms,9
September,Total,42.4,2008,Occupancy rate of beds,9
September,East,36.5,2008,Occupancy rate of beds,9
September,Capital region,47.5,2008,Occupancy rate of beds,9
September,North,35.6,2008,Occupancy rate of beds,9
September,South,30.4,2008,Occupancy rate of beds,9
September,Southwest,54.8,2008,Occupancy rate of beds,9
September,"West, Westfjords from 2007",31.4,2008,Occupancy rate of beds,9
October,Total,47.8,2008,Occupancy rate of rooms,10
October,East,32.4,2008,Occupancy rate of rooms,10
October,Capital region,59.0,2008,Occupancy rate of rooms,10
October,North,22.7,2008,Occupancy rate of rooms,10
October,South,31.0,2008,Occupancy rate of rooms,10
October,Southwest,61.8,2008,Occupancy rate of rooms,10
October,"West, Westfjords from 2007",23.0,2008,Occupancy rate of rooms,10
October,Total,35.6,2008,Occupancy rate of beds,10
October,East,19.8,2008,Occupancy rate of beds,10
October,Capital region,43.0,2008,Occupancy rate of beds,10
October,North,17.3,2008,Occupancy rate of beds,10
October,South,25.2,2008,Occupancy rate of beds,10
October,Southwest,40.8,2008,Occupancy rate of beds,10
October,"West, Westfjords from 2007",20.4,2008,Occupancy rate of beds,10
November,Total,36.5,2008,Occupancy rate of rooms,11
November,East,14.2,2008,Occupancy rate of rooms,11
November,Capital region,46.7,2008,Occupancy rate of rooms,11
November,North,13.8,2008,Occupancy rate of rooms,11
November,South,18.4,2008,Occupancy rate of rooms,11
November,Southwest,59.1,2008,Occupancy rate of rooms,11
November,"West, Westfjords from 2007",15.6,2008,Occupancy rate of rooms,11
November,Total,27.9,2008,Occupancy rate of beds,11
November,East,12.2,2008,Occupancy rate of beds,11
November,Capital region,34.9,2008,Occupancy rate of beds,11
November,North,10.5,2008,Occupancy rate of beds,11
November,South,16.3,2008,Occupancy rate of beds,11
November,Southwest,37.4,2008,Occupancy rate of beds,11
November,"West, Westfjords from 2007",12.8,2008,Occupancy rate of beds,11
December,Total,26.7,2008,Occupancy rate of rooms,12
December,East,9.1,2008,Occupancy rate of rooms,12
December,Capital region,36.4,2008,Occupancy rate of rooms,12
December,North,7.5,2008,Occupancy rate of rooms,12
December,South,6.8,2008,Occupancy rate of rooms,12
December,Southwest,36.4,2008,Occupancy rate of rooms,12
December,"West, Westfjords from 2007",7.8,2008,Occupancy rate of rooms,12
December,Total,21.1,2008,Occupancy rate of beds,12
December,East,5.8,2008,Occupancy rate of beds,12
December,Capital region,28.2,2008,Occupancy rate of beds,12
December,North,5.4,2008,Occupancy rate of beds,12
December,South,6.4,2008,Occupancy rate of beds,12
December,Southwest,27.7,2008,Occupancy rate of beds,12
December,"West, Westfjords from 2007",6.4,2008,Occupancy rate of beds,12
January,Total,26.8,2009,Occupancy rate of rooms,1
January,East,10.2,2009,Occupancy rate of rooms,1
January,Capital region,34.6,2009,Occupancy rate of rooms,1
January,North,9.7,2009,Occupancy rate of rooms,1
January,South,8.4,2009,Occupancy rate of rooms,1
January,Southwest,36.0,2009,Occupancy rate of rooms,1
January,"West, Westfjords from 2007",12.3,2009,Occupancy rate of rooms,1
January,Total,20.0,2009,Occupancy rate of beds,1
January,East,6.9,2009,Occupancy rate of beds,1
January,Capital region,25.3,2009,Occupancy rate of beds,1
January,North,6.6,2009,Occupancy rate of beds,1
January,South,7.4,2009,Occupancy rate of beds,1
January,Southwest,24.1,2009,Occupancy rate of beds,1
January,"West, Westfjords from 2007",10.5,2009,Occupancy rate of beds,1
February,Total,35.7,2009,Occupancy rate of rooms,2
February,East,11.6,2009,Occupancy rate of rooms,2
February,Capital region,43.8,2009,Occupancy rate of rooms,2
February,North,22.2,2009,Occupancy rate of rooms,2
February,South,21.0,2009,Occupancy rate of rooms,2
February,Southwest,48.4,2009,Occupancy rate of rooms,2
February,"West, Westfjords from 2007",16.3,2009,Occupancy rate of rooms,2
February,Total,27.9,2009,Occupancy rate of beds,2
February,East,8.2,2009,Occupancy rate of beds,2
February,Capital region,33.2,2009,Occupancy rate of beds,2
February,North,16.6,2009,Occupancy rate of beds,2
February,South,19.3,2009,Occupancy rate of beds,2
February,Southwest,34.6,2009,Occupancy rate of beds,2
February,"West, Westfjords from 2007",14.0,2009,Occupancy rate of beds,2
March,Total,37.3,2009,Occupancy rate of rooms,3
March,East,16.0,2009,Occupancy rate of rooms,3
March,Capital region,45.5,2009,Occupancy rate of rooms,3
March,North,21.8,2009,Occupancy rate of rooms,3
March,South,28.2,2009,Occupancy rate of rooms,3
March,Southwest,38.2,2009,Occupancy rate of rooms,3
March,"West, Westfjords from 2007",13.4,2009,Occupancy rate of rooms,3
March,Total,29.0,2009,Occupancy rate of beds,3
March,East,13.4,2009,Occupancy rate of beds,3
March,Capital region,34.1,2009,Occupancy rate of beds,3
March,North,16.8,2009,Occupancy rate of beds,3
March,South,25.0,2009,Occupancy rate of beds,3
March,Southwest,26.4,2009,Occupancy rate of beds,3
March,"West, Westfjords from 2007",12.3,2009,Occupancy rate of beds,3
April,Total,40.7,2009,Occupancy rate of rooms,4
April,East,16.9,2009,Occupancy rate of rooms,4
April,Capital region,49.9,2009,Occupancy rate of rooms,4
April,North,28.0,2009,Occupancy rate of rooms,4
April,South,25.6,2009,Occupancy rate of rooms,4
April,Southwest,40.2,2009,Occupancy rate of rooms,4
April,"West, Westfjords from 2007",26.1,2009,Occupancy rate of rooms,4
April,Total,32.6,2009,Occupancy rate of beds,4
April,East,12.8,2009,Occupancy rate of beds,4
April,Capital region,38.7,2009,Occupancy rate of beds,4
April,North,21.9,2009,Occupancy rate of beds,4
April,South,23.6,2009,Occupancy rate of beds,4
April,Southwest,28.6,2009,Occupancy rate of beds,4
April,"West, Westfjords from 2007",24.4,2009,Occupancy rate of beds,4
May,Total,49.5,2009,Occupancy rate of rooms,5
May,East,31.9,2009,Occupancy rate of rooms,5
May,Capital region,59.3,2009,Occupancy rate of rooms,5
May,North,34.4,2009,Occupancy rate of rooms,5
May,South,35.6,2009,Occupancy rate of rooms,5
May,Southwest,43.6,2009,Occupancy rate of rooms,5
May,"West, Westfjords from 2007",30.6,2009,Occupancy rate of rooms,5
May,Total,39.5,2009,Occupancy rate of beds,5
May,East,25.2,2009,Occupancy rate of beds,5
May,Capital region,45.0,2009,Occupancy rate of beds,5
May,North,30.5,2009,Occupancy rate of beds,5
May,South,32.3,2009,Occupancy rate of beds,5
May,Southwest,31.6,2009,Occupancy rate of beds,5
May,"West, Westfjords from 2007",28.2,2009,Occupancy rate of beds,5
June,Total,66.5,2009,Occupancy rate of rooms,6
June,East,49.7,2009,Occupancy rate of rooms,6
June,Capital region,74.0,2009,Occupancy rate of rooms,6
June,North,56.0,2009,Occupancy rate of rooms,6
June,South,55.6,2009,Occupancy rate of rooms,6
June,Southwest,58.6,2009,Occupancy rate of rooms,6
June,"West, Westfjords from 2007",55.4,2009,Occupancy rate of rooms,6
June,Total,52.1,2009,Occupancy rate of beds,6
June,East,40.4,2009,Occupancy rate of beds,6
June,Capital region,54.1,2009,Occupancy rate of beds,6
June,North,48.9,2009,Occupancy rate of beds,6
June,South,50.8,2009,Occupancy rate of beds,6
June,Southwest,45.3,2009,Occupancy rate of beds,6
June,"West, Westfjords from 2007",50.9,2009,Occupancy rate of beds,6
July,Total,79.6,2009,Occupancy rate of rooms,7
July,East,71.1,2009,Occupancy rate of rooms,7
July,Capital region,78.8,2009,Occupancy rate of rooms,7
July,North,86.3,2009,Occupancy rate of rooms,7
July,South,82.2,2009,Occupancy rate of rooms,7
July,Southwest,74.8,2009,Occupancy rate of rooms,7
July,"West, Westfjords from 2007",73.4,2009,Occupancy rate of rooms,7
July,Total,68.8,2009,Occupancy rate of beds,7
July,East,62.6,2009,Occupancy rate of beds,7
July,Capital region,65.0,2009,Occupancy rate of beds,7
July,North,80.4,2009,Occupancy rate of beds,7
July,South,77.3,2009,Occupancy rate of beds,7
July,Southwest,63.4,2009,Occupancy rate of beds,7
July,"West, Westfjords from 2007",70.9,2009,Occupancy rate of beds,7
August,Total,80.2,2009,Occupancy rate of rooms,8
August,East,72.4,2009,Occupancy rate of rooms,8
August,Capital region,80.4,2009,Occupancy rate of rooms,8
August,North,85.6,2009,Occupancy rate of rooms,8
August,South,80.5,2009,Occupancy rate of rooms,8
August,Southwest,77.5,2009,Occupancy rate of rooms,8
August,"West, Westfjords from 2007",71.5,2009,Occupancy rate of rooms,8
August,Total,69.5,2009,Occupancy rate of beds,8
August,East,69.0,2009,Occupancy rate of beds,8
August,Capital region,66.7,2009,Occupancy rate of beds,8
August,North,77.3,2009,Occupancy rate of beds,8
August,South,75.2,2009,Occupancy rate of beds,8
August,Southwest,68.4,2009,Occupancy rate of beds,8
August,"West, Westfjords from 2007",69.3,2009,Occupancy rate of beds,8
September,Total,55.0,2009,Occupancy rate of rooms,9
September,East,39.9,2009,Occupancy rate of rooms,9
September,Capital region,64.3,2009,Occupancy rate of rooms,9
September,North,43.9,2009,Occupancy rate of rooms,9
September,South,40.6,2009,Occupancy rate of rooms,9
September,Southwest,47.5,2009,Occupancy rate of rooms,9
September,"West, Westfjords from 2007",34.1,2009,Occupancy rate of rooms,9
September,Total,42.4,2009,Occupancy rate of beds,9
September,East,33.4,2009,Occupancy rate of beds,9
September,Capital region,47.6,2009,Occupancy rate of beds,9
September,North,37.4,2009,Occupancy rate of beds,9
September,South,32.9,2009,Occupancy rate of beds,9
September,Southwest,37.9,2009,Occupancy rate of beds,9
September,"West, Westfjords from 2007",29.1,2009,Occupancy rate of beds,9
October,Total,46.8,2009,Occupancy rate of rooms,10
October,East,18.8,2009,Occupancy rate of rooms,10
October,Capital region,59.6,2009,Occupancy rate of rooms,10
October,North,18.6,2009,Occupancy rate of rooms,10
October,South,31.8,2009,Occupancy rate of rooms,10
October,Southwest,43.8,2009,Occupancy rate of rooms,10
October,"West, Westfjords from 2007",19.5,2009,Occupancy rate of rooms,10
October,Total,36.5,2009,Occupancy rate of beds,10
October,East,14.0,2009,Occupancy rate of beds,10
October,Capital region,45.1,2009,Occupancy rate of beds,10
October,North,13.8,2009,Occupancy rate of beds,10
October,South,27.6,2009,Occupancy rate of beds,10
October,Southwest,31.2,2009,Occupancy rate of beds,10
October,"West, Westfjords from 2007",17.4,2009,Occupancy rate of beds,10
November,Total,32.8,2009,Occupancy rate of rooms,11
November,East,10.6,2009,Occupancy rate of rooms,11
November,Capital region,42.1,2009,Occupancy rate of rooms,11
November,North,12.0,2009,Occupancy rate of rooms,11
November,South,19.4,2009,Occupancy rate of rooms,11
November,Southwest,38.5,2009,Occupancy rate of rooms,11
November,"West, Westfjords from 2007",17.4,2009,Occupancy rate of rooms,11
November,Total,25.6,2009,Occupancy rate of beds,11
November,East,6.4,2009,Occupancy rate of beds,11
November,Capital region,31.6,2009,Occupancy rate of beds,11
November,North,10.7,2009,Occupancy rate of beds,11
November,South,17.0,2009,Occupancy rate of beds,11
November,Southwest,26.0,2009,Occupancy rate of beds,11
November,"West, Westfjords from 2007",17.6,2009,Occupancy rate of beds,11
December,Total,25.6,2009,Occupancy rate of rooms,12
December,East,6.4,2009,Occupancy rate of rooms,12
December,Capital region,33.0,2009,Occupancy rate of rooms,12
December,North,8.7,2009,Occupancy rate of rooms,12
December,South,12.2,2009,Occupancy rate of rooms,12
December,Southwest,33.4,2009,Occupancy rate of rooms,12
December,"West, Westfjords from 2007",5.7,2009,Occupancy rate of rooms,12
December,Total,20.8,2009,Occupancy rate of beds,12
December,East,4.6,2009,Occupancy rate of beds,12
December,Capital region,26.4,2009,Occupancy rate of beds,12
December,North,6.5,2009,Occupancy rate of beds,12
December,South,11.1,2009,Occupancy rate of beds,12
December,Southwest,24.3,2009,Occupancy rate of beds,12
December,"West, Westfjords from 2007",4.9,2009,Occupancy rate of beds,12
January,Total,25.8,2010,Occupancy rate of rooms,1
January,East,7.0,2010,Occupancy rate of rooms,1
January,Capital region,33.2,2010,Occupancy rate of rooms,1
January,North,10.3,2010,Occupancy rate of rooms,1
January,South,10.8,2010,Occupancy rate of rooms,1
January,Southwest,30.4,2010,Occupancy rate of rooms,1
January,"West, Westfjords from 2007",8.9,2010,Occupancy rate of rooms,1
January,Total,19.6,2010,Occupancy rate of beds,1
January,East,4.1,2010,Occupancy rate of beds,1
January,Capital region,24.7,2010,Occupancy rate of beds,1
January,North,7.6,2010,Occupancy rate of beds,1
January,South,9.6,2010,Occupancy rate of beds,1
January,Southwest,21.8,2010,Occupancy rate of beds,1
January,"West, Westfjords from 2007",7.5,2010,Occupancy rate of beds,1
February,Total,37.4,2010,Occupancy rate of rooms,2
February,East,9.3,2010,Occupancy rate of rooms,2
February,Capital region,46.6,2010,Occupancy rate of rooms,2
February,North,25.2,2010,Occupancy rate of rooms,2
February,South,22.2,2010,Occupancy rate of rooms,2
February,Southwest,39.1,2010,Occupancy rate of rooms,2
February,"West, Westfjords from 2007",14.8,2010,Occupancy rate of rooms,2
February,Total,29.3,2010,Occupancy rate of beds,2
February,East,6.4,2010,Occupancy rate of beds,2
February,Capital region,35.6,2010,Occupancy rate of beds,2
February,North,20.7,2010,Occupancy rate of beds,2
February,South,19.9,2010,Occupancy rate of beds,2
February,Southwest,28.8,2010,Occupancy rate of beds,2
February,"West, Westfjords from 2007",12.2,2010,Occupancy rate of beds,2
March,Total,40.7,2010,Occupancy rate of rooms,3
March,East,15.7,2010,Occupancy rate of rooms,3
March,Capital region,50.7,2010,Occupancy rate of rooms,3
March,North,21.5,2010,Occupancy rate of rooms,3
March,South,30.8,2010,Occupancy rate of rooms,3
March,Southwest,35.1,2010,Occupancy rate of rooms,3
March,"West, Westfjords from 2007",14.3,2010,Occupancy rate of rooms,3
March,Total,32.1,2010,Occupancy rate of beds,3
March,East,11.3,2010,Occupancy rate of beds,3
March,Capital region,38.4,2010,Occupancy rate of beds,3
March,North,17.8,2010,Occupancy rate of beds,3
March,South,28.4,2010,Occupancy rate of beds,3
March,Southwest,26.7,2010,Occupancy rate of beds,3
March,"West, Westfjords from 2007",12.2,2010,Occupancy rate of beds,3
April,Total,37.8,2010,Occupancy rate of rooms,4
April,East,16.3,2010,Occupancy rate of rooms,4
April,Capital region,45.8,2010,Occupancy rate of rooms,4
April,North,27.8,2010,Occupancy rate of rooms,4
April,South,25.2,2010,Occupancy rate of rooms,4
April,Southwest,39.2,2010,Occupancy rate of rooms,4
April,"West, Westfjords from 2007",18.5,2010,Occupancy rate of rooms,4
April,Total,30.3,2010,Occupancy rate of beds,4
April,East,12.8,2010,Occupancy rate of beds,4
April,Capital region,35.4,2010,Occupancy rate of beds,4
April,North,23.6,2010,Occupancy rate of beds,4
April,South,23.2,2010,Occupancy rate of beds,4
April,Southwest,29.5,2010,Occupancy rate of beds,4
April,"West, Westfjords from 2007",16.3,2010,Occupancy rate of beds,4
May,Total,44.4,2010,Occupancy rate of rooms,5
May,East,34.9,2010,Occupancy rate of rooms,5
May,Capital region,51.3,2010,Occupancy rate of rooms,5
May,North,32.1,2010,Occupancy rate of rooms,5
May,South,36.0,2010,Occupancy rate of rooms,5
May,Southwest,38.6,2010,Occupancy rate of rooms,5
May,"West, Westfjords from 2007",26.9,2010,Occupancy rate of rooms,5
May,Total,35.2,2010,Occupancy rate of beds,5
May,East,27.6,2010,Occupancy rate of beds,5
May,Capital region,39.2,2010,Occupancy rate of beds,5
May,North,26.3,2010,Occupancy rate of beds,5
May,South,31.8,2010,Occupancy rate of beds,5
May,Southwest,30.8,2010,Occupancy rate of beds,5
May,"West, Westfjords from 2007",23.8,2010,Occupancy rate of beds,5
June,Total,65.8,2010,Occupancy rate of rooms,6
June,East,51.8,2010,Occupancy rate of rooms,6
June,Capital region,70.7,2010,Occupancy rate of rooms,6
June,North,58.1,2010,Occupancy rate of rooms,6
June,South,57.7,2010,Occupancy rate of rooms,6
June,Southwest,67.0,2010,Occupancy rate of rooms,6
June,"West, Westfjords from 2007",57.6,2010,Occupancy rate of rooms,6
June,Total,52.8,2010,Occupancy rate of beds,6
June,East,45.4,2010,Occupancy rate of beds,6
June,Capital region,53.8,2010,Occupancy rate of beds,6
June,North,50.2,2010,Occupancy rate of beds,6
June,South,52.8,2010,Occupancy rate of beds,6
June,Southwest,51.0,2010,Occupancy rate of beds,6
June,"West, Westfjords from 2007",51.2,2010,Occupancy rate of beds,6
July,Total,75.7,2010,Occupancy rate of rooms,7
July,East,70.3,2010,Occupancy rate of rooms,7
July,Capital region,73.7,2010,Occupancy rate of rooms,7
July,North,82.5,2010,Occupancy rate of rooms,7
July,South,80.5,2010,Occupancy rate of rooms,7
July,Southwest,72.7,2010,Occupancy rate of rooms,7
July,"West, Westfjords from 2007",75.2,2010,Occupancy rate of rooms,7
July,Total,64.1,2010,Occupancy rate of beds,7
July,East,63.7,2010,Occupancy rate of beds,7
July,Capital region,59.2,2010,Occupancy rate of beds,7
July,North,74.3,2010,Occupancy rate of beds,7
July,South,73.6,2010,Occupancy rate of beds,7
July,Southwest,65.8,2010,Occupancy rate of beds,7
July,"West, Westfjords from 2007",70.7,2010,Occupancy rate of beds,7
August,Total,74.7,2010,Occupancy rate of rooms,8
August,East,66.3,2010,Occupancy rate of rooms,8
August,Capital region,78.1,2010,Occupancy rate of rooms,8
August,North,71.2,2010,Occupancy rate of rooms,8
August,South,70.0,2010,Occupancy rate of rooms,8
August,Southwest,74.2,2010,Occupancy rate of rooms,8
August,"West, Westfjords from 2007",61.9,2010,Occupancy rate of rooms,8
August,Total,62.0,2010,Occupancy rate of beds,8
August,East,59.6,2010,Occupancy rate of beds,8
August,Capital region,61.4,2010,Occupancy rate of beds,8
August,North,62.9,2010,Occupancy rate of beds,8
August,South,63.4,2010,Occupancy rate of beds,8
August,Southwest,65.4,2010,Occupancy rate of beds,8
August,"West, Westfjords from 2007",60.8,2010,Occupancy rate of beds,8
September,Total,51.1,2010,Occupancy rate of rooms,9
September,East,31.7,2010,Occupancy rate of rooms,9
September,Capital region,59.6,2010,Occupancy rate of rooms,9
September,North,41.8,2010,Occupancy rate of rooms,9
September,South,33.7,2010,Occupancy rate of rooms,9
September,Southwest,57.3,2010,Occupancy rate of rooms,9
September,"West, Westfjords from 2007",33.2,2010,Occupancy rate of rooms,9
September,Total,38.4,2010,Occupancy rate of beds,9
September,East,25.9,2010,Occupancy rate of beds,9
September,Capital region,42.8,2010,Occupancy rate of beds,9
September,North,34.3,2010,Occupancy rate of beds,9
September,South,28.0,2010,Occupancy rate of beds,9
September,Southwest,42.4,2010,Occupancy rate of beds,9
September,"West, Westfjords from 2007",28.8,2010,Occupancy rate of beds,9
October,Total,44.6,2010,Occupancy rate of rooms,10
October,East,19.3,2010,Occupancy rate of rooms,10
October,Capital region,54.7,2010,Occupancy rate of rooms,10
October,North,20.4,2010,Occupancy rate of rooms,10
October,South,31.5,2010,Occupancy rate of rooms,10
October,Southwest,57.7,2010,Occupancy rate of rooms,10
October,"West, Westfjords from 2007",21.2,2010,Occupancy rate of rooms,10
October,Total,34.3,2010,Occupancy rate of beds,10
October,East,12.6,2010,Occupancy rate of beds,10
October,Capital region,40.0,2010,Occupancy rate of beds,10
October,North,16.6,2010,Occupancy rate of beds,10
October,South,30.9,2010,Occupancy rate of beds,10
October,Southwest,39.7,2010,Occupancy rate of beds,10
October,"West, Westfjords from 2007",17.0,2010,Occupancy rate of beds,10
November,Total,32.8,2010,Occupancy rate of rooms,11
November,East,13.9,2010,Occupancy rate of rooms,11
November,Capital region,41.8,2010,Occupancy rate of rooms,11
November,North,13.7,2010,Occupancy rate of rooms,11
November,South,21.1,2010,Occupancy rate of rooms,11
November,Southwest,28.8,2010,Occupancy rate of rooms,11
November,"West, Westfjords from 2007",16.8,2010,Occupancy rate of rooms,11
November,Total,24.9,2010,Occupancy rate of beds,11
November,East,9.7,2010,Occupancy rate of beds,11
November,Capital region,30.2,2010,Occupancy rate of beds,11
November,North,10.8,2010,Occupancy rate of beds,11
November,South,20.6,2010,Occupancy rate of beds,11
November,Southwest,23.2,2010,Occupancy rate of beds,11
November,"West, Westfjords from 2007",12.2,2010,Occupancy rate of beds,11
December,Total,24.2,2010,Occupancy rate of rooms,12
December,East,6.1,2010,Occupancy rate of rooms,12
December,Capital region,32.6,2010,Occupancy rate of rooms,12
December,North,8.4,2010,Occupancy rate of rooms,12
December,South,11.0,2010,Occupancy rate of rooms,12
December,Southwest,31.3,2010,Occupancy rate of rooms,12
December,"West, Westfjords from 2007",6.3,2010,Occupancy rate of rooms,12
December,Total,19.3,2010,Occupancy rate of beds,12
December,East,4.9,2010,Occupancy rate of beds,12
December,Capital region,24.8,2010,Occupancy rate of beds,12
December,North,6.8,2010,Occupancy rate of beds,12
December,South,11.5,2010,Occupancy rate of beds,12
December,Southwest,25.9,2010,Occupancy rate of beds,12
December,"West, Westfjords from 2007",5.2,2010,Occupancy rate of beds,12
January,Total,25.6,2011,Occupancy rate of rooms,1
January,East,7.4,2011,Occupancy rate of rooms,1
January,Capital region,33.6,2011,Occupancy rate of rooms,1
January,North,8.7,2011,Occupancy rate of rooms,1
January,South,11.3,2011,Occupancy rate of rooms,1
January,Southwest,28.2,2011,Occupancy rate of rooms,1
January,"West, Westfjords from 2007",6.7,2011,Occupancy rate of rooms,1
January,Total,19.2,2011,Occupancy rate of beds,1
January,East,4.9,2011,Occupancy rate of beds,1
January,Capital region,24.5,2011,Occupancy rate of beds,1
January,North,6.1,2011,Occupancy rate of beds,1
January,South,9.7,2011,Occupancy rate of beds,1
January,Southwest,21.8,2011,Occupancy rate of beds,1
January,"West, Westfjords from 2007",5.5,2011,Occupancy rate of beds,1
February,Total,38.1,2011,Occupancy rate of rooms,2
February,East,8.1,2011,Occupancy rate of rooms,2
February,Capital region,47.5,2011,Occupancy rate of rooms,2
February,North,19.0,2011,Occupancy rate of rooms,2
February,South,25.6,2011,Occupancy rate of rooms,2
February,Southwest,43.8,2011,Occupancy rate of rooms,2
February,"West, Westfjords from 2007",11.2,2011,Occupancy rate of rooms,2
February,Total,29.6,2011,Occupancy rate of beds,2
February,East,5.7,2011,Occupancy rate of beds,2
February,Capital region,35.9,2011,Occupancy rate of beds,2
February,North,15.0,2011,Occupancy rate of beds,2
February,South,22.6,2011,Occupancy rate of beds,2
February,Southwest,32.9,2011,Occupancy rate of beds,2
February,"West, Westfjords from 2007",8.8,2011,Occupancy rate of beds,2
March,Total,41.6,2011,Occupancy rate of rooms,3
March,East,15.3,2011,Occupancy rate of rooms,3
March,Capital region,54.5,2011,Occupancy rate of rooms,3
March,North,19.7,2011,Occupancy rate of rooms,3
March,South,22.4,2011,Occupancy rate of rooms,3
March,Southwest,41.0,2011,Occupancy rate of rooms,3
March,"West, Westfjords from 2007",15.1,2011,Occupancy rate of rooms,3
March,Total,31.6,2011,Occupancy rate of beds,3
March,East,11.0,2011,Occupancy rate of beds,3
March,Capital region,39.4,2011,Occupancy rate of beds,3
March,North,16.4,2011,Occupancy rate of beds,3
March,South,20.1,2011,Occupancy rate of beds,3
March,Southwest,33.2,2011,Occupancy rate of beds,3
March,"West, Westfjords from 2007",13.0,2011,Occupancy rate of beds,3
April,Total,45.3,2011,Occupancy rate of rooms,4
April,East,19.1,2011,Occupancy rate of rooms,4
April,Capital region,56.1,2011,Occupancy rate of rooms,4
April,North,22.4,2011,Occupancy rate of rooms,4
April,South,29.9,2011,Occupancy rate of rooms,4
April,Southwest,49.1,2011,Occupancy rate of rooms,4
April,"West, Westfjords from 2007",29.9,2011,Occupancy rate of rooms,4
April,Total,37.2,2011,Occupancy rate of beds,4
April,East,15.4,2011,Occupancy rate of beds,4
April,Capital region,44.7,2011,Occupancy rate of beds,4
April,North,19.7,2011,Occupancy rate of beds,4
April,South,27.3,2011,Occupancy rate of beds,4
April,Southwest,37.7,2011,Occupancy rate of beds,4
April,"West, Westfjords from 2007",24.9,2011,Occupancy rate of beds,4
May,Total,49.7,2011,Occupancy rate of rooms,5
May,East,29.5,2011,Occupancy rate of rooms,5
May,Capital region,60.3,2011,Occupancy rate of rooms,5
May,North,30.9,2011,Occupancy rate of rooms,5
May,South,31.8,2011,Occupancy rate of rooms,5
May,Southwest,56.3,2011,Occupancy rate of rooms,5
May,"West, Westfjords from 2007",35.0,2011,Occupancy rate of rooms,5
May,Total,39.3,2011,Occupancy rate of beds,5
May,East,23.0,2011,Occupancy rate of beds,5
May,Capital region,46.0,2011,Occupancy rate of beds,5
May,North,25.6,2011,Occupancy rate of beds,5
May,South,27.8,2011,Occupancy rate of beds,5
May,Southwest,40.7,2011,Occupancy rate of beds,5
May,"West, Westfjords from 2007",31.7,2011,Occupancy rate of beds,5
June,Total,70.0,2011,Occupancy rate of rooms,6
June,East,51.9,2011,Occupancy rate of rooms,6
June,Capital region,78.3,2011,Occupancy rate of rooms,6
June,North,57.0,2011,Occupancy rate of rooms,6
June,South,59.4,2011,Occupancy rate of rooms,6
June,Southwest,70.1,2011,Occupancy rate of rooms,6
June,"West, Westfjords from 2007",54.8,2011,Occupancy rate of rooms,6
June,Total,58.3,2011,Occupancy rate of beds,6
June,East,44.7,2011,Occupancy rate of beds,6
June,Capital region,62.9,2011,Occupancy rate of beds,6
June,North,49.2,2011,Occupancy rate of beds,6
June,South,53.7,2011,Occupancy rate of beds,6
June,Southwest,58.5,2011,Occupancy rate of beds,6
June,"West, Westfjords from 2007",49.3,2011,Occupancy rate of beds,6
July,Total,82.1,2011,Occupancy rate of rooms,7
July,East,72.1,2011,Occupancy rate of rooms,7
July,Capital region,83.4,2011,Occupancy rate of rooms,7
July,North,79.9,2011,Occupancy rate of rooms,7
July,South,82.4,2011,Occupancy rate of rooms,7
July,Southwest,79.6,2011,Occupancy rate of rooms,7
July,"West, Westfjords from 2007",76.9,2011,Occupancy rate of rooms,7
July,Total,70.8,2011,Occupancy rate of beds,7
July,East,66.0,2011,Occupancy rate of beds,7
July,Capital region,69.2,2011,Occupancy rate of beds,7
July,North,72.2,2011,Occupancy rate of beds,7
July,South,75.9,2011,Occupancy rate of beds,7
July,Southwest,71.7,2011,Occupancy rate of beds,7
July,"West, Westfjords from 2007",71.9,2011,Occupancy rate of beds,7
August,Total,80.7,2011,Occupancy rate of rooms,8
August,East,67.9,2011,Occupancy rate of rooms,8
August,Capital region,85.0,2011,Occupancy rate of rooms,8
August,North,75.6,2011,Occupancy rate of rooms,8
August,South,73.8,2011,Occupancy rate of rooms,8
August,Southwest,86.4,2011,Occupancy rate of rooms,8
August,"West, Westfjords from 2007",68.2,2011,Occupancy rate of rooms,8
August,Total,68.1,2011,Occupancy rate of beds,8
August,East,62.2,2011,Occupancy rate of beds,8
August,Capital region,68.4,2011,Occupancy rate of beds,8
August,North,67.2,2011,Occupancy rate of beds,8
August,South,67.6,2011,Occupancy rate of beds,8
August,Southwest,78.9,2011,Occupancy rate of beds,8
August,"West, Westfjords from 2007",62.1,2011,Occupancy rate of beds,8
September,Total,57.2,2011,Occupancy rate of rooms,9
September,East,37.4,2011,Occupancy rate of rooms,9
September,Capital region,69.6,2011,Occupancy rate of rooms,9
September,North,36.8,2011,Occupancy rate of rooms,9
September,South,35.2,2011,Occupancy rate of rooms,9
September,Southwest,68.5,2011,Occupancy rate of rooms,9
September,"West, Westfjords from 2007",32.4,2011,Occupancy rate of rooms,9
September,Total,44.1,2011,Occupancy rate of beds,9
September,East,28.4,2011,Occupancy rate of beds,9
September,Capital region,51.9,2011,Occupancy rate of beds,9
September,North,29.0,2011,Occupancy rate of beds,9
September,South,30.7,2011,Occupancy rate of beds,9
September,Southwest,44.9,2011,Occupancy rate of beds,9
September,"West, Westfjords from 2007",31.9,2011,Occupancy rate of beds,9
October,Total,46.0,2011,Occupancy rate of rooms,10
October,East,17.9,2011,Occupancy rate of rooms,10
October,Capital region,59.6,2011,Occupancy rate of rooms,10
October,North,21.2,2011,Occupancy rate of rooms,10
October,South,28.3,2011,Occupancy rate of rooms,10
October,Southwest,45.5,2011,Occupancy rate of rooms,10
October,"West, Westfjords from 2007",17.3,2011,Occupancy rate of rooms,10
October,Total,36.9,2011,Occupancy rate of beds,10
October,East,12.3,2011,Occupancy rate of beds,10
October,Capital region,46.4,2011,Occupancy rate of beds,10
October,North,17.0,2011,Occupancy rate of beds,10
October,South,25.2,2011,Occupancy rate of beds,10
October,Southwest,38.7,2011,Occupancy rate of beds,10
October,"West, Westfjords from 2007",14.5,2011,Occupancy rate of beds,10
November,Total,32.7,2011,Occupancy rate of rooms,11
November,East,17.4,2011,Occupancy rate of rooms,11
November,Capital region,42.3,2011,Occupancy rate of rooms,11
November,North,13.7,2011,Occupancy rate of rooms,11
November,South,17.7,2011,Occupancy rate of rooms,11
November,Southwest,41.8,2011,Occupancy rate of rooms,11
November,"West, Westfjords from 2007",12.5,2011,Occupancy rate of rooms,11
November,Total,25.5,2011,Occupancy rate of beds,11
November,East,12.7,2011,Occupancy rate of beds,11
November,Capital region,32.2,2011,Occupancy rate of beds,11
November,North,10.4,2011,Occupancy rate of beds,11
November,South,14.8,2011,Occupancy rate of beds,11
November,Southwest,32.5,2011,Occupancy rate of beds,11
November,"West, Westfjords from 2007",10.2,2011,Occupancy rate of beds,11
December,Total,28.6,2011,Occupancy rate of rooms,12
December,East,10.0,2011,Occupancy rate of rooms,12
December,Capital region,38.1,2011,Occupancy rate of rooms,12
December,North,8.8,2011,Occupancy rate of rooms,12
December,South,14.0,2011,Occupancy rate of rooms,12
December,Southwest,33.2,2011,Occupancy rate of rooms,12
December,"West, Westfjords from 2007",6.6,2011,Occupancy rate of rooms,12
December,Total,23.6,2011,Occupancy rate of beds,12
December,East,7.1,2011,Occupancy rate of beds,12
December,Capital region,30.6,2011,Occupancy rate of beds,12
December,North,7.4,2011,Occupancy rate of beds,12
December,South,12.6,2011,Occupancy rate of beds,12
December,Southwest,26.0,2011,Occupancy rate of beds,12
December,"West, Westfjords from 2007",5.7,2011,Occupancy rate of beds,12
January,Total,29.5,2012,Occupancy rate of rooms,1
January,East,7.9,2012,Occupancy rate of rooms,1
January,Capital region,39.1,2012,Occupancy rate of rooms,1
January,North,9.9,2012,Occupancy rate of rooms,1
January,South,14.1,2012,Occupancy rate of rooms,1
January,Southwest,32.5,2012,Occupancy rate of rooms,1
January,"West, Westfjords from 2007",7.2,2012,Occupancy rate of rooms,1
January,Total,23.4,2012,Occupancy rate of beds,1
January,East,5.2,2012,Occupancy rate of beds,1
January,Capital region,30.4,2012,Occupancy rate of beds,1
January,North,7.7,2012,Occupancy rate of beds,1
January,South,12.0,2012,Occupancy rate of beds,1
January,Southwest,26.0,2012,Occupancy rate of beds,1
January,"West, Westfjords from 2007",6.2,2012,Occupancy rate of beds,1
February,Total,44.2,2012,Occupancy rate of rooms,2
February,East,10.9,2012,Occupancy rate of rooms,2
February,Capital region,57.7,2012,Occupancy rate of rooms,2
February,North,20.1,2012,Occupancy rate of rooms,2
February,South,23.9,2012,Occupancy rate of rooms,2
February,Southwest,39.3,2012,Occupancy rate of rooms,2
February,"West, Westfjords from 2007",23.7,2012,Occupancy rate of rooms,2
February,Total,35.4,2012,Occupancy rate of beds,2
February,East,7.0,2012,Occupancy rate of beds,2
February,Capital region,44.6,2012,Occupancy rate of beds,2
February,North,16.9,2012,Occupancy rate of beds,2
February,South,21.0,2012,Occupancy rate of beds,2
February,Southwest,35.6,2012,Occupancy rate of beds,2
February,"West, Westfjords from 2007",20.6,2012,Occupancy rate of beds,2
March,Total,51.3,2012,Occupancy rate of rooms,3
March,East,13.7,2012,Occupancy rate of rooms,3
March,Capital region,67.9,2012,Occupancy rate of rooms,3
March,North,22.7,2012,Occupancy rate of rooms,3
March,South,28.5,2012,Occupancy rate of rooms,3
March,Southwest,46.0,2012,Occupancy rate of rooms,3
March,"West, Westfjords from 2007",23.8,2012,Occupancy rate of rooms,3
March,Total,41.9,2012,Occupancy rate of beds,3
March,East,9.0,2012,Occupancy rate of beds,3
March,Capital region,53.9,2012,Occupancy rate of beds,3
March,North,18.7,2012,Occupancy rate of beds,3
March,South,25.6,2012,Occupancy rate of beds,3
March,Southwest,36.6,2012,Occupancy rate of beds,3
March,"West, Westfjords from 2007",21.2,2012,Occupancy rate of beds,3
April,Total,47.2,2012,Occupancy rate of rooms,4
April,East,16.9,2012,Occupancy rate of rooms,4
April,Capital region,62.0,2012,Occupancy rate of rooms,4
April,North,21.8,2012,Occupancy rate of rooms,4
April,South,27.1,2012,Occupancy rate of rooms,4
April,Southwest,45.4,2012,Occupancy rate of rooms,4
April,"West, Westfjords from 2007",18.0,2012,Occupancy rate of rooms,4
April,Total,38.4,2012,Occupancy rate of beds,4
April,East,12.2,2012,Occupancy rate of beds,4
April,Capital region,48.9,2012,Occupancy rate of beds,4
April,North,18.5,2012,Occupancy rate of beds,4
April,South,24.0,2012,Occupancy rate of beds,4
April,Southwest,35.4,2012,Occupancy rate of beds,4
April,"West, Westfjords from 2007",20.3,2012,Occupancy rate of beds,4
May,Total,53.4,2012,Occupancy rate of rooms,5
May,East,32.9,2012,Occupancy rate of rooms,5
May,Capital region,67.5,2012,Occupancy rate of rooms,5
May,North,30.9,2012,Occupancy rate of rooms,5
May,South,34.1,2012,Occupancy rate of rooms,5
May,Southwest,45.3,2012,Occupancy rate of rooms,5
May,"West, Westfjords from 2007",28.8,2012,Occupancy rate of rooms,5
May,Total,41.9,2012,Occupancy rate of beds,5
May,East,27.2,2012,Occupancy rate of beds,5
May,Capital region,50.7,2012,Occupancy rate of beds,5
May,North,25.6,2012,Occupancy rate of beds,5
May,South,30.1,2012,Occupancy rate of beds,5
May,Southwest,34.6,2012,Occupancy rate of beds,5
May,"West, Westfjords from 2007",26.3,2012,Occupancy rate of beds,5
June,Total,77.6,2012,Occupancy rate of rooms,6
June,East,54.0,2012,Occupancy rate of rooms,6
June,Capital region,87.5,2012,Occupancy rate of rooms,6
June,North,56.8,2012,Occupancy rate of rooms,6
June,South,71.0,2012,Occupancy rate of rooms,6
June,Southwest,76.0,2012,Occupancy rate of rooms,6
June,"West, Westfjords from 2007",58.3,2012,Occupancy rate of rooms,6
June,Total,63.2,2012,Occupancy rate of beds,6
June,East,45.5,2012,Occupancy rate of beds,6
June,Capital region,68.8,2012,Occupancy rate of beds,6
June,North,47.6,2012,Occupancy rate of beds,6
June,South,61.5,2012,Occupancy rate of beds,6
June,Southwest,62.7,2012,Occupancy rate of beds,6
June,"West, Westfjords from 2007",53.3,2012,Occupancy rate of beds,6
July,Total,88.9,2012,Occupancy rate of rooms,7
July,East,80.9,2012,Occupancy rate of rooms,7
July,Capital region,91.9,2012,Occupancy rate of rooms,7
July,North,81.2,2012,Occupancy rate of rooms,7
July,South,90.2,2012,Occupancy rate of rooms,7
July,Southwest,85.2,2012,Occupancy rate of rooms,7
July,"West, Westfjords from 2007",78.8,2012,Occupancy rate of rooms,7
July,Total,76.7,2012,Occupancy rate of beds,7
July,East,72.6,2012,Occupancy rate of beds,7
July,Capital region,76.1,2012,Occupancy rate of beds,7
July,North,73.1,2012,Occupancy rate of beds,7
July,South,84.0,2012,Occupancy rate of beds,7
July,Southwest,73.1,2012,Occupancy rate of beds,7
July,"West, Westfjords from 2007",74.6,2012,Occupancy rate of beds,7
August,Total,85.7,2012,Occupancy rate of rooms,8
August,East,76.5,2012,Occupancy rate of rooms,8
August,Capital region,91.6,2012,Occupancy rate of rooms,8
August,North,74.4,2012,Occupancy rate of rooms,8
August,South,82.2,2012,Occupancy rate of rooms,8
August,Southwest,83.3,2012,Occupancy rate of rooms,8
August,"West, Westfjords from 2007",68.0,2012,Occupancy rate of rooms,8
August,Total,72.2,2012,Occupancy rate of beds,8
August,East,67.0,2012,Occupancy rate of beds,8
August,Capital region,73.6,2012,Occupancy rate of beds,8
August,North,66.8,2012,Occupancy rate of beds,8
August,South,75.8,2012,Occupancy rate of beds,8
August,Southwest,70.1,2012,Occupancy rate of beds,8
August,"West, Westfjords from 2007",63.0,2012,Occupancy rate of beds,8
September,Total,62.7,2012,Occupancy rate of rooms,9
September,East,37.8,2012,Occupancy rate of rooms,9
September,Capital region,76.8,2012,Occupancy rate of rooms,9
September,North,42.5,2012,Occupancy rate of rooms,9
September,South,47.3,2012,Occupancy rate of rooms,9
September,Southwest,60.3,2012,Occupancy rate of rooms,9
September,"West, Westfjords from 2007",33.3,2012,Occupancy rate of rooms,9
September,Total,47.7,2012,Occupancy rate of beds,9
September,East,30.3,2012,Occupancy rate of beds,9
September,Capital region,56.9,2012,Occupancy rate of beds,9
September,North,34.6,2012,Occupancy rate of beds,9
September,South,36.6,2012,Occupancy rate of beds,9
September,Southwest,41.9,2012,Occupancy rate of beds,9
September,"West, Westfjords from 2007",29.3,2012,Occupancy rate of beds,9
October,Total,51.7,2012,Occupancy rate of rooms,10
October,East,12.3,2012,Occupancy rate of rooms,10
October,Capital region,68.7,2012,Occupancy rate of rooms,10
October,North,30.7,2012,Occupancy rate of rooms,10
October,South,34.0,2012,Occupancy rate of rooms,10
October,Southwest,45.7,2012,Occupancy rate of rooms,10
October,"West, Westfjords from 2007",21.2,2012,Occupancy rate of rooms,10
October,Total,40.5,2012,Occupancy rate of beds,10
October,East,9.4,2012,Occupancy rate of beds,10
October,Capital region,52.2,2012,Occupancy rate of beds,10
October,North,25.4,2012,Occupancy rate of beds,10
October,South,28.3,2012,Occupancy rate of beds,10
October,Southwest,34.0,2012,Occupancy rate of beds,10
October,"West, Westfjords from 2007",18.1,2012,Occupancy rate of beds,10
November,Total,44.4,2012,Occupancy rate of rooms,11
November,East,9.4,2012,Occupancy rate of rooms,11
November,Capital region,61.2,2012,Occupancy rate of rooms,11
November,North,26.3,2012,Occupancy rate of rooms,11
November,South,18.9,2012,Occupancy rate of rooms,11
November,Southwest,43.1,2012,Occupancy rate of rooms,11
November,"West, Westfjords from 2007",13.8,2012,Occupancy rate of rooms,11
November,Total,35.2,2012,Occupancy rate of beds,11
November,East,7.0,2012,Occupancy rate of beds,11
November,Capital region,47.1,2012,Occupancy rate of beds,11
November,North,22.2,2012,Occupancy rate of beds,11
November,South,16.6,2012,Occupancy rate of beds,11
November,Southwest,29.9,2012,Occupancy rate of beds,11
November,"West, Westfjords from 2007",12.1,2012,Occupancy rate of beds,11
December,Total,34.3,2012,Occupancy rate of rooms,12
December,East,6.1,2012,Occupancy rate of rooms,12
December,Capital region,48.1,2012,Occupancy rate of rooms,12
December,North,14.9,2012,Occupancy rate of rooms,12
December,South,14.8,2012,Occupancy rate of rooms,12
December,Southwest,33.2,2012,Occupancy rate of rooms,12
December,"West, Westfjords from 2007",5.9,2012,Occupancy rate of rooms,12
December,Total,27.7,2012,Occupancy rate of beds,12
December,East,4.9,2012,Occupancy rate of beds,12
December,Capital region,37.7,2012,Occupancy rate of beds,12
December,North,11.9,2012,Occupancy rate of beds,12
December,South,13.4,2012,Occupancy rate of beds,12
December,Southwest,26.2,2012,Occupancy rate of beds,12
December,"West, Westfjords from 2007",4.9,2012,Occupancy rate of beds,12
January,Total,35.8,2013,Occupancy rate of rooms,1
January,East,4.4,2013,Occupancy rate of rooms,1
January,Capital region,48.6,2013,Occupancy rate of rooms,1
January,North,17.1,2013,Occupancy rate of rooms,1
January,South,14.8,2013,Occupancy rate of rooms,1
January,Southwest,31.0,2013,Occupancy rate of rooms,1
January,"West, Westfjords from 2007",14.2,2013,Occupancy rate of rooms,1
January,Total,27.8,2013,Occupancy rate of beds,1
January,East,3.0,2013,Occupancy rate of beds,1
January,Capital region,36.7,2013,Occupancy rate of beds,1
January,North,13.5,2013,Occupancy rate of beds,1
January,South,12.8,2013,Occupancy rate of beds,1
January,Southwest,26.0,2013,Occupancy rate of beds,1
January,"West, Westfjords from 2007",11.8,2013,Occupancy rate of beds,1
February,Total,56.2,2013,Occupancy rate of rooms,2
February,East,7.1,2013,Occupancy rate of rooms,2
February,Capital region,73.6,2013,Occupancy rate of rooms,2
February,North,26.1,2013,Occupancy rate of rooms,2
February,South,37.6,2013,Occupancy rate of rooms,2
February,Southwest,42.6,2013,Occupancy rate of rooms,2
February,"West, Westfjords from 2007",35.3,2013,Occupancy rate of rooms,2
February,Total,45.9,2013,Occupancy rate of beds,2
February,East,5.4,2013,Occupancy rate of beds,2
February,Capital region,58.2,2013,Occupancy rate of beds,2
February,North,21.9,2013,Occupancy rate of beds,2
February,South,33.4,2013,Occupancy rate of beds,2
February,Southwest,35.3,2013,Occupancy rate of beds,2
February,"West, Westfjords from 2007",33.3,2013,Occupancy rate of beds,2
March,Total,59.1,2013,Occupancy rate of rooms,3
March,East,13.7,2013,Occupancy rate of rooms,3
March,Capital region,76.0,2013,Occupancy rate of rooms,3
March,North,32.9,2013,Occupancy rate of rooms,3
March,South,39.9,2013,Occupancy rate of rooms,3
March,Southwest,44.5,2013,Occupancy rate of rooms,3
March,"West, Westfjords from 2007",38.9,2013,Occupancy rate of rooms,3
March,Total,48.6,2013,Occupancy rate of beds,3
March,East,11.9,2013,Occupancy rate of beds,3
March,Capital region,59.9,2013,Occupancy rate of beds,3
March,North,30.8,2013,Occupancy rate of beds,3
March,South,34.4,2013,Occupancy rate of beds,3
March,Southwest,41.9,2013,Occupancy rate of beds,3
March,"West, Westfjords from 2007",36.3,2013,Occupancy rate of beds,3
April,Total,50.9,2013,Occupancy rate of rooms,4
April,East,16.1,2013,Occupancy rate of rooms,4
April,Capital region,68.4,2013,Occupancy rate of rooms,4
April,North,21.3,2013,Occupancy rate of rooms,4
April,South,28.9,2013,Occupancy rate of rooms,4
April,Southwest,54.6,2013,Occupancy rate of rooms,4
April,"West, Westfjords from 2007",22.4,2013,Occupancy rate of rooms,4
April,Total,39.3,2013,Occupancy rate of beds,4
April,East,10.9,2013,Occupancy rate of beds,4
April,Capital region,51.4,2013,Occupancy rate of beds,4
April,North,18.5,2013,Occupancy rate of beds,4
April,South,25.4,2013,Occupancy rate of beds,4
April,Southwest,33.2,2013,Occupancy rate of beds,4
April,"West, Westfjords from 2007",19.9,2013,Occupancy rate of beds,4
May,Total,57.1,2013,Occupancy rate of rooms,5
May,East,27.7,2013,Occupancy rate of rooms,5
May,Capital region,71.3,2013,Occupancy rate of rooms,5
May,North,38.2,2013,Occupancy rate of rooms,5
May,South,38.2,2013,Occupancy rate of rooms,5
May,Southwest,58.2,2013,Occupancy rate of rooms,5
May,"West, Westfjords from 2007",34.2,2013,Occupancy rate of rooms,5
May,Total,45.8,2013,Occupancy rate of beds,5
May,East,23.9,2013,Occupancy rate of beds,5
May,Capital region,54.2,2013,Occupancy rate of beds,5
May,North,33.6,2013,Occupancy rate of beds,5
May,South,34.5,2013,Occupancy rate of beds,5
May,Southwest,48.1,2013,Occupancy rate of beds,5
May,"West, Westfjords from 2007",30.1,2013,Occupancy rate of beds,5
June,Total,77.2,2013,Occupancy rate of rooms,6
June,East,55.2,2013,Occupancy rate of rooms,6
June,Capital region,85.9,2013,Occupancy rate of rooms,6
June,North,59.4,2013,Occupancy rate of rooms,6
June,South,70.8,2013,Occupancy rate of rooms,6
June,Southwest,72.6,2013,Occupancy rate of rooms,6
June,"West, Westfjords from 2007",63.3,2013,Occupancy rate of rooms,6
June,Total,65.5,2013,Occupancy rate of beds,6
June,East,50.8,2013,Occupancy rate of beds,6
June,Capital region,67.8,2013,Occupancy rate of beds,6
June,North,60.8,2013,Occupancy rate of beds,6
June,South,70.2,2013,Occupancy rate of beds,6
June,Southwest,54.2,2013,Occupancy rate of beds,6
June,"West, Westfjords from 2007",56.8,2013,Occupancy rate of beds,6
July,Total,89.7,2013,Occupancy rate of rooms,7
July,East,80.3,2013,Occupancy rate of rooms,7
July,Capital region,92.2,2013,Occupancy rate of rooms,7
July,North,87.0,2013,Occupancy rate of rooms,7
July,South,89.0,2013,Occupancy rate of rooms,7
July,Southwest,89.5,2013,Occupancy rate of rooms,7
July,"West, Westfjords from 2007",80.2,2013,Occupancy rate of rooms,7
July,Total,77.8,2013,Occupancy rate of beds,7
July,East,82.9,2013,Occupancy rate of beds,7
July,Capital region,75.7,2013,Occupancy rate of beds,7
July,North,78.2,2013,Occupancy rate of beds,7
July,South,82.7,2013,Occupancy rate of beds,7
July,Southwest,84.0,2013,Occupancy rate of beds,7
July,"West, Westfjords from 2007",75.7,2013,Occupancy rate of beds,7
August,Total,83.3,2013,Occupancy rate of rooms,8
August,East,78.6,2013,Occupancy rate of rooms,8
August,Capital region,88.6,2013,Occupancy rate of rooms,8
August,North,77.2,2013,Occupancy rate of rooms,8
August,South,76.2,2013,Occupancy rate of rooms,8
August,Southwest,77.3,2013,Occupancy rate of rooms,8
August,"West, Westfjords from 2007",73.2,2013,Occupancy rate of rooms,8
August,Total,70.8,2013,Occupancy rate of beds,8
August,East,71.0,2013,Occupancy rate of beds,8
August,Capital region,71.6,2013,Occupancy rate of beds,8
August,North,71.1,2013,Occupancy rate of beds,8
August,South,70.3,2013,Occupancy rate of beds,8
August,Southwest,69.8,2013,Occupancy rate of beds,8
August,"West, Westfjords from 2007",64.7,2013,Occupancy rate of beds,8
September,Total,61.3,2013,Occupancy rate of rooms,9
September,East,37.6,2013,Occupancy rate of rooms,9
September,Capital region,72.7,2013,Occupancy rate of rooms,9
September,North,46.9,2013,Occupancy rate of rooms,9
September,South,48.8,2013,Occupancy rate of rooms,9
September,Southwest,56.0,2013,Occupancy rate of rooms,9
September,"West, Westfjords from 2007",37.5,2013,Occupancy rate of rooms,9
September,Total,47.2,2013,Occupancy rate of beds,9
September,East,28.4,2013,Occupancy rate of beds,9
September,Capital region,53.3,2013,Occupancy rate of beds,9
September,North,39.9,2013,Occupancy rate of beds,9
September,South,41.4,2013,Occupancy rate of beds,9
September,Southwest,42.7,2013,Occupancy rate of beds,9
September,"West, Westfjords from 2007",33.3,2013,Occupancy rate of beds,9
October,Total,55.6,2013,Occupancy rate of rooms,10
October,East,15.1,2013,Occupancy rate of rooms,10
October,Capital region,71.1,2013,Occupancy rate of rooms,10
October,North,41.6,2013,Occupancy rate of rooms,10
October,South,35.3,2013,Occupancy rate of rooms,10
October,Southwest,48.6,2013,Occupancy rate of rooms,10
October,"West, Westfjords from 2007",26.3,2013,Occupancy rate of rooms,10
October,Total,43.4,2013,Occupancy rate of beds,10
October,East,12.2,2013,Occupancy rate of beds,10
October,Capital region,53.0,2013,Occupancy rate of beds,10
October,North,33.4,2013,Occupancy rate of beds,10
October,South,31.4,2013,Occupancy rate of beds,10
October,Southwest,41.9,2013,Occupancy rate of beds,10
October,"West, Westfjords from 2007",22.4,2013,Occupancy rate of beds,10
November,Total,52.5,2013,Occupancy rate of rooms,11
November,East,13.9,2013,Occupancy rate of rooms,11
November,Capital region,71.5,2013,Occupancy rate of rooms,11
November,North,26.6,2013,Occupancy rate of rooms,11
November,South,24.3,2013,Occupancy rate of rooms,11
November,Southwest,40.5,2013,Occupancy rate of rooms,11
November,"West, Westfjords from 2007",19.4,2013,Occupancy rate of rooms,11
November,Total,40.9,2013,Occupancy rate of beds,11
November,East,10.3,2013,Occupancy rate of beds,11
November,Capital region,54.0,2013,Occupancy rate of beds,11
November,North,21.1,2013,Occupancy rate of beds,11
November,South,21.2,2013,Occupancy rate of beds,11
November,Southwest,33.6,2013,Occupancy rate of beds,11
November,"West, Westfjords from 2007",17.0,2013,Occupancy rate of beds,11
December,Total,42.4,2013,Occupancy rate of rooms,12
December,East,7.7,2013,Occupancy rate of rooms,12
December,Capital region,57.0,2013,Occupancy rate of rooms,12
December,North,17.8,2013,Occupancy rate of rooms,12
December,South,22.2,2013,Occupancy rate of rooms,12
December,Southwest,42.0,2013,Occupancy rate of rooms,12
December,"West, Westfjords from 2007",11.5,2013,Occupancy rate of rooms,12
December,Total,34.8,2013,Occupancy rate of beds,12
December,East,6.9,2013,Occupancy rate of beds,12
December,Capital region,45.5,2013,Occupancy rate of beds,12
December,North,14.7,2013,Occupancy rate of beds,12
December,South,20.3,2013,Occupancy rate of beds,12
December,Southwest,35.1,2013,Occupancy rate of beds,12
December,"West, Westfjords from 2007",10.3,2013,Occupancy rate of beds,12
January,Total,43.4,2014,Occupancy rate of rooms,1
January,East,7.4,2014,Occupancy rate of rooms,1
January,Capital region,59.3,2014,Occupancy rate of rooms,1
January,North,17.0,2014,Occupancy rate of rooms,1
January,South,20.3,2014,Occupancy rate of rooms,1
January,Southwest,32.9,2014,Occupancy rate of rooms,1
January,"West, Westfjords from 2007",16.4,2014,Occupancy rate of rooms,1
January,Total,35.0,2014,Occupancy rate of beds,1
January,East,5.1,2014,Occupancy rate of beds,1
January,Capital region,46.8,2014,Occupancy rate of beds,1
January,North,13.5,2014,Occupancy rate of beds,1
January,South,18.4,2014,Occupancy rate of beds,1
January,Southwest,29.3,2014,Occupancy rate of beds,1
January,"West, Westfjords from 2007",12.8,2014,Occupancy rate of beds,1
February,Total,60.6,2014,Occupancy rate of rooms,2
February,East,9.1,2014,Occupancy rate of rooms,2
February,Capital region,81.4,2014,Occupancy rate of rooms,2
February,North,30.9,2014,Occupancy rate of rooms,2
February,South,33.1,2014,Occupancy rate of rooms,2
February,Southwest,55.0,2014,Occupancy rate of rooms,2
February,"West, Westfjords from 2007",28.6,2014,Occupancy rate of rooms,2
February,Total,49.8,2014,Occupancy rate of beds,2
February,East,7.6,2014,Occupancy rate of beds,2
February,Capital region,65.1,2014,Occupancy rate of beds,2
February,North,25.7,2014,Occupancy rate of beds,2
February,South,29.7,2014,Occupancy rate of beds,2
February,Southwest,48.4,2014,Occupancy rate of beds,2
February,"West, Westfjords from 2007",23.6,2014,Occupancy rate of beds,2
March,Total,63.0,2014,Occupancy rate of rooms,3
March,East,30.4,2014,Occupancy rate of rooms,3
March,Capital region,84.5,2014,Occupancy rate of rooms,3
March,North,27.8,2014,Occupancy rate of rooms,3
March,South,35.8,2014,Occupancy rate of rooms,3
March,Southwest,46.2,2014,Occupancy rate of rooms,3
March,"West, Westfjords from 2007",32.3,2014,Occupancy rate of rooms,3
March,Total,52.7,2014,Occupancy rate of beds,3
March,East,20.0,2014,Occupancy rate of beds,3
March,Capital region,69.4,2014,Occupancy rate of beds,3
March,North,23.5,2014,Occupancy rate of beds,3
March,South,31.0,2014,Occupancy rate of beds,3
March,Southwest,41.5,2014,Occupancy rate of beds,3
March,"West, Westfjords from 2007",29.2,2014,Occupancy rate of beds,3
April,Total,54.0,2014,Occupancy rate of rooms,4
April,East,14.9,2014,Occupancy rate of rooms,4
April,Capital region,72.5,2014,Occupancy rate of rooms,4
April,North,36.2,2014,Occupancy rate of rooms,4
April,South,30.2,2014,Occupancy rate of rooms,4
April,Southwest,42.9,2014,Occupancy rate of rooms,4
April,"West, Westfjords from 2007",21.5,2014,Occupancy rate of rooms,4
April,Total,44.4,2014,Occupancy rate of beds,4
April,East,12.8,2014,Occupancy rate of beds,4
April,Capital region,57.4,2014,Occupancy rate of beds,4
April,North,30.4,2014,Occupancy rate of beds,4
April,South,27.4,2014,Occupancy rate of beds,4
April,Southwest,39.9,2014,Occupancy rate of beds,4
April,"West, Westfjords from 2007",18.7,2014,Occupancy rate of beds,4
May,Total,58.9,2014,Occupancy rate of rooms,5
May,East,31.7,2014,Occupancy rate of rooms,5
May,Capital region,74.8,2014,Occupancy rate of rooms,5
May,North,40.4,2014,Occupancy rate of rooms,5
May,South,38.4,2014,Occupancy rate of rooms,5
May,Southwest,55.8,2014,Occupancy rate of rooms,5
May,"West, Westfjords from 2007",33.9,2014,Occupancy rate of rooms,5
May,Total,48.2,2014,Occupancy rate of beds,5
May,East,26.2,2014,Occupancy rate of beds,5
May,Capital region,58.6,2014,Occupancy rate of beds,5
May,North,33.9,2014,Occupancy rate of beds,5
May,South,34.1,2014,Occupancy rate of beds,5
May,Southwest,52.6,2014,Occupancy rate of beds,5
May,"West, Westfjords from 2007",31.7,2014,Occupancy rate of beds,5
June,Total,76.0,2014,Occupancy rate of rooms,6
June,East,57.7,2014,Occupancy rate of rooms,6
June,Capital region,87.0,2014,Occupancy rate of rooms,6
June,North,69.3,2014,Occupancy rate of rooms,6
June,South,60.9,2014,Occupancy rate of rooms,6
June,Southwest,68.1,2014,Occupancy rate of rooms,6
June,"West, Westfjords from 2007",62.3,2014,Occupancy rate of rooms,6
June,Total,63.6,2014,Occupancy rate of beds,6
June,East,53.4,2014,Occupancy rate of beds,6
June,Capital region,68.8,2014,Occupancy rate of beds,6
June,North,61.4,2014,Occupancy rate of beds,6
June,South,54.1,2014,Occupancy rate of beds,6
June,Southwest,65.3,2014,Occupancy rate of beds,6
June,"West, Westfjords from 2007",57.6,2014,Occupancy rate of beds,6
July,Total,86.8,2014,Occupancy rate of rooms,7
July,East,85.4,2014,Occupancy rate of rooms,7
July,Capital region,90.7,2014,Occupancy rate of rooms,7
July,North,87.3,2014,Occupancy rate of rooms,7
July,South,79.4,2014,Occupancy rate of rooms,7
July,Southwest,78.8,2014,Occupancy rate of rooms,7
July,"West, Westfjords from 2007",84.1,2014,Occupancy rate of rooms,7
July,Total,75.9,2014,Occupancy rate of beds,7
July,East,81.8,2014,Occupancy rate of beds,7
July,Capital region,76.1,2014,Occupancy rate of beds,7
July,North,79.6,2014,Occupancy rate of beds,7
July,South,71.6,2014,Occupancy rate of beds,7
July,Southwest,74.1,2014,Occupancy rate of beds,7
July,"West, Westfjords from 2007",79.0,2014,Occupancy rate of beds,7
August,Total,84.8,2014,Occupancy rate of rooms,8
August,East,79.7,2014,Occupancy rate of rooms,8
August,Capital region,90.2,2014,Occupancy rate of rooms,8
August,North,81.4,2014,Occupancy rate of rooms,8
August,South,77.6,2014,Occupancy rate of rooms,8
August,Southwest,81.9,2014,Occupancy rate of rooms,8
August,"West, Westfjords from 2007",73.6,2014,Occupancy rate of rooms,8
August,Total,73.0,2014,Occupancy rate of beds,8
August,East,75.1,2014,Occupancy rate of beds,8
August,Capital region,73.1,2014,Occupancy rate of beds,8
August,North,74.7,2014,Occupancy rate of beds,8
August,South,70.8,2014,Occupancy rate of beds,8
August,Southwest,79.1,2014,Occupancy rate of beds,8
August,"West, Westfjords from 2007",70.1,2014,Occupancy rate of beds,8
September,Total,64.9,2014,Occupancy rate of rooms,9
September,East,39.2,2014,Occupancy rate of rooms,9
September,Capital region,78.3,2014,Occupancy rate of rooms,9
September,North,57.2,2014,Occupancy rate of rooms,9
September,South,44.2,2014,Occupancy rate of rooms,9
September,Southwest,57.7,2014,Occupancy rate of rooms,9
September,"West, Westfjords from 2007",52.6,2014,Occupancy rate of rooms,9
September,Total,52.9,2014,Occupancy rate of beds,9
September,East,35.1,2014,Occupancy rate of beds,9
September,Capital region,60.4,2014,Occupancy rate of beds,9
September,North,48.5,2014,Occupancy rate of beds,9
September,South,39.9,2014,Occupancy rate of beds,9
September,Southwest,51.0,2014,Occupancy rate of beds,9
September,"West, Westfjords from 2007",48.2,2014,Occupancy rate of beds,9
October,Total,57.9,2014,Occupancy rate of rooms,10
October,East,16.1,2014,Occupancy rate of rooms,10
October,Capital region,77.2,2014,Occupancy rate of rooms,10
October,North,37.7,2014,Occupancy rate of rooms,10
October,South,36.2,2014,Occupancy rate of rooms,10
October,Southwest,48.4,2014,Occupancy rate of rooms,10
October,"West, Westfjords from 2007",26.8,2014,Occupancy rate of rooms,10
October,Total,47.6,2014,Occupancy rate of beds,10
October,East,13.7,2014,Occupancy rate of beds,10
October,Capital region,60.2,2014,Occupancy rate of beds,10
October,North,31.7,2014,Occupancy rate of beds,10
October,South,33.6,2014,Occupancy rate of beds,10
October,Southwest,47.7,2014,Occupancy rate of beds,10
October,"West, Westfjords from 2007",25.3,2014,Occupancy rate of beds,10
November,Total,53.2,2014,Occupancy rate of rooms,11
November,East,10.2,2014,Occupancy rate of rooms,11
November,Capital region,74.7,2014,Occupancy rate of rooms,11
November,North,23.5,2014,Occupancy rate of rooms,11
November,South,25.4,2014,Occupancy rate of rooms,11
November,Southwest,47.7,2014,Occupancy rate of rooms,11
November,"West, Westfjords from 2007",21.7,2014,Occupancy rate of rooms,11
November,Total,44.1,2014,Occupancy rate of beds,11
November,East,7.9,2014,Occupancy rate of beds,11
November,Capital region,60.2,2014,Occupancy rate of beds,11
November,North,19.5,2014,Occupancy rate of beds,11
November,South,22.7,2014,Occupancy rate of beds,11
November,Southwest,39.1,2014,Occupancy rate of beds,11
November,"West, Westfjords from 2007",21.5,2014,Occupancy rate of beds,11
December,Total,43.0,2014,Occupancy rate of rooms,12
December,East,3.7,2014,Occupancy rate of rooms,12
December,Capital region,62.0,2014,Occupancy rate of rooms,12
December,North,13.8,2014,Occupancy rate of rooms,12
December,South,18.2,2014,Occupancy rate of rooms,12
December,Southwest,39.2,2014,Occupancy rate of rooms,12
December,"West, Westfjords from 2007",11.8,2014,Occupancy rate of rooms,12
December,Total,36.1,2014,Occupancy rate of beds,12
December,East,3.4,2014,Occupancy rate of beds,12
December,Capital region,50.4,2014,Occupancy rate of beds,12
December,North,12.3,2014,Occupancy rate of beds,12
December,South,16.6,2014,Occupancy rate of beds,12
December,Southwest,36.6,2014,Occupancy rate of beds,12
December,"West, Westfjords from 2007",10.9,2014,Occupancy rate of beds,12
January,Total,50.0,2015,Occupancy rate of rooms,1
January,East,5.9,2015,Occupancy rate of rooms,1
January,Capital region,72.7,2015,Occupancy rate of rooms,1
January,North,17.6,2015,Occupancy rate of rooms,1
January,South,18.8,2015,Occupancy rate of rooms,1
January,Southwest,37.3,2015,Occupancy rate of rooms,1
January,"West, Westfjords from 2007",24.9,2015,Occupancy rate of rooms,1
January,Total,41.0,2015,Occupancy rate of beds,1
January,East,4.8,2015,Occupancy rate of beds,1
January,Capital region,57.6,2015,Occupancy rate of beds,1
January,North,14.4,2015,Occupancy rate of beds,1
January,South,16.8,2015,Occupancy rate of beds,1
January,Southwest,36.3,2015,Occupancy rate of beds,1
January,"West, Westfjords from 2007",22.2,2015,Occupancy rate of beds,1
February,Total,62.6,2015,Occupancy rate of rooms,2
February,East,8.4,2015,Occupancy rate of rooms,2
February,Capital region,87.6,2015,Occupancy rate of rooms,2
February,North,25.6,2015,Occupancy rate of rooms,2
February,South,37.4,2015,Occupancy rate of rooms,2
February,Southwest,60.2,2015,Occupancy rate of rooms,2
February,"West, Westfjords from 2007",31.5,2015,Occupancy rate of rooms,2
February,Total,53.4,2015,Occupancy rate of beds,2
February,East,6.3,2015,Occupancy rate of beds,2
February,Capital region,72.6,2015,Occupancy rate of beds,2
February,North,23.0,2015,Occupancy rate of beds,2
February,South,33.9,2015,Occupancy rate of beds,2
February,Southwest,54.8,2015,Occupancy rate of beds,2
February,"West, Westfjords from 2007",27.5,2015,Occupancy rate of beds,2
March,Total,62.0,2015,Occupancy rate of rooms,3
March,East,14.4,2015,Occupancy rate of rooms,3
March,Capital region,84.5,2015,Occupancy rate of rooms,3
March,North,24.7,2015,Occupancy rate of rooms,3
March,South,42.9,2015,Occupancy rate of rooms,3
March,Southwest,61.8,2015,Occupancy rate of rooms,3
March,"West, Westfjords from 2007",32.1,2015,Occupancy rate of rooms,3
March,Total,53.2,2015,Occupancy rate of beds,3
March,East,11.6,2015,Occupancy rate of beds,3
March,Capital region,70.8,2015,Occupancy rate of beds,3
March,North,21.9,2015,Occupancy rate of beds,3
March,South,38.1,2015,Occupancy rate of beds,3
March,Southwest,55.2,2015,Occupancy rate of beds,3
March,"West, Westfjords from 2007",29.9,2015,Occupancy rate of beds,3
April,Total,52.1,2015,Occupancy rate of rooms,4
April,East,15.6,2015,Occupancy rate of rooms,4
April,Capital region,70.0,2015,Occupancy rate of rooms,4
April,North,29.5,2015,Occupancy rate of rooms,4
April,South,32.8,2015,Occupancy rate of rooms,4
April,Southwest,54.8,2015,Occupancy rate of rooms,4
April,"West, Westfjords from 2007",26.3,2015,Occupancy rate of rooms,4
April,Total,44.1,2015,Occupancy rate of beds,4
April,East,11.2,2015,Occupancy rate of beds,4
April,Capital region,57.4,2015,Occupancy rate of beds,4
April,North,26.0,2015,Occupancy rate of beds,4
April,South,29.6,2015,Occupancy rate of beds,4
April,Southwest,50.7,2015,Occupancy rate of beds,4
April,"West, Westfjords from 2007",24.7,2015,Occupancy rate of beds,4
May,Total,60.9,2015,Occupancy rate of rooms,5
May,East,35.5,2015,Occupancy rate of rooms,5
May,Capital region,75.0,2015,Occupancy rate of rooms,5
May,North,41.2,2015,Occupancy rate of rooms,5
May,South,44.3,2015,Occupancy rate of rooms,5
May,Southwest,71.5,2015,Occupancy rate of rooms,5
May,"West, Westfjords from 2007",43.4,2015,Occupancy rate of rooms,5
May,Total,51.0,2015,Occupancy rate of beds,5
May,East,28.8,2015,Occupancy rate of beds,5
May,Capital region,60.6,2015,Occupancy rate of beds,5
May,North,34.6,2015,Occupancy rate of beds,5
May,South,39.2,2015,Occupancy rate of beds,5
May,Southwest,64.0,2015,Occupancy rate of beds,5
May,"West, Westfjords from 2007",44.0,2015,Occupancy rate of beds,5
June,Total,76.6,2015,Occupancy rate of rooms,6
June,East,65.3,2015,Occupancy rate of rooms,6
June,Capital region,81.3,2015,Occupancy rate of rooms,6
June,North,64.1,2015,Occupancy rate of rooms,6
June,South,72.7,2015,Occupancy rate of rooms,6
June,Southwest,83.7,2015,Occupancy rate of rooms,6
June,"West, Westfjords from 2007",71.7,2015,Occupancy rate of rooms,6
June,Total,64.2,2015,Occupancy rate of beds,6
June,East,57.4,2015,Occupancy rate of beds,6
June,Capital region,65.1,2015,Occupancy rate of beds,6
June,North,55.8,2015,Occupancy rate of beds,6
June,South,64.0,2015,Occupancy rate of beds,6
June,Southwest,75.3,2015,Occupancy rate of beds,6
June,"West, Westfjords from 2007",67.6,2015,Occupancy rate of beds,6
July,Total,88.3,2015,Occupancy rate of rooms,7
July,East,89.9,2015,Occupancy rate of rooms,7
July,Capital region,89.9,2015,Occupancy rate of rooms,7
July,North,78.5,2015,Occupancy rate of rooms,7
July,South,89.3,2015,Occupancy rate of rooms,7
July,Southwest,88.2,2015,Occupancy rate of rooms,7
July,"West, Westfjords from 2007",86.9,2015,Occupancy rate of rooms,7
July,Total,77.4,2015,Occupancy rate of beds,7
July,East,78.8,2015,Occupancy rate of beds,7
July,Capital region,76.1,2015,Occupancy rate of beds,7
July,North,70.3,2015,Occupancy rate of beds,7
July,South,84.2,2015,Occupancy rate of beds,7
July,Southwest,75.7,2015,Occupancy rate of beds,7
July,"West, Westfjords from 2007",80.6,2015,Occupancy rate of beds,7
August,Total,83.7,2015,Occupancy rate of rooms,8
August,East,84.8,2015,Occupancy rate of rooms,8
August,Capital region,85.8,2015,Occupancy rate of rooms,8
August,North,75.7,2015,Occupancy rate of rooms,8
August,South,84.3,2015,Occupancy rate of rooms,8
August,Southwest,82.4,2015,Occupancy rate of rooms,8
August,"West, Westfjords from 2007",75.7,2015,Occupancy rate of rooms,8
August,Total,72.9,2015,Occupancy rate of beds,8
August,East,76.9,2015,Occupancy rate of beds,8
August,Capital region,71.6,2015,Occupancy rate of beds,8
August,North,67.8,2015,Occupancy rate of beds,8
August,South,77.9,2015,Occupancy rate of beds,8
August,Southwest,76.0,2015,Occupancy rate of beds,8
August,"West, Westfjords from 2007",72.3,2015,Occupancy rate of beds,8
September,Total,66.6,2015,Occupancy rate of rooms,9
September,East,47.6,2015,Occupancy rate of rooms,9
September,Capital region,74.4,2015,Occupancy rate of rooms,9
September,North,54.6,2015,Occupancy rate of rooms,9
September,South,58.5,2015,Occupancy rate of rooms,9
September,Southwest,69.7,2015,Occupancy rate of rooms,9
September,"West, Westfjords from 2007",54.6,2015,Occupancy rate of rooms,9
September,Total,55.9,2015,Occupancy rate of beds,9
September,East,42.9,2015,Occupancy rate of beds,9
September,Capital region,59.5,2015,Occupancy rate of beds,9
September,North,46.4,2015,Occupancy rate of beds,9
September,South,54.0,2015,Occupancy rate of beds,9
September,Southwest,60.7,2015,Occupancy rate of beds,9
September,"West, Westfjords from 2007",51.7,2015,Occupancy rate of beds,9
October,Total,60.6,2015,Occupancy rate of rooms,10
October,East,14.9,2015,Occupancy rate of rooms,10
October,Capital region,76.0,2015,Occupancy rate of rooms,10
October,North,32.4,2015,Occupancy rate of rooms,10
October,South,48.5,2015,Occupancy rate of rooms,10
October,Southwest,61.1,2015,Occupancy rate of rooms,10
October,"West, Westfjords from 2007",34.1,2015,Occupancy rate of rooms,10
October,Total,50.5,2015,Occupancy rate of beds,10
October,East,12.4,2015,Occupancy rate of beds,10
October,Capital region,61.4,2015,Occupancy rate of beds,10
October,North,26.7,2015,Occupancy rate of beds,10
October,South,42.8,2015,Occupancy rate of beds,10
October,Southwest,57.9,2015,Occupancy rate of beds,10
October,"West, Westfjords from 2007",32.0,2015,Occupancy rate of beds,10
November,Total,55.4,2015,Occupancy rate of rooms,11
November,East,10.9,2015,Occupancy rate of rooms,11
November,Capital region,75.8,2015,Occupancy rate of rooms,11
November,North,24.0,2015,Occupancy rate of rooms,11
November,South,30.2,2015,Occupancy rate of rooms,11
November,Southwest,44.9,2015,Occupancy rate of rooms,11
November,"West, Westfjords from 2007",23.5,2015,Occupancy rate of rooms,11
November,Total,46.4,2015,Occupancy rate of beds,11
November,East,9.2,2015,Occupancy rate of beds,11
November,Capital region,62.4,2015,Occupancy rate of beds,11
November,North,18.8,2015,Occupancy rate of beds,11
November,South,27.4,2015,Occupancy rate of beds,11
November,Southwest,37.1,2015,Occupancy rate of beds,11
November,"West, Westfjords from 2007",22.1,2015,Occupancy rate of beds,11
December,Total,46.6,2015,Occupancy rate of rooms,12
December,East,6.3,2015,Occupancy rate of rooms,12
December,Capital region,65.6,2015,Occupancy rate of rooms,12
December,North,14.0,2015,Occupancy rate of rooms,12
December,South,23.9,2015,Occupancy rate of rooms,12
December,Southwest,39.2,2015,Occupancy rate of rooms,12
December,"West, Westfjords from 2007",13.3,2015,Occupancy rate of rooms,12
December,Total,39.5,2015,Occupancy rate of beds,12
December,East,4.2,2015,Occupancy rate of beds,12
December,Capital region,54.4,2015,Occupancy rate of beds,12
December,North,11.7,2015,Occupancy rate of beds,12
December,South,22.4,2015,Occupancy rate of beds,12
December,Southwest,36.6,2015,Occupancy rate of beds,12
December,"West, Westfjords from 2007",11.8,2015,Occupancy rate of beds,12
January,Total,49.6,2016,Occupancy rate of rooms,1
January,East,7.4,2016,Occupancy rate of rooms,1
January,Capital region,71.5,2016,Occupancy rate of rooms,1
January,North,17.0,2016,Occupancy rate of rooms,1
January,South,23.5,2016,Occupancy rate of rooms,1
January,Southwest,39.7,2016,Occupancy rate of rooms,1
January,"West, Westfjords from 2007",15.8,2016,Occupancy rate of rooms,1
January,Total,40.9,2016,Occupancy rate of beds,1
January,East,5.6,2016,Occupancy rate of beds,1
January,Capital region,58.0,2016,Occupancy rate of beds,1
January,North,13.9,2016,Occupancy rate of beds,1
January,South,21.3,2016,Occupancy rate of beds,1
January,Southwest,37.4,2016,Occupancy rate of beds,1
January,"West, Westfjords from 2007",12.9,2016,Occupancy rate of beds,1
February,Total,67.9,2016,Occupancy rate of rooms,2
February,East,13.1,2016,Occupancy rate of rooms,2
February,Capital region,91.7,2016,Occupancy rate of rooms,2
February,North,26.9,2016,Occupancy rate of rooms,2
February,South,48.7,2016,Occupancy rate of rooms,2
February,Southwest,58.8,2016,Occupancy rate of rooms,2
February,"West, Westfjords from 2007",31.3,2016,Occupancy rate of rooms,2
February,Total,59.4,2016,Occupancy rate of beds,2
February,East,11.2,2016,Occupancy rate of beds,2
February,Capital region,78.8,2016,Occupancy rate of beds,2
February,North,22.4,2016,Occupancy rate of beds,2
February,South,44.7,2016,Occupancy rate of beds,2
February,Southwest,64.2,2016,Occupancy rate of beds,2
February,"West, Westfjords from 2007",25.4,2016,Occupancy rate of beds,2
March,Total,69.0,2016,Occupancy rate of rooms,3
March,East,15.9,2016,Occupancy rate of rooms,3
March,Capital region,88.6,2016,Occupancy rate of rooms,3
March,North,35.4,2016,Occupancy rate of rooms,3
March,South,55.7,2016,Occupancy rate of rooms,3
March,Southwest,67.4,2016,Occupancy rate of rooms,3
March,"West, Westfjords from 2007",36.6,2016,Occupancy rate of rooms,3
March,Total,59.8,2016,Occupancy rate of beds,3
March,East,13.3,2016,Occupancy rate of beds,3
March,Capital region,75.5,2016,Occupancy rate of beds,3
March,North,30.4,2016,Occupancy rate of beds,3
March,South,51.5,2016,Occupancy rate of beds,3
March,Southwest,61.5,2016,Occupancy rate of beds,3
March,"West, Westfjords from 2007",31.3,2016,Occupancy rate of beds,3
April,Total,58.8,2016,Occupancy rate of rooms,4
April,East,25.8,2016,Occupancy rate of rooms,4
April,Capital region,72.6,2016,Occupancy rate of rooms,4
April,North,49.0,2016,Occupancy rate of rooms,4
April,South,42.7,2016,Occupancy rate of rooms,4
April,Southwest,54.7,2016,Occupancy rate of rooms,4
April,"West, Westfjords from 2007",33.6,2016,Occupancy rate of rooms,4
April,Total,47.8,2016,Occupancy rate of beds,4
April,East,20.3,2016,Occupancy rate of beds,4
April,Capital region,59.0,2016,Occupancy rate of beds,4
April,North,39.3,2016,Occupancy rate of beds,4
April,South,35.6,2016,Occupancy rate of beds,4
April,Southwest,44.6,2016,Occupancy rate of beds,4
April,"West, Westfjords from 2007",26.1,2016,Occupancy rate of beds,4
May,Total,65.1,2016,Occupancy rate of rooms,5
May,East,40.2,2016,Occupancy rate of rooms,5
May,Capital region,79.4,2016,Occupancy rate of rooms,5
May,North,45.2,2016,Occupancy rate of rooms,5
May,South,52.8,2016,Occupancy rate of rooms,5
May,Southwest,51.1,2016,Occupancy rate of rooms,5
May,"West, Westfjords from 2007",45.1,2016,Occupancy rate of rooms,5
May,Total,53.5,2016,Occupancy rate of beds,5
May,East,35.1,2016,Occupancy rate of beds,5
May,Capital region,61.1,2016,Occupancy rate of beds,5
May,North,40.1,2016,Occupancy rate of beds,5
May,South,49.6,2016,Occupancy rate of beds,5
May,Southwest,50.4,2016,Occupancy rate of beds,5
May,"West, Westfjords from 2007",40.9,2016,Occupancy rate of beds,5
June,Total,81.5,2016,Occupancy rate of rooms,6
June,East,73.3,2016,Occupancy rate of rooms,6
June,Capital region,88.3,2016,Occupancy rate of rooms,6
June,North,69.7,2016,Occupancy rate of rooms,6
June,South,73.8,2016,Occupancy rate of rooms,6
June,Southwest,86.3,2016,Occupancy rate of rooms,6
June,"West, Westfjords from 2007",73.9,2016,Occupancy rate of rooms,6
June,Total,69.8,2016,Occupancy rate of beds,6
June,East,63.2,2016,Occupancy rate of beds,6
June,Capital region,75.6,2016,Occupancy rate of beds,6
June,North,59.3,2016,Occupancy rate of beds,6
June,South,63.9,2016,Occupancy rate of beds,6
June,Southwest,70.4,2016,Occupancy rate of beds,6
June,"West, Westfjords from 2007",63.5,2016,Occupancy rate of beds,6
July,Total,91.7,2016,Occupancy rate of rooms,7
July,East,84.3,2016,Occupancy rate of rooms,7
July,Capital region,94.3,2016,Occupancy rate of rooms,7
July,North,88.2,2016,Occupancy rate of rooms,7
July,South,89.1,2016,Occupancy rate of rooms,7
July,Southwest,98.3,2016,Occupancy rate of rooms,7
July,"West, Westfjords from 2007",86.5,2016,Occupancy rate of rooms,7
July,Total,81.3,2016,Occupancy rate of beds,7
July,East,79.2,2016,Occupancy rate of beds,7
July,Capital region,81.9,2016,Occupancy rate of beds,7
July,North,78.2,2016,Occupancy rate of beds,7
July,South,81.4,2016,Occupancy rate of beds,7
July,Southwest,87.4,2016,Occupancy rate of beds,7
July,"West, Westfjords from 2007",79.2,2016,Occupancy rate of beds,7
August,Total,90.5,2016,Occupancy rate of rooms,8
August,East,84.3,2016,Occupancy rate of rooms,8
August,Capital region,93.1,2016,Occupancy rate of rooms,8
August,North,89.1,2016,Occupancy rate of rooms,8
August,South,87.2,2016,Occupancy rate of rooms,8
August,Southwest,96.7,2016,Occupancy rate of rooms,8
August,"West, Westfjords from 2007",81.9,2016,Occupancy rate of rooms,8
August,Total,79.7,2016,Occupancy rate of beds,8
August,East,78.6,2016,Occupancy rate of beds,8
August,Capital region,79.4,2016,Occupancy rate of beds,8
August,North,81.3,2016,Occupancy rate of beds,8
August,South,81.1,2016,Occupancy rate of beds,8
August,Southwest,86.9,2016,Occupancy rate of beds,8
August,"West, Westfjords from 2007",71.9,2016,Occupancy rate of beds,8
September,Total,77.7,2016,Occupancy rate of rooms,9
September,East,58.1,2016,Occupancy rate of rooms,9
September,Capital region,85.4,2016,Occupancy rate of rooms,9
September,North,71.7,2016,Occupancy rate of rooms,9
September,South,66.4,2016,Occupancy rate of rooms,9
September,Southwest,92.6,2016,Occupancy rate of rooms,9
September,"West, Westfjords from 2007",61.4,2016,Occupancy rate of rooms,9
September,Total,66.4,2016,Occupancy rate of beds,9
September,East,51.3,2016,Occupancy rate of beds,9
September,Capital region,70.4,2016,Occupancy rate of beds,9
September,North,59.6,2016,Occupancy rate of beds,9
September,South,64.4,2016,Occupancy rate of beds,9
September,Southwest,78.7,2016,Occupancy rate of beds,9
September,"West, Westfjords from 2007",53.4,2016,Occupancy rate of beds,9
October,Total,70.9,2016,Occupancy rate of rooms,10
October,East,25.2,2016,Occupancy rate of rooms,10
October,Capital region,85.6,2016,Occupancy rate of rooms,10
October,North,46.8,2016,Occupancy rate of rooms,10
October,South,62.2,2016,Occupancy rate of rooms,10
October,Southwest,86.7,2016,Occupancy rate of rooms,10
October,"West, Westfjords from 2007",36.4,2016,Occupancy rate of rooms,10
October,Total,60.1,2016,Occupancy rate of beds,10
October,East,22.2,2016,Occupancy rate of beds,10
October,Capital region,71.1,2016,Occupancy rate of beds,10
October,North,38.1,2016,Occupancy rate of beds,10
October,South,56.6,2016,Occupancy rate of beds,10
October,Southwest,73.9,2016,Occupancy rate of beds,10
October,"West, Westfjords from 2007",31.3,2016,Occupancy rate of beds,10
November,Total,67.9,2016,Occupancy rate of rooms,11
November,East,14.4,2016,Occupancy rate of rooms,11
November,Capital region,90.8,2016,Occupancy rate of rooms,11
November,North,26.8,2016,Occupancy rate of rooms,11
November,South,48.1,2016,Occupancy rate of rooms,11
November,Southwest,73.6,2016,Occupancy rate of rooms,11
November,"West, Westfjords from 2007",35.4,2016,Occupancy rate of rooms,11
November,Total,56.3,2016,Occupancy rate of beds,11
November,East,11.1,2016,Occupancy rate of beds,11
November,Capital region,74.7,2016,Occupancy rate of beds,11
November,North,18.3,2016,Occupancy rate of beds,11
November,South,43.2,2016,Occupancy rate of beds,11
November,Southwest,59.6,2016,Occupancy rate of beds,11
November,"West, Westfjords from 2007",30.1,2016,Occupancy rate of beds,11
December,Total,63.5,2016,Occupancy rate of rooms,12
December,East,8.4,2016,Occupancy rate of rooms,12
December,Capital region,84.7,2016,Occupancy rate of rooms,12
December,North,16.2,2016,Occupancy rate of rooms,12
December,South,50.4,2016,Occupancy rate of rooms,12
December,Southwest,65.6,2016,Occupancy rate of rooms,12
December,"West, Westfjords from 2007",21.8,2016,Occupancy rate of rooms,12
December,Total,53.9,2016,Occupancy rate of beds,12
December,East,6.4,2016,Occupancy rate of beds,12
December,Capital region,70.9,2016,Occupancy rate of beds,12
December,North,13.2,2016,Occupancy rate of beds,12
December,South,46.2,2016,Occupancy rate of beds,12
December,Southwest,54.4,2016,Occupancy rate of beds,12
December,"West, Westfjords from 2007",18.5,2016,Occupancy rate of beds,12
January,Total,62.2,2017,Occupancy rate of rooms,1
January,East,10.2,2017,Occupancy rate of rooms,1
January,Capital region,82.6,2017,Occupancy rate of rooms,1
January,North,16.7,2017,Occupancy rate of rooms,1
January,South,44.6,2017,Occupancy rate of rooms,1
January,Southwest,65.7,2017,Occupancy rate of rooms,1
January,"West, Westfjords from 2007",26.7,2017,Occupancy rate of rooms,1
January,Total,53.0,2017,Occupancy rate of beds,1
January,East,7.6,2017,Occupancy rate of beds,1
January,Capital region,70.0,2017,Occupancy rate of beds,1
January,North,13.3,2017,Occupancy rate of beds,1
January,South,39.6,2017,Occupancy rate of beds,1
January,Southwest,53.3,2017,Occupancy rate of beds,1
January,"West, Westfjords from 2007",23.1,2017,Occupancy rate of beds,1
February,Total,77.8,2017,Occupancy rate of rooms,2
February,East,16.8,2017,Occupancy rate of rooms,2
February,Capital region,96.0,2017,Occupancy rate of rooms,2
February,North,29.7,2017,Occupancy rate of rooms,2
February,South,67.9,2017,Occupancy rate of rooms,2
February,Southwest,90.1,2017,Occupancy rate of rooms,2
February,"West, Westfjords from 2007",43.1,2017,Occupancy rate of rooms,2
February,Total,67.4,2017,Occupancy rate of beds,2
February,East,13.1,2017,Occupancy rate of beds,2
February,Capital region,83.3,2017,Occupancy rate of beds,2
February,North,24.1,2017,Occupancy rate of beds,2
February,South,60.7,2017,Occupancy rate of beds,2
February,Southwest,72.4,2017,Occupancy rate of beds,2
February,"West, Westfjords from 2007",38.3,2017,Occupancy rate of beds,2
March,Total,74.4,2017,Occupancy rate of rooms,3
March,East,15.0,2017,Occupancy rate of rooms,3
March,Capital region,92.5,2017,Occupancy rate of rooms,3
March,North,34.5,2017,Occupancy rate of rooms,3
March,South,68.0,2017,Occupancy rate of rooms,3
March,Southwest,80.0,2017,Occupancy rate of rooms,3
March,"West, Westfjords from 2007",44.7,2017,Occupancy rate of rooms,3
March,Total,63.2,2017,Occupancy rate of beds,3
March,East,12.9,2017,Occupancy rate of beds,3
March,Capital region,77.1,2017,Occupancy rate of beds,3
March,North,28.9,2017,Occupancy rate of beds,3
March,South,60.3,2017,Occupancy rate of beds,3
March,Southwest,71.9,2017,Occupancy rate of beds,3
March,"West, Westfjords from 2007",36.6,2017,Occupancy rate of beds,3
April,Total,66.0,2017,Occupancy rate of rooms,4
April,East,31.7,2017,Occupancy rate of rooms,4
April,Capital region,79.7,2017,Occupancy rate of rooms,4
April,North,40.6,2017,Occupancy rate of rooms,4
April,South,59.9,2017,Occupancy rate of rooms,4
April,Southwest,68.9,2017,Occupancy rate of rooms,4
April,"West, Westfjords from 2007",35.2,2017,Occupancy rate of rooms,4
April,Total,53.9,2017,Occupancy rate of beds,4
April,East,24.7,2017,Occupancy rate of beds,4
April,Capital region,63.5,2017,Occupancy rate of beds,4
April,North,35.7,2017,Occupancy rate of beds,4
April,South,51.4,2017,Occupancy rate of beds,4
April,Southwest,56.2,2017,Occupancy rate of beds,4
April,"West, Westfjords from 2007",30.5,2017,Occupancy rate of beds,4
May,Total,62.2,2017,Occupancy rate of rooms,5
May,East,37.9,2017,Occupancy rate of rooms,5
May,Capital region,70.6,2017,Occupancy rate of rooms,5
May,North,51.3,2017,Occupancy rate of rooms,5
May,South,54.1,2017,Occupancy rate of rooms,5
May,Southwest,64.0,2017,Occupancy rate of rooms,5
May,"West, Westfjords from 2007",51.4,2017,Occupancy rate of rooms,5
May,Total,51.4,2017,Occupancy rate of beds,5
May,East,32.9,2017,Occupancy rate of beds,5
May,Capital region,56.1,2017,Occupancy rate of beds,5
May,North,46.5,2017,Occupancy rate of beds,5
May,South,47.7,2017,Occupancy rate of beds,5
May,Southwest,52.9,2017,Occupancy rate of beds,5
May,"West, Westfjords from 2007",43.4,2017,Occupancy rate of beds,5
June,Total,80.9,2017,Occupancy rate of rooms,6
June,East,65.0,2017,Occupancy rate of rooms,6
June,Capital region,87.5,2017,Occupancy rate of rooms,6
June,North,72.5,2017,Occupancy rate of rooms,6
June,South,76.9,2017,Occupancy rate of rooms,6
June,Southwest,74.5,2017,Occupancy rate of rooms,6
June,"West, Westfjords from 2007",72.1,2017,Occupancy rate of rooms,6
June,Total,68.1,2017,Occupancy rate of beds,6
June,East,58.1,2017,Occupancy rate of beds,6
June,Capital region,71.6,2017,Occupancy rate of beds,6
June,North,61.2,2017,Occupancy rate of beds,6
June,South,68.7,2017,Occupancy rate of beds,6
June,Southwest,63.3,2017,Occupancy rate of beds,6
June,"West, Westfjords from 2007",61.8,2017,Occupancy rate of beds,6
July,Total,89.2,2017,Occupancy rate of rooms,7
July,East,80.2,2017,Occupancy rate of rooms,7
July,Capital region,92.7,2017,Occupancy rate of rooms,7
July,North,81.6,2017,Occupancy rate of rooms,7
July,South,89.7,2017,Occupancy rate of rooms,7
July,Southwest,89.9,2017,Occupancy rate of rooms,7
July,"West, Westfjords from 2007",79.3,2017,Occupancy rate of rooms,7
July,Total,77.2,2017,Occupancy rate of beds,7
July,East,73.0,2017,Occupancy rate of beds,7
July,Capital region,78.4,2017,Occupancy rate of beds,7
July,North,70.4,2017,Occupancy rate of beds,7
July,South,81.4,2017,Occupancy rate of beds,7
July,Southwest,78.5,2017,Occupancy rate of beds,7
July,"West, Westfjords from 2007",69.4,2017,Occupancy rate of beds,7
August,Total,86.7,2017,Occupancy rate of rooms,8
August,East,86.0,2017,Occupancy rate of rooms,8
August,Capital region,89.4,2017,Occupancy rate of rooms,8
August,North,83.2,2017,Occupancy rate of rooms,8
August,South,88.1,2017,Occupancy rate of rooms,8
August,Southwest,78.3,2017,Occupancy rate of rooms,8
August,"West, Westfjords from 2007",76.5,2017,Occupancy rate of rooms,8
August,Total,75.7,2017,Occupancy rate of beds,8
August,East,76.3,2017,Occupancy rate of beds,8
August,Capital region,77.2,2017,Occupancy rate of beds,8
August,North,72.1,2017,Occupancy rate of beds,8
August,South,80.0,2017,Occupancy rate of beds,8
August,Southwest,66.5,2017,Occupancy rate of beds,8
August,"West, Westfjords from 2007",67.5,2017,Occupancy rate of beds,8
September,Total,75.9,2017,Occupancy rate of rooms,9
September,East,58.9,2017,Occupancy rate of rooms,9
September,Capital region,81.7,2017,Occupancy rate of rooms,9
September,North,66.5,2017,Occupancy rate of rooms,9
September,South,70.9,2017,Occupancy rate of rooms,9
September,Southwest,89.5,2017,Occupancy rate of rooms,9
September,"West, Westfjords from 2007",60.3,2017,Occupancy rate of rooms,9
September,Total,64.5,2017,Occupancy rate of beds,9
September,East,51.5,2017,Occupancy rate of beds,9
September,Capital region,68.8,2017,Occupancy rate of beds,9
September,North,57.8,2017,Occupancy rate of beds,9
September,South,63.7,2017,Occupancy rate of beds,9
September,Southwest,66.6,2017,Occupancy rate of beds,9
September,"West, Westfjords from 2007",52.3,2017,Occupancy rate of beds,9
October,Total,70.2,2017,Occupancy rate of rooms,10
October,East,29.3,2017,Occupancy rate of rooms,10
October,Capital region,83.9,2017,Occupancy rate of rooms,10
October,North,44.6,2017,Occupancy rate of rooms,10
October,South,65.7,2017,Occupancy rate of rooms,10
October,Southwest,73.0,2017,Occupancy rate of rooms,10
October,"West, Westfjords from 2007",45.3,2017,Occupancy rate of rooms,10
October,Total,60.3,2017,Occupancy rate of beds,10
October,East,25.9,2017,Occupancy rate of beds,10
October,Capital region,71.3,2017,Occupancy rate of beds,10
October,North,36.8,2017,Occupancy rate of beds,10
October,South,59.4,2017,Occupancy rate of beds,10
October,Southwest,60.8,2017,Occupancy rate of beds,10
October,"West, Westfjords from 2007",39.1,2017,Occupancy rate of beds,10
November,Total,62.7,2017,Occupancy rate of rooms,11
November,East,12.8,2017,Occupancy rate of rooms,11
November,Capital region,80.5,2017,Occupancy rate of rooms,11
November,North,26.5,2017,Occupancy rate of rooms,11
November,South,54.5,2017,Occupancy rate of rooms,11
November,Southwest,59.7,2017,Occupancy rate of rooms,11
November,"West, Westfjords from 2007",32.3,2017,Occupancy rate of rooms,11
November,Total,53.3,2017,Occupancy rate of beds,11
November,East,10.6,2017,Occupancy rate of beds,11
November,Capital region,68.8,2017,Occupancy rate of beds,11
November,North,21.6,2017,Occupancy rate of beds,11
November,South,45.4,2017,Occupancy rate of beds,11
November,Southwest,49.5,2017,Occupancy rate of beds,11
November,"West, Westfjords from 2007",28.1,2017,Occupancy rate of beds,11
December,Total,57.9,2017,Occupancy rate of rooms,12
December,East,8.3,2017,Occupancy rate of rooms,12
December,Capital region,76.1,2017,Occupancy rate of rooms,12
December,North,16.0,2017,Occupancy rate of rooms,12
December,South,47.8,2017,Occupancy rate of rooms,12
December,Southwest,64.5,2017,Occupancy rate of rooms,12
December,"West, Westfjords from 2007",19.8,2017,Occupancy rate of rooms,12
December,Total,51.0,2017,Occupancy rate of beds,12
December,East,6.9,2017,Occupancy rate of beds,12
December,Capital region,66.7,2017,Occupancy rate of beds,12
December,North,13.8,2017,Occupancy rate of beds,12
December,South,43.0,2017,Occupancy rate of beds,12
December,Southwest,53.1,2017,Occupancy rate of beds,12
December,"West, Westfjords from 2007",18.2,2017,Occupancy rate of beds,12
January,Total,55.7,2018,Occupancy rate of rooms,1
January,East,11.7,2018,Occupancy rate of rooms,1
January,Capital region,73.4,2018,Occupancy rate of rooms,1
January,North,21.2,2018,Occupancy rate of rooms,1
January,South,44.3,2018,Occupancy rate of rooms,1
January,Southwest,54.7,2018,Occupancy rate of rooms,1
January,"West, Westfjords from 2007",21.3,2018,Occupancy rate of rooms,1
January,Total,47.5,2018,Occupancy rate of beds,1
January,East,9.4,2018,Occupancy rate of beds,1
January,Capital region,63.5,2018,Occupancy rate of beds,1
January,North,17.9,2018,Occupancy rate of beds,1
January,South,36.9,2018,Occupancy rate of beds,1
January,Southwest,42.2,2018,Occupancy rate of beds,1
January,"West, Westfjords from 2007",18.0,2018,Occupancy rate of beds,1
February,Total,73.1,2018,Occupancy rate of rooms,2
February,East,16.1,2018,Occupancy rate of rooms,2
February,Capital region,90.3,2018,Occupancy rate of rooms,2
February,North,34.4,2018,Occupancy rate of rooms,2
February,South,65.9,2018,Occupancy rate of rooms,2
February,Southwest,79.9,2018,Occupancy rate of rooms,2
February,"West, Westfjords from 2007",39.8,2018,Occupancy rate of rooms,2
February,Total,63.5,2018,Occupancy rate of beds,2
February,East,13.1,2018,Occupancy rate of beds,2
February,Capital region,79.7,2018,Occupancy rate of beds,2
February,North,28.0,2018,Occupancy rate of beds,2
February,South,56.3,2018,Occupancy rate of beds,2
February,Southwest,63.3,2018,Occupancy rate of beds,2
February,"West, Westfjords from 2007",35.1,2018,Occupancy rate of beds,2
March,Total,69.3,2018,Occupancy rate of rooms,3
March,East,23.1,2018,Occupancy rate of rooms,3
March,Capital region,84.6,2018,Occupancy rate of rooms,3
March,North,35.3,2018,Occupancy rate of rooms,3
March,South,68.2,2018,Occupancy rate of rooms,3
March,Southwest,62.0,2018,Occupancy rate of rooms,3
March,"West, Westfjords from 2007",41.0,2018,Occupancy rate of rooms,3
March,Total,60.1,2018,Occupancy rate of beds,3
March,East,20.0,2018,Occupancy rate of beds,3
March,Capital region,73.7,2018,Occupancy rate of beds,3
March,North,30.0,2018,Occupancy rate of beds,3
March,South,59.9,2018,Occupancy rate of beds,3
March,Southwest,49.5,2018,Occupancy rate of beds,3
March,"West, Westfjords from 2007",35.0,2018,Occupancy rate of beds,3
April,Total,54.3,2018,Occupancy rate of rooms,4
April,East,22.0,2018,Occupancy rate of rooms,4
April,Capital region,66.1,2018,Occupancy rate of rooms,4
April,North,37.0,2018,Occupancy rate of rooms,4
April,South,45.5,2018,Occupancy rate of rooms,4
April,Southwest,56.6,2018,Occupancy rate of rooms,4
April,"West, Westfjords from 2007",33.0,2018,Occupancy rate of rooms,4
April,Total,46.0,2018,Occupancy rate of beds,4
April,East,19.1,2018,Occupancy rate of beds,4
April,Capital region,55.9,2018,Occupancy rate of beds,4
April,North,31.5,2018,Occupancy rate of beds,4
April,South,39.7,2018,Occupancy rate of beds,4
April,Southwest,43.9,2018,Occupancy rate of beds,4
April,"West, Westfjords from 2007",28.2,2018,Occupancy rate of beds,4
May,Total,58.2,2018,Occupancy rate of rooms,5
May,East,36.6,2018,Occupancy rate of rooms,5
May,Capital region,63.9,2018,Occupancy rate of rooms,5
May,North,40.6,2018,Occupancy rate of rooms,5
May,South,56.4,2018,Occupancy rate of rooms,5
May,Southwest,74.2,2018,Occupancy rate of rooms,5
May,"West, Westfjords from 2007",50.7,2018,Occupancy rate of rooms,5
May,Total,48.8,2018,Occupancy rate of beds,5
May,East,32.0,2018,Occupancy rate of beds,5
May,Capital region,53.0,2018,Occupancy rate of beds,5
May,North,34.2,2018,Occupancy rate of beds,5
May,South,49.0,2018,Occupancy rate of beds,5
May,Southwest,57.5,2018,Occupancy rate of beds,5
May,"West, Westfjords from 2007",43.2,2018,Occupancy rate of beds,5
June,Total,77.3,2018,Occupancy rate of rooms,6
June,East,60.2,2018,Occupancy rate of rooms,6
June,Capital region,83.2,2018,Occupancy rate of rooms,6
June,North,65.1,2018,Occupancy rate of rooms,6
June,South,74.5,2018,Occupancy rate of rooms,6
June,Southwest,83.3,2018,Occupancy rate of rooms,6
June,"West, Westfjords from 2007",69.4,2018,Occupancy rate of rooms,6
June,Total,66.0,2018,Occupancy rate of beds,6
June,East,53.3,2018,Occupancy rate of beds,6
June,Capital region,70.5,2018,Occupancy rate of beds,6
June,North,55.7,2018,Occupancy rate of beds,6
June,South,64.4,2018,Occupancy rate of beds,6
June,Southwest,67.4,2018,Occupancy rate of beds,6
June,"West, Westfjords from 2007",61.0,2018,Occupancy rate of beds,6
July,Total,82.5,2018,Occupancy rate of rooms,7
July,East,79.1,2018,Occupancy rate of rooms,7
July,Capital region,84.3,2018,Occupancy rate of rooms,7
July,North,73.8,2018,Occupancy rate of rooms,7
July,South,83.9,2018,Occupancy rate of rooms,7
July,Southwest,91.3,2018,Occupancy rate of rooms,7
July,"West, Westfjords from 2007",75.4,2018,Occupancy rate of rooms,7
July,Total,71.9,2018,Occupancy rate of beds,7
July,East,68.9,2018,Occupancy rate of beds,7
July,Capital region,73.5,2018,Occupancy rate of beds,7
July,North,64.6,2018,Occupancy rate of beds,7
July,South,73.7,2018,Occupancy rate of beds,7
July,Southwest,77.2,2018,Occupancy rate of beds,7
July,"West, Westfjords from 2007",64.1,2018,Occupancy rate of beds,7
August,Total,84.7,2018,Occupancy rate of rooms,8
August,East,73.4,2018,Occupancy rate of rooms,8
August,Capital region,86.3,2018,Occupancy rate of rooms,8
August,North,78.1,2018,Occupancy rate of rooms,8
August,South,86.0,2018,Occupancy rate of rooms,8
August,Southwest,93.5,2018,Occupancy rate of rooms,8
August,"West, Westfjords from 2007",80.3,2018,Occupancy rate of rooms,8
August,Total,74.3,2018,Occupancy rate of beds,8
August,East,66.2,2018,Occupancy rate of beds,8
August,Capital region,75.4,2018,Occupancy rate of beds,8
August,North,66.7,2018,Occupancy rate of beds,8
August,South,77.0,2018,Occupancy rate of beds,8
August,Southwest,81.7,2018,Occupancy rate of beds,8
August,"West, Westfjords from 2007",69.1,2018,Occupancy rate of beds,8
September,Total,77.9,2018,Occupancy rate of rooms,9
September,East,64.2,2018,Occupancy rate of rooms,9
September,Capital region,81.9,2018,Occupancy rate of rooms,9
September,North,68.3,2018,Occupancy rate of rooms,9
September,South,74.2,2018,Occupancy rate of rooms,9
September,Southwest,90.0,2018,Occupancy rate of rooms,9
September,"West, Westfjords from 2007",74.6,2018,Occupancy rate of rooms,9
September,Total,66.2,2018,Occupancy rate of beds,9
September,East,55.8,2018,Occupancy rate of beds,9
September,Capital region,68.5,2018,Occupancy rate of beds,9
September,North,57.7,2018,Occupancy rate of beds,9
September,South,65.5,2018,Occupancy rate of beds,9
September,Southwest,75.0,2018,Occupancy rate of beds,9
September,"West, Westfjords from 2007",63.5,2018,Occupancy rate of beds,9
October,Total,70.2,2018,Occupancy rate of rooms,10
October,East,42.4,2018,Occupancy rate of rooms,10
October,Capital region,79.3,2018,Occupancy rate of rooms,10
October,North,52.4,2018,Occupancy rate of rooms,10
October,South,65.6,2018,Occupancy rate of rooms,10
October,Southwest,83.0,2018,Occupancy rate of rooms,10
October,"West, Westfjords from 2007",51.7,2018,Occupancy rate of rooms,10
October,Total,59.7,2018,Occupancy rate of beds,10
October,East,36.6,2018,Occupancy rate of beds,10
October,Capital region,67.6,2018,Occupancy rate of beds,10
October,North,43.6,2018,Occupancy rate of beds,10
October,South,56.7,2018,Occupancy rate of beds,10
October,Southwest,66.9,2018,Occupancy rate of beds,10
October,"West, Westfjords from 2007",44.1,2018,Occupancy rate of beds,10
November,Total,57.4,2018,Occupancy rate of rooms,11
November,East,12.4,2018,Occupancy rate of rooms,11
November,Capital region,76.9,2018,Occupancy rate of rooms,11
November,North,24.2,2018,Occupancy rate of rooms,11
November,South,47.5,2018,Occupancy rate of rooms,11
November,Southwest,58.1,2018,Occupancy rate of rooms,11
November,"West, Westfjords from 2007",25.9,2018,Occupancy rate of rooms,11
November,Total,48.4,2018,Occupancy rate of beds,11
November,East,10.2,2018,Occupancy rate of beds,11
November,Capital region,64.8,2018,Occupancy rate of beds,11
November,North,20.6,2018,Occupancy rate of beds,11
November,South,41.3,2018,Occupancy rate of beds,11
November,Southwest,45.3,2018,Occupancy rate of beds,11
November,"West, Westfjords from 2007",21.6,2018,Occupancy rate of beds,11
December,Total,53.2,2018,Occupancy rate of rooms,12
December,East,12.1,2018,Occupancy rate of rooms,12
December,Capital region,70.1,2018,Occupancy rate of rooms,12
December,North,23.3,2018,Occupancy rate of rooms,12
December,South,44.8,2018,Occupancy rate of rooms,12
December,Southwest,56.1,2018,Occupancy rate of rooms,12
December,"West, Westfjords from 2007",19.6,2018,Occupancy rate of rooms,12
December,Total,46.8,2018,Occupancy rate of beds,12
December,East,10.1,2018,Occupancy rate of beds,12
December,Capital region,62.8,2018,Occupancy rate of beds,12
December,North,20.1,2018,Occupancy rate of beds,12
December,South,39.2,2018,Occupancy rate of beds,12
December,Southwest,46.0,2018,Occupancy rate of beds,12
December,"West, Westfjords from 2007",16.0,2018,Occupancy rate of beds,12
January,Total,49.2,2019,Occupancy rate of rooms,1
January,East,13.9,2019,Occupancy rate of rooms,1
January,Capital region,66.2,2019,Occupancy rate of rooms,1
January,North,19.2,2019,Occupancy rate of rooms,1
January,South,34.8,2019,Occupancy rate of rooms,1
January,Southwest,52.0,2019,Occupancy rate of rooms,1
January,"West, Westfjords from 2007",21.4,2019,Occupancy rate of rooms,1
January,Total,41.9,2019,Occupancy rate of beds,1
January,East,11.3,2019,Occupancy rate of beds,1
January,Capital region,57.2,2019,Occupancy rate of beds,1
January,North,16.1,2019,Occupancy rate of beds,1
January,South,29.2,2019,Occupancy rate of beds,1
January,Southwest,40.8,2019,Occupancy rate of beds,1
January,"West, Westfjords from 2007",18.0,2019,Occupancy rate of beds,1
February,Total,67.0,2019,Occupancy rate of rooms,2
February,East,19.6,2019,Occupancy rate of rooms,2
February,Capital region,83.7,2019,Occupancy rate of rooms,2
February,North,30.9,2019,Occupancy rate of rooms,2
February,South,62.9,2019,Occupancy rate of rooms,2
February,Southwest,67.5,2019,Occupancy rate of rooms,2
February,"West, Westfjords from 2007",39.5,2019,Occupancy rate of rooms,2
February,Total,58.1,2019,Occupancy rate of beds,2
February,East,15.9,2019,Occupancy rate of beds,2
February,Capital region,73.9,2019,Occupancy rate of beds,2
February,North,25.8,2019,Occupancy rate of beds,2
February,South,54.3,2019,Occupancy rate of beds,2
February,Southwest,55.0,2019,Occupancy rate of beds,2
February,"West, Westfjords from 2007",32.8,2019,Occupancy rate of beds,2
March,Total,65.9,2019,Occupancy rate of rooms,3
March,East,26.2,2019,Occupancy rate of rooms,3
March,Capital region,79.8,2019,Occupancy rate of rooms,3
March,North,37.8,2019,Occupancy rate of rooms,3
March,South,62.4,2019,Occupancy rate of rooms,3
March,Southwest,68.4,2019,Occupancy rate of rooms,3
March,"West, Westfjords from 2007",40.1,2019,Occupancy rate of rooms,3
March,Total,56.8,2019,Occupancy rate of beds,3
March,East,21.7,2019,Occupancy rate of beds,3
March,Capital region,69.2,2019,Occupancy rate of beds,3
March,North,31.3,2019,Occupancy rate of beds,3
March,South,55.2,2019,Occupancy rate of beds,3
March,Southwest,55.6,2019,Occupancy rate of beds,3
March,"West, Westfjords from 2007",34.1,2019,Occupancy rate of beds,3
April,Total,49.2,2019,Occupancy rate of rooms,4
April,East,28.0,2019,Occupancy rate of rooms,4
April,Capital region,56.5,2019,Occupancy rate of rooms,4
April,North,36.0,2019,Occupancy rate of rooms,4
April,South,44.6,2019,Occupancy rate of rooms,4
April,Southwest,60.8,2019,Occupancy rate of rooms,4
April,"West, Westfjords from 2007",33.2,2019,Occupancy rate of rooms,4
April,Total,41.6,2019,Occupancy rate of beds,4
April,East,23.4,2019,Occupancy rate of beds,4
April,Capital region,47.4,2019,Occupancy rate of beds,4
April,North,29.9,2019,Occupancy rate of beds,4
April,South,39.8,2019,Occupancy rate of beds,4
April,Southwest,48.8,2019,Occupancy rate of beds,4
April,"West, Westfjords from 2007",28.1,2019,Occupancy rate of beds,4
May,Total,55.7,2019,Occupancy rate of rooms,5
May,East,44.8,2019,Occupancy rate of rooms,5
May,Capital region,66.6,2019,Occupancy rate of rooms,5
May,North,42.5,2019,Occupancy rate of rooms,5
May,South,47.0,2019,Occupancy rate of rooms,5
May,Southwest,53.1,2019,Occupancy rate of rooms,5
May,"West, Westfjords from 2007",39.7,2019,Occupancy rate of rooms,5
May,Total,45.3,2019,Occupancy rate of beds,5
May,East,36.8,2019,Occupancy rate of beds,5
May,Capital region,53.1,2019,Occupancy rate of beds,5
May,North,35.8,2019,Occupancy rate of beds,5
May,South,40.4,2019,Occupancy rate of beds,5
May,Southwest,42.0,2019,Occupancy rate of beds,5
May,"West, Westfjords from 2007",32.9,2019,Occupancy rate of beds,5
June,Total,71.9,2019,Occupancy rate of rooms,6
June,East,66.4,2019,Occupancy rate of rooms,6
June,Capital region,77.6,2019,Occupancy rate of rooms,6
June,North,63.5,2019,Occupancy rate of rooms,6
June,South,67.3,2019,Occupancy rate of rooms,6
June,Southwest,80.0,2019,Occupancy rate of rooms,6
June,"West, Westfjords from 2007",57.2,2019,Occupancy rate of rooms,6
June,Total,60.5,2019,Occupancy rate of beds,6
June,East,57.2,2019,Occupancy rate of beds,6
June,Capital region,65.0,2019,Occupancy rate of beds,6
June,North,56.2,2019,Occupancy rate of beds,6
June,South,56.3,2019,Occupancy rate of beds,6
June,Southwest,65.4,2019,Occupancy rate of beds,6
June,"West, Westfjords from 2007",48.4,2019,Occupancy rate of beds,6
July,Total,80.7,2019,Occupancy rate of rooms,7
July,East,80.8,2019,Occupancy rate of rooms,7
July,Capital region,80.1,2019,Occupancy rate of rooms,7
July,North,78.5,2019,Occupancy rate of rooms,7
July,South,84.6,2019,Occupancy rate of rooms,7
July,Southwest,88.6,2019,Occupancy rate of rooms,7
July,"West, Westfjords from 2007",70.0,2019,Occupancy rate of rooms,7
July,Total,70.5,2019,Occupancy rate of beds,7
July,East,72.7,2019,Occupancy rate of beds,7
July,Capital region,69.0,2019,Occupancy rate of beds,7
July,North,70.3,2019,Occupancy rate of beds,7
July,South,72.5,2019,Occupancy rate of beds,7
July,Southwest,77.7,2019,Occupancy rate of beds,7
July,"West, Westfjords from 2007",65.3,2019,Occupancy rate of beds,7
August,Total,82.5,2019,Occupancy rate of rooms,8
August,East,80.5,2019,Occupancy rate of rooms,8
August,Capital region,85.1,2019,Occupancy rate of rooms,8
August,North,75.0,2019,Occupancy rate of rooms,8
August,South,85.2,2019,Occupancy rate of rooms,8
August,Southwest,87.8,2019,Occupancy rate of rooms,8
August,"West, Westfjords from 2007",66.7,2019,Occupancy rate of rooms,8
August,Total,71.5,2019,Occupancy rate of beds,8
August,East,73.6,2019,Occupancy rate of beds,8
August,Capital region,73.0,2019,Occupancy rate of beds,8
August,North,67.2,2019,Occupancy rate of beds,8
August,South,73.5,2019,Occupancy rate of beds,8
August,Southwest,75.9,2019,Occupancy rate of beds,8
August,"West, Westfjords from 2007",57.4,2019,Occupancy rate of beds,8
September,Total,73.8,2019,Occupancy rate of rooms,9
September,East,64.2,2019,Occupancy rate of rooms,9
September,Capital region,78.6,2019,Occupancy rate of rooms,9
September,North,62.9,2019,Occupancy rate of rooms,9
September,South,73.4,2019,Occupancy rate of rooms,9
September,Southwest,79.3,2019,Occupancy rate of rooms,9
September,"West, Westfjords from 2007",60.3,2019,Occupancy rate of rooms,9
September,Total,61.3,2019,Occupancy rate of beds,9
September,East,57.0,2019,Occupancy rate of beds,9
September,Capital region,64.6,2019,Occupancy rate of beds,9
September,North,55.1,2019,Occupancy rate of beds,9
September,South,61.3,2019,Occupancy rate of beds,9
September,Southwest,62.7,2019,Occupancy rate of beds,9
September,"West, Westfjords from 2007",50.3,2019,Occupancy rate of beds,9
October,Total,68.5,2019,Occupancy rate of rooms,10
October,East,48.4,2019,Occupancy rate of rooms,10
October,Capital region,77.5,2019,Occupancy rate of rooms,10
October,North,51.2,2019,Occupancy rate of rooms,10
October,South,68.3,2019,Occupancy rate of rooms,10
October,Southwest,70.3,2019,Occupancy rate of rooms,10
October,"West, Westfjords from 2007",46.5,2019,Occupancy rate of rooms,10
October,Total,57.3,2019,Occupancy rate of beds,10
October,East,42.3,2019,Occupancy rate of beds,10
October,Capital region,65.5,2019,Occupancy rate of beds,10
October,North,40.7,2019,Occupancy rate of beds,10
October,South,56.8,2019,Occupancy rate of beds,10
October,Southwest,57.0,2019,Occupancy rate of beds,10
October,"West, Westfjords from 2007",39.2,2019,Occupancy rate of beds,10
November,Total,57.9,2019,Occupancy rate of rooms,11
November,East,20.2,2019,Occupancy rate of rooms,11
November,Capital region,76.2,2019,Occupancy rate of rooms,11
November,North,28.3,2019,Occupancy rate of rooms,11
November,South,48.9,2019,Occupancy rate of rooms,11
November,Southwest,47.3,2019,Occupancy rate of rooms,11
November,"West, Westfjords from 2007",32.3,2019,Occupancy rate of rooms,11
November,Total,47.7,2019,Occupancy rate of beds,11
November,East,15.8,2019,Occupancy rate of beds,11
November,Capital region,63.8,2019,Occupancy rate of beds,11
November,North,22.4,2019,Occupancy rate of beds,11
November,South,40.0,2019,Occupancy rate of beds,11
November,Southwest,37.1,2019,Occupancy rate of beds,11
November,"West, Westfjords from 2007",26.2,2019,Occupancy rate of beds,11
December,Total,51.4,2019,Occupancy rate of rooms,12
December,East,19.9,2019,Occupancy rate of rooms,12
December,Capital region,69.3,2019,Occupancy rate of rooms,12
December,North,19.2,2019,Occupancy rate of rooms,12
December,South,45.4,2019,Occupancy rate of rooms,12
December,Southwest,39.7,2019,Occupancy rate of rooms,12
December,"West, Westfjords from 2007",19.7,2019,Occupancy rate of rooms,12
December,Total,43.2,2019,Occupancy rate of beds,12
December,East,16.0,2019,Occupancy rate of beds,12
December,Capital region,59.5,2019,Occupancy rate of beds,12
December,North,14.8,2019,Occupancy rate of beds,12
December,South,37.1,2019,Occupancy rate of beds,12
December,Southwest,32.7,2019,Occupancy rate of beds,12
December,"West, Westfjords from 2007",15.8,2019,Occupancy rate of beds,12
January,Total,48.9,2020,Occupancy rate of rooms,1
January,East,16.0,2020,Occupancy rate of rooms,1
January,Capital region,66.5,2020,Occupancy rate of rooms,1
January,North,14.4,2020,Occupancy rate of rooms,1
January,South,37.1,2020,Occupancy rate of rooms,1
January,Southwest,50.6,2020,Occupancy rate of rooms,1
January,"West, Westfjords from 2007",20.5,2020,Occupancy rate of rooms,1
January,Total,41.2,2020,Occupancy rate of beds,1
January,East,12.6,2020,Occupancy rate of beds,1
January,Capital region,57.1,2020,Occupancy rate of beds,1
January,North,11.8,2020,Occupancy rate of beds,1
January,South,30.4,2020,Occupancy rate of beds,1
January,Southwest,40.5,2020,Occupancy rate of beds,1
January,"West, Westfjords from 2007",16.6,2020,Occupancy rate of beds,1
February,Total,60.0,2020,Occupancy rate of rooms,2
February,East,16.9,2020,Occupancy rate of rooms,2
February,Capital region,79.4,2020,Occupancy rate of rooms,2
February,North,26.8,2020,Occupancy rate of rooms,2
February,South,47.6,2020,Occupancy rate of rooms,2
February,Southwest,62.4,2020,Occupancy rate of rooms,2
February,"West, Westfjords from 2007",34.0,2020,Occupancy rate of rooms,2
February,Total,50.4,2020,Occupancy rate of beds,2
February,East,13.4,2020,Occupancy rate of beds,2
February,Capital region,68.4,2020,Occupancy rate of beds,2
February,North,21.2,2020,Occupancy rate of beds,2
February,South,39.1,2020,Occupancy rate of beds,2
February,Southwest,48.1,2020,Occupancy rate of beds,2
February,"West, Westfjords from 2007",28.0,2020,Occupancy rate of beds,2
March,Total,29.6,2020,Occupancy rate of rooms,3
March,East,15.2,2020,Occupancy rate of rooms,3
March,Capital region,37.0,2020,Occupancy rate of rooms,3
March,North,17.0,2020,Occupancy rate of rooms,3
March,South,26.1,2020,Occupancy rate of rooms,3
March,Southwest,27.6,2020,Occupancy rate of rooms,3
March,"West, Westfjords from 2007",19.2,2020,Occupancy rate of rooms,3
March,Total,24.7,2020,Occupancy rate of beds,3
March,East,12.6,2020,Occupancy rate of beds,3
March,Capital region,31.1,2020,Occupancy rate of beds,3
March,North,14.4,2020,Occupancy rate of beds,3
March,South,21.7,2020,Occupancy rate of beds,3
March,Southwest,22.0,2020,Occupancy rate of beds,3
March,"West, Westfjords from 2007",15.7,2020,Occupancy rate of beds,3
April,Total,3.5,2020,Occupancy rate of rooms,4
April,East,1.5,2020,Occupancy rate of rooms,4
April,Capital region,3.0,2020,Occupancy rate of rooms,4
April,North,2.6,2020,Occupancy rate of rooms,4
April,South,2.7,2020,Occupancy rate of rooms,4
April,Southwest,9.8,2020,Occupancy rate of rooms,4
April,"West, Westfjords from 2007",3.6,2020,Occupancy rate of rooms,4
April,Total,2.5,2020,Occupancy rate of beds,4
April,East,1.1,2020,Occupancy rate of beds,4
April,Capital region,2.3,2020,Occupancy rate of beds,4
April,North,2.2,2020,Occupancy rate of beds,4
April,South,1.9,2020,Occupancy rate of beds,4
April,Southwest,5.1,2020,Occupancy rate of beds,4
April,"West, Westfjords from 2007",3.1,2020,Occupancy rate of beds,4
May,Total,8.2,2020,Occupancy rate of rooms,5
May,East,7.9,2020,Occupancy rate of rooms,5
May,Capital region,4.6,2020,Occupancy rate of rooms,5
May,North,14.1,2020,Occupancy rate of rooms,5
May,South,9.7,2020,Occupancy rate of rooms,5
May,Southwest,6.6,2020,Occupancy rate of rooms,5
May,"West, Westfjords from 2007",15.5,2020,Occupancy rate of rooms,5
May,Total,6.7,2020,Occupancy rate of beds,5
May,East,6.1,2020,Occupancy rate of beds,5
May,Capital region,3.7,2020,Occupancy rate of beds,5
May,North,12.5,2020,Occupancy rate of beds,5
May,South,7.7,2020,Occupancy rate of beds,5
May,Southwest,4.0,2020,Occupancy rate of beds,5
May,"West, Westfjords from 2007",13.3,2020,Occupancy rate of beds,5
June,Total,20.2,2020,Occupancy rate of rooms,6
June,East,32.0,2020,Occupancy rate of rooms,6
June,Capital region,11.3,2020,Occupancy rate of rooms,6
June,North,31.7,2020,Occupancy rate of rooms,6
June,South,22.8,2020,Occupancy rate of rooms,6
June,Southwest,13.7,2020,Occupancy rate of rooms,6
June,"West, Westfjords from 2007",33.6,2020,Occupancy rate of rooms,6
June,Total,16.6,2020,Occupancy rate of beds,6
June,East,28.8,2020,Occupancy rate of beds,6
June,Capital region,8.7,2020,Occupancy rate of beds,6
June,North,28.1,2020,Occupancy rate of beds,6
June,South,19.0,2020,Occupancy rate of beds,6
June,Southwest,8.8,2020,Occupancy rate of beds,6
June,"West, Westfjords from 2007",28.9,2020,Occupancy rate of beds,6
July,Total,46.2,2020,Occupancy rate of rooms,7
July,East,73.3,2020,Occupancy rate of rooms,7
July,Capital region,32.8,2020,Occupancy rate of rooms,7
July,North,74.6,2020,Occupancy rate of rooms,7
July,South,48.9,2020,Occupancy rate of rooms,7
July,Southwest,30.1,2020,Occupancy rate of rooms,7
July,"West, Westfjords from 2007",54.2,2020,Occupancy rate of rooms,7
July,Total,39.5,2020,Occupancy rate of beds,7
July,East,68.4,2020,Occupancy rate of beds,7
July,Capital region,26.9,2020,Occupancy rate of beds,7
July,North,67.4,2020,Occupancy rate of beds,7
July,South,41.5,2020,Occupancy rate of beds,7
July,Southwest,24.3,2020,Occupancy rate of beds,7
July,"West, Westfjords from 2007",47.8,2020,Occupancy rate of beds,7
August,Total,35.1,2020,Occupancy rate of rooms,8
August,East,57.9,2020,Occupancy rate of rooms,8
August,Capital region,26.7,2020,Occupancy rate of rooms,8
August,North,58.7,2020,Occupancy rate of rooms,8
August,South,33.6,2020,Occupancy rate of rooms,8
August,Southwest,23.7,2020,Occupancy rate of rooms,8
August,"West, Westfjords from 2007",43.3,2020,Occupancy rate of rooms,8
August,Total,29.9,2020,Occupancy rate of beds,8
August,East,52.9,2020,Occupancy rate of beds,8
August,Capital region,21.7,2020,Occupancy rate of beds,8
August,North,52.6,2020,Occupancy rate of beds,8
August,South,28.4,2020,Occupancy rate of beds,8
August,Southwest,21.7,2020,Occupancy rate of beds,8
August,"West, Westfjords from 2007",38.1,2020,Occupancy rate of beds,8
September,Total,15.6,2020,Occupancy rate of rooms,9
September,East,18.6,2020,Occupancy rate of rooms,9
September,Capital region,13.0,2020,Occupancy rate of rooms,9
September,North,20.6,2020,Occupancy rate of rooms,9
September,South,13.4,2020,Occupancy rate of rooms,9
September,Southwest,25.7,2020,Occupancy rate of rooms,9
September,"West, Westfjords from 2007",16.2,2020,Occupancy rate of rooms,9
September,Total,12.0,2020,Occupancy rate of beds,9
September,East,13.7,2020,Occupancy rate of beds,9
September,Capital region,9.6,2020,Occupancy rate of beds,9
September,North,17.7,2020,Occupancy rate of beds,9
September,South,10.7,2020,Occupancy rate of beds,9
September,Southwest,15.4,2020,Occupancy rate of beds,9
September,"West, Westfjords from 2007",14.2,2020,Occupancy rate of beds,9
October,Total,10.2,2020,Occupancy rate of rooms,10
October,East,12.9,2020,Occupancy rate of rooms,10
October,Capital region,9.2,2020,Occupancy rate of rooms,10
October,North,11.5,2020,Occupancy rate of rooms,10
October,South,7.1,2020,Occupancy rate of rooms,10
October,Southwest,19.1,2020,Occupancy rate of rooms,10
October,"West, Westfjords from 2007",10.0,2020,Occupancy rate of rooms,10
October,Total,7.4,2020,Occupancy rate of beds,10
October,East,8.3,2020,Occupancy rate of beds,10
October,Capital region,6.4,2020,Occupancy rate of beds,10
October,North,9.7,2020,Occupancy rate of beds,10
October,South,5.7,2020,Occupancy rate of beds,10
October,Southwest,11.8,2020,Occupancy rate of beds,10
October,"West, Westfjords from 2007",8.3,2020,Occupancy rate of beds,10
November,Total,7.5,2020,Occupancy rate of rooms,11
November,East,8.3,2020,Occupancy rate of rooms,11
November,Capital region,7.7,2020,Occupancy rate of rooms,11
November,North,4.9,2020,Occupancy rate of rooms,11
November,South,6.1,2020,Occupancy rate of rooms,11
November,Southwest,15.5,2020,Occupancy rate of rooms,11
November,"West, Westfjords from 2007",4.3,2020,Occupancy rate of rooms,11
November,Total,5.3,2020,Occupancy rate of beds,11
November,East,5.6,2020,Occupancy rate of beds,11
November,Capital region,5.4,2020,Occupancy rate of beds,11
November,North,3.9,2020,Occupancy rate of beds,11
November,South,4.7,2020,Occupancy rate of beds,11
November,Southwest,9.1,2020,Occupancy rate of beds,11
November,"West, Westfjords from 2007",3.5,2020,Occupancy rate of beds,11
December,Total,6.3,2020,Occupancy rate of rooms,12
December,East,6.9,2020,Occupancy rate of rooms,12
December,Capital region,7.0,2020,Occupancy rate of rooms,12
December,North,5.6,2020,Occupancy rate of rooms,12
December,South,5.3,2020,Occupancy rate of rooms,12
December,Southwest,8.8,2020,Occupancy rate of rooms,12
December,"West, Westfjords from 2007",2.7,2020,Occupancy rate of rooms,12
December,Total,4.7,2020,Occupancy rate of beds,12
December,East,4.7,2020,Occupancy rate of beds,12
December,Capital region,5.4,2020,Occupancy rate of beds,12
December,North,4.9,2020,Occupancy rate of beds,12
December,South,4.3,2020,Occupancy rate of beds,12
December,Southwest,5.0,2020,Occupancy rate of beds,12
December,"West, Westfjords from 2007",2.3,2020,Occupancy rate of beds,12
January,Total,8.8,2021,Occupancy rate of rooms,1
January,East,4.8,2021,Occupancy rate of rooms,1
January,Capital region,8.5,2021,Occupancy rate of rooms,1
January,North,11.9,2021,Occupancy rate of rooms,1
January,South,7.5,2021,Occupancy rate of rooms,1
January,Southwest,13.2,2021,Occupancy rate of rooms,1
January,"West, Westfjords from 2007",5.3,2021,Occupancy rate of rooms,1
January,Total,7.0,2021,Occupancy rate of beds,1
January,East,3.1,2021,Occupancy rate of beds,1
January,Capital region,6.7,2021,Occupancy rate of beds,1
January,North,10.4,2021,Occupancy rate of beds,1
January,South,6.2,2021,Occupancy rate of beds,1
January,Southwest,9.1,2021,Occupancy rate of beds,1
January,"West, Westfjords from 2007",5.0,2021,Occupancy rate of beds,1
February,Total,12.1,2021,Occupancy rate of rooms,2
February,East,5.0,2021,Occupancy rate of rooms,2
February,Capital region,9.7,2021,Occupancy rate of rooms,2
February,North,26.8,2021,Occupancy rate of rooms,2
February,South,10.2,2021,Occupancy rate of rooms,2
February,Southwest,9.3,2021,Occupancy rate of rooms,2
February,"West, Westfjords from 2007",14.4,2021,Occupancy rate of rooms,2
February,Total,9.8,2021,Occupancy rate of beds,2
February,East,3.3,2021,Occupancy rate of beds,2
February,Capital region,7.7,2021,Occupancy rate of beds,2
February,North,23.4,2021,Occupancy rate of beds,2
February,South,8.7,2021,Occupancy rate of beds,2
February,Southwest,7.1,2021,Occupancy rate of beds,2
February,"West, Westfjords from 2007",10.0,2021,Occupancy rate of beds,2
March,Total,13.1,2021,Occupancy rate of rooms,3
March,East,5.8,2021,Occupancy rate of rooms,3
March,Capital region,13.2,2021,Occupancy rate of rooms,3
March,North,22.8,2021,Occupancy rate of rooms,3
March,South,10.3,2021,Occupancy rate of rooms,3
March,Southwest,10.2,2021,Occupancy rate of rooms,3
March,"West, Westfjords from 2007",12.8,2021,Occupancy rate of rooms,3
March,Total,10.5,2021,Occupancy rate of beds,3
March,East,4.7,2021,Occupancy rate of beds,3
March,Capital region,10.0,2021,Occupancy rate of beds,3
March,North,20.9,2021,Occupancy rate of beds,3
March,South,8.2,2021,Occupancy rate of beds,3
March,Southwest,7.2,2021,Occupancy rate of beds,3
March,"West, Westfjords from 2007",10.7,2021,Occupancy rate of beds,3
April,Total,13.1,2021,Occupancy rate of rooms,4
April,East,4.7,2021,Occupancy rate of rooms,4
April,Capital region,13.1,2021,Occupancy rate of rooms,4
April,North,15.4,2021,Occupancy rate of rooms,4
April,South,11.6,2021,Occupancy rate of rooms,4
April,Southwest,18.8,2021,Occupancy rate of rooms,4
April,"West, Westfjords from 2007",10.7,2021,Occupancy rate of rooms,4
April,Total,10.3,2021,Occupancy rate of beds,4
April,East,3.5,2021,Occupancy rate of beds,4
April,Capital region,9.9,2021,Occupancy rate of beds,4
April,North,13.8,2021,Occupancy rate of beds,4
April,South,9.6,2021,Occupancy rate of beds,4
April,Southwest,13.1,2021,Occupancy rate of beds,4
April,"West, Westfjords from 2007",9.6,2021,Occupancy rate of beds,4
May,Total,24.3,2021,Occupancy rate of rooms,5
May,East,15.2,2021,Occupancy rate of rooms,5
May,Capital region,27.6,2021,Occupancy rate of rooms,5
May,North,25.6,2021,Occupancy rate of rooms,5
May,South,22.5,2021,Occupancy rate of rooms,5
May,Southwest,17.7,2021,Occupancy rate of rooms,5
May,"West, Westfjords from 2007",24.5,2021,Occupancy rate of rooms,5
May,Total,19.8,2021,Occupancy rate of beds,5
May,East,13.2,2021,Occupancy rate of beds,5
May,Capital region,21.8,2021,Occupancy rate of beds,5
May,North,21.6,2021,Occupancy rate of beds,5
May,South,18.7,2021,Occupancy rate of beds,5
May,Southwest,13.2,2021,Occupancy rate of beds,5
May,"West, Westfjords from 2007",21.4,2021,Occupancy rate of beds,5
June,Total,39.1,2021,Occupancy rate of rooms,6
June,East,27.2,2021,Occupancy rate of rooms,6
June,Capital region,42.7,2021,Occupancy rate of rooms,6
June,North,44.0,2021,Occupancy rate of rooms,6
June,South,33.4,2021,Occupancy rate of rooms,6
June,Southwest,35.7,2021,Occupancy rate of rooms,6
June,"West, Westfjords from 2007",41.9,2021,Occupancy rate of rooms,6
June,Total,32.0,2021,Occupancy rate of beds,6
June,East,24.5,2021,Occupancy rate of beds,6
June,Capital region,33.2,2021,Occupancy rate of beds,6
June,North,38.9,2021,Occupancy rate of beds,6
June,South,28.5,2021,Occupancy rate of beds,6
June,Southwest,29.0,2021,Occupancy rate of beds,6
June,"West, Westfjords from 2007",33.9,2021,Occupancy rate of beds,6
July,Total,68.9,2021,Occupancy rate of rooms,7
July,East,80.9,2021,Occupancy rate of rooms,7
July,Capital region,66.5,2021,Occupancy rate of rooms,7
July,North,77.8,2021,Occupancy rate of rooms,7
July,South,68.1,2021,Occupancy rate of rooms,7
July,Southwest,64.3,2021,Occupancy rate of rooms,7
July,"West, Westfjords from 2007",69.1,2021,Occupancy rate of rooms,7
July,Total,56.8,2021,Occupancy rate of beds,7
July,East,73.9,2021,Occupancy rate of beds,7
July,Capital region,54.1,2021,Occupancy rate of beds,7
July,North,70.4,2021,Occupancy rate of beds,7
July,South,55.8,2021,Occupancy rate of beds,7
July,Southwest,52.6,2021,Occupancy rate of beds,7
July,"West, Westfjords from 2007",50.8,2021,Occupancy rate of beds,7
August,Total,75.3,2021,Occupancy rate of rooms,8
August,East,82.4,2021,Occupancy rate of rooms,8
August,Capital region,75.8,2021,Occupancy rate of rooms,8
August,North,79.4,2021,Occupancy rate of rooms,8
August,South,76.1,2021,Occupancy rate of rooms,8
August,Southwest,72.2,2021,Occupancy rate of rooms,8
August,"West, Westfjords from 2007",65.6,2021,Occupancy rate of rooms,8
August,Total,63.7,2021,Occupancy rate of beds,8
August,East,75.2,2021,Occupancy rate of beds,8
August,Capital region,64.0,2021,Occupancy rate of beds,8
August,North,69.4,2021,Occupancy rate of beds,8
August,South,63.0,2021,Occupancy rate of beds,8
August,Southwest,62.6,2021,Occupancy rate of beds,8
August,"West, Westfjords from 2007",53.4,2021,Occupancy rate of beds,8
September,Total,63.4,2021,Occupancy rate of rooms,9
September,East,64.7,2021,Occupancy rate of rooms,9
September,Capital region,63.3,2021,Occupancy rate of rooms,9
September,North,66.9,2021,Occupancy rate of rooms,9
September,South,64.2,2021,Occupancy rate of rooms,9
September,Southwest,65.1,2021,Occupancy rate of rooms,9
September,"West, Westfjords from 2007",54.8,2021,Occupancy rate of rooms,9
September,Total,51.8,2021,Occupancy rate of beds,9
September,East,57.7,2021,Occupancy rate of beds,9
September,Capital region,51.6,2021,Occupancy rate of beds,9
September,North,54.6,2021,Occupancy rate of beds,9
September,South,52.0,2021,Occupancy rate of beds,9
September,Southwest,54.0,2021,Occupancy rate of beds,9
September,"West, Westfjords from 2007",44.3,2021,Occupancy rate of beds,9
October,Total,61.7,2021,Occupancy rate of rooms,10
October,East,37.1,2021,Occupancy rate of rooms,10
October,Capital region,71.9,2021,Occupancy rate of rooms,10
October,North,46.1,2021,Occupancy rate of rooms,10
October,South,57.3,2021,Occupancy rate of rooms,10
October,Southwest,66.4,2021,Occupancy rate of rooms,10
October,"West, Westfjords from 2007",40.4,2021,Occupancy rate of rooms,10
October,Total,49.2,2021,Occupancy rate of beds,10
October,East,31.3,2021,Occupancy rate of beds,10
October,Capital region,57.3,2021,Occupancy rate of beds,10
October,North,36.3,2021,Occupancy rate of beds,10
October,South,46.1,2021,Occupancy rate of beds,10
October,Southwest,51.7,2021,Occupancy rate of beds,10
October,"West, Westfjords from 2007",34.1,2021,Occupancy rate of beds,10
November,Total,44.1,2021,Occupancy rate of rooms,11
November,East,15.1,2021,Occupancy rate of rooms,11
November,Capital region,58.2,2021,Occupancy rate of rooms,11
November,North,22.9,2021,Occupancy rate of rooms,11
November,South,38.3,2021,Occupancy rate of rooms,11
November,Southwest,40.3,2021,Occupancy rate of rooms,11
November,"West, Westfjords from 2007",20.6,2021,Occupancy rate of rooms,11
November,Total,35.4,2021,Occupancy rate of beds,11
November,East,12.2,2021,Occupancy rate of beds,11
November,Capital region,48.0,2021,Occupancy rate of beds,11
November,North,18.8,2021,Occupancy rate of beds,11
November,South,29.6,2021,Occupancy rate of beds,11
November,Southwest,31.3,2021,Occupancy rate of beds,11
November,"West, Westfjords from 2007",15.9,2021,Occupancy rate of beds,11
December,Total,34.5,2021,Occupancy rate of rooms,12
December,East,7.5,2021,Occupancy rate of rooms,12
December,Capital region,46.3,2021,Occupancy rate of rooms,12
December,North,14.4,2021,Occupancy rate of rooms,12
December,South,27.6,2021,Occupancy rate of rooms,12
December,Southwest,40.0,2021,Occupancy rate of rooms,12
December,"West, Westfjords from 2007",11.1,2021,Occupancy rate of rooms,12
December,Total,28.3,2021,Occupancy rate of beds,12
December,East,6.2,2021,Occupancy rate of beds,12
December,Capital region,39.5,2021,Occupancy rate of beds,12
December,North,12.0,2021,Occupancy rate of beds,12
December,South,22.0,2021,Occupancy rate of beds,12
December,Southwest,29.8,2021,Occupancy rate of beds,12
December,"West, Westfjords from 2007",7.6,2021,Occupancy rate of beds,12
January,Total,28.1,2022,Occupancy rate of rooms,1
January,East,10.9,2022,Occupancy rate of rooms,1
January,Capital region,36.5,2022,Occupancy rate of rooms,1
January,North,12.6,2022,Occupancy rate of rooms,1
January,South,21.7,2022,Occupancy rate of rooms,1
January,Southwest,31.9,2022,Occupancy rate of rooms,1
January,"West, Westfjords from 2007",8.7,2022,Occupancy rate of rooms,1
January,Total,22.9,2022,Occupancy rate of beds,1
January,East,7.4,2022,Occupancy rate of beds,1
January,Capital region,30.8,2022,Occupancy rate of beds,1
January,North,10.3,2022,Occupancy rate of beds,1
January,South,17.1,2022,Occupancy rate of beds,1
January,Southwest,25.5,2022,Occupancy rate of beds,1
January,"West, Westfjords from 2007",6.8,2022,Occupancy rate of beds,1
February,Total,50.2,2022,Occupancy rate of rooms,2
February,East,17.0,2022,Occupancy rate of rooms,2
February,Capital region,66.9,2022,Occupancy rate of rooms,2
February,North,30.8,2022,Occupancy rate of rooms,2
February,South,42.2,2022,Occupancy rate of rooms,2
February,Southwest,51.6,2022,Occupancy rate of rooms,2
February,"West, Westfjords from 2007",17.1,2022,Occupancy rate of rooms,2
February,Total,41.4,2022,Occupancy rate of beds,2
February,East,13.6,2022,Occupancy rate of beds,2
February,Capital region,57.8,2022,Occupancy rate of beds,2
February,North,25.8,2022,Occupancy rate of beds,2
February,South,32.3,2022,Occupancy rate of beds,2
February,Southwest,40.1,2022,Occupancy rate of beds,2
February,"West, Westfjords from 2007",13.7,2022,Occupancy rate of beds,2
March,Total,54.3,2022,Occupancy rate of rooms,3
March,East,40.7,2022,Occupancy rate of rooms,3
March,Capital region,67.8,2022,Occupancy rate of rooms,3
March,North,37.8,2022,Occupancy rate of rooms,3
March,South,50.7,2022,Occupancy rate of rooms,3
March,Southwest,46.0,2022,Occupancy rate of rooms,3
March,"West, Westfjords from 2007",25.2,2022,Occupancy rate of rooms,3
March,Total,44.1,2022,Occupancy rate of beds,3
March,East,29.9,2022,Occupancy rate of beds,3
March,Capital region,57.1,2022,Occupancy rate of beds,3
March,North,30.6,2022,Occupancy rate of beds,3
March,South,39.7,2022,Occupancy rate of beds,3
March,Southwest,35.9,2022,Occupancy rate of beds,3
March,"West, Westfjords from 2007",19.6,2022,Occupancy rate of beds,3
April,Total,49.8,2022,Occupancy rate of rooms,4
April,East,28.7,2022,Occupancy rate of rooms,4
April,Capital region,58.7,2022,Occupancy rate of rooms,4
April,North,44.6,2022,Occupancy rate of rooms,4
April,South,44.6,2022,Occupancy rate of rooms,4
April,Southwest,47.6,2022,Occupancy rate of rooms,4
April,"West, Westfjords from 2007",30.7,2022,Occupancy rate of rooms,4
April,Total,41.2,2022,Occupancy rate of beds,4
April,East,24.1,2022,Occupancy rate of beds,4
April,Capital region,49.0,2022,Occupancy rate of beds,4
April,North,37.8,2022,Occupancy rate of beds,4
April,South,36.4,2022,Occupancy rate of beds,4
April,Southwest,39.7,2022,Occupancy rate of beds,4
April,"West, Westfjords from 2007",25.1,2022,Occupancy rate of beds,4
May,Total,53.3,2022,Occupancy rate of rooms,5
May,East,45.0,2022,Occupancy rate of rooms,5
May,Capital region,62.5,2022,Occupancy rate of rooms,5
May,North,47.8,2022,Occupancy rate of rooms,5
May,South,46.8,2022,Occupancy rate of rooms,5
May,Southwest,37.4,2022,Occupancy rate of rooms,5
May,"West, Westfjords from 2007",45.7,2022,Occupancy rate of rooms,5
May,Total,42.7,2022,Occupancy rate of beds,5
May,East,38.7,2022,Occupancy rate of beds,5
May,Capital region,50.7,2022,Occupancy rate of beds,5
May,North,38.4,2022,Occupancy rate of beds,5
May,South,37.0,2022,Occupancy rate of beds,5
May,Southwest,29.8,2022,Occupancy rate of beds,5
May,"West, Westfjords from 2007",36.3,2022,Occupancy rate of beds,5
June,Total,78.6,2022,Occupancy rate of rooms,6
June,East,81.9,2022,Occupancy rate of rooms,6
June,Capital region,82.3,2022,Occupancy rate of rooms,6
June,North,75.7,2022,Occupancy rate of rooms,6
June,South,78.1,2022,Occupancy rate of rooms,6
June,Southwest,68.7,2022,Occupancy rate of rooms,6
June,"West, Westfjords from 2007",71.0,2022,Occupancy rate of rooms,6
June,Total,66.0,2022,Occupancy rate of beds,6
June,East,72.5,2022,Occupancy rate of beds,6
June,Capital region,69.5,2022,Occupancy rate of beds,6
June,North,62.8,2022,Occupancy rate of beds,6
June,South,64.7,2022,Occupancy rate of beds,6
June,Southwest,61.2,2022,Occupancy rate of beds,6
June,"West, Westfjords from 2007",57.4,2022,Occupancy rate of beds,6
July,Total,88.6,2022,Occupancy rate of rooms,7
July,East,90.8,2022,Occupancy rate of rooms,7
July,Capital region,90.7,2022,Occupancy rate of rooms,7
July,North,85.2,2022,Occupancy rate of rooms,7
July,South,91.0,2022,Occupancy rate of rooms,7
July,Southwest,78.9,2022,Occupancy rate of rooms,7
July,"West, Westfjords from 2007",84.4,2022,Occupancy rate of rooms,7
July,Total,76.5,2022,Occupancy rate of beds,7
July,East,82.5,2022,Occupancy rate of beds,7
July,Capital region,78.3,2022,Occupancy rate of beds,7
July,North,73.3,2022,Occupancy rate of beds,7
July,South,77.9,2022,Occupancy rate of beds,7
July,Southwest,71.4,2022,Occupancy rate of beds,7
July,"West, Westfjords from 2007",70.4,2022,Occupancy rate of beds,7
August,Total,88.6,2022,Occupancy rate of rooms,8
August,East,93.6,2022,Occupancy rate of rooms,8
August,Capital region,90.3,2022,Occupancy rate of rooms,8
August,North,82.7,2022,Occupancy rate of rooms,8
August,South,92.5,2022,Occupancy rate of rooms,8
August,Southwest,81.1,2022,Occupancy rate of rooms,8
August,"West, Westfjords from 2007",82.3,2022,Occupancy rate of rooms,8
August,Total,76.2,2022,Occupancy rate of beds,8
August,East,88.1,2022,Occupancy rate of beds,8
August,Capital region,77.6,2022,Occupancy rate of beds,8
August,North,70.8,2022,Occupancy rate of beds,8
August,South,77.9,2022,Occupancy rate of beds,8
August,Southwest,74.5,2022,Occupancy rate of beds,8
August,"West, Westfjords from 2007",68.6,2022,Occupancy rate of beds,8
September,Total,78.3,2022,Occupancy rate of rooms,9
September,East,79.7,2022,Occupancy rate of rooms,9
September,Capital region,81.8,2022,Occupancy rate of rooms,9
September,North,70.6,2022,Occupancy rate of rooms,9
September,South,81.9,2022,Occupancy rate of rooms,9
September,Southwest,71.4,2022,Occupancy rate of rooms,9
September,"West, Westfjords from 2007",65.9,2022,Occupancy rate of rooms,9
September,Total,64.5,2022,Occupancy rate of beds,9
September,East,71.0,2022,Occupancy rate of beds,9
September,Capital region,67.9,2022,Occupancy rate of beds,9
September,North,58.1,2022,Occupancy rate of beds,9
September,South,66.1,2022,Occupancy rate of beds,9
September,Southwest,60.0,2022,Occupancy rate of beds,9
September,"West, Westfjords from 2007",53.3,2022,Occupancy rate of beds,9
October,Total,73.0,2022,Occupancy rate of rooms,10
October,East,44.0,2022,Occupancy rate of rooms,10
October,Capital region,84.3,2022,Occupancy rate of rooms,10
October,North,44.8,2022,Occupancy rate of rooms,10
October,South,76.4,2022,Occupancy rate of rooms,10
October,Southwest,68.0,2022,Occupancy rate of rooms,10
October,"West, Westfjords from 2007",54.3,2022,Occupancy rate of rooms,10
October,Total,60.8,2022,Occupancy rate of beds,10
October,East,38.8,2022,Occupancy rate of beds,10
October,Capital region,71.2,2022,Occupancy rate of beds,10
October,North,36.1,2022,Occupancy rate of beds,10
October,South,62.4,2022,Occupancy rate of beds,10
October,Southwest,58.0,2022,Occupancy rate of beds,10
October,"West, Westfjords from 2007",42.8,2022,Occupancy rate of beds,10
November,Total,57.9,2022,Occupancy rate of rooms,11
November,East,21.1,2022,Occupancy rate of rooms,11
November,Capital region,76.3,2022,Occupancy rate of rooms,11
November,North,24.3,2022,Occupancy rate of rooms,11
November,South,53.9,2022,Occupancy rate of rooms,11
November,Southwest,47.3,2022,Occupancy rate of rooms,11
November,"West, Westfjords from 2007",31.4,2022,Occupancy rate of rooms,11
November,Total,47.6,2022,Occupancy rate of beds,11
November,East,17.6,2022,Occupancy rate of beds,11
November,Capital region,64.4,2022,Occupancy rate of beds,11
November,North,19.3,2022,Occupancy rate of beds,11
November,South,43.3,2022,Occupancy rate of beds,11
November,Southwest,37.8,2022,Occupancy rate of beds,11
November,"West, Westfjords from 2007",24.3,2022,Occupancy rate of beds,11
December,Total,50.0,2022,Occupancy rate of rooms,12
December,East,11.7,2022,Occupancy rate of rooms,12
December,Capital region,70.8,2022,Occupancy rate of rooms,12
December,North,12.3,2022,Occupancy rate of rooms,12
December,South,39.6,2022,Occupancy rate of rooms,12
December,Southwest,47.9,2022,Occupancy rate of rooms,12
December,"West, Westfjords from 2007",15.5,2022,Occupancy rate of rooms,12
December,Total,41.9,2022,Occupancy rate of beds,12
December,East,9.4,2022,Occupancy rate of beds,12
December,Capital region,61.4,2022,Occupancy rate of beds,12
December,North,9.9,2022,Occupancy rate of beds,12
December,South,32.0,2022,Occupancy rate of beds,12
December,Southwest,39.3,2022,Occupancy rate of beds,12
December,"West, Westfjords from 2007",12.1,2022,Occupancy rate of beds,12
January,Total,51.5,2023,Occupancy rate of rooms,1
January,East,15.8,2023,Occupancy rate of rooms,1
January,Capital region,71.0,2023,Occupancy rate of rooms,1
January,North,16.9,2023,Occupancy rate of rooms,1
January,South,41.2,2023,Occupancy rate of rooms,1
January,Southwest,39.9,2023,Occupancy rate of rooms,1
January,"West, Westfjords from 2007",16.8,2023,Occupancy rate of rooms,1
January,Total,42.4,2023,Occupancy rate of beds,1
January,East,13.3,2023,Occupancy rate of beds,1
January,Capital region,60.9,2023,Occupancy rate of beds,1
January,North,12.1,2023,Occupancy rate of beds,1
January,South,32.4,2023,Occupancy rate of beds,1
January,Southwest,32.2,2023,Occupancy rate of beds,1
January,"West, Westfjords from 2007",13.1,2023,Occupancy rate of beds,1
February,Total,65.4,2023,Occupancy rate of rooms,2
February,East,25.1,2023,Occupancy rate of rooms,2
February,Capital region,79.9,2023,Occupancy rate of rooms,2
February,North,40.3,2023,Occupancy rate of rooms,2
February,South,65.5,2023,Occupancy rate of rooms,2
February,Southwest,57.6,2023,Occupancy rate of rooms,2
February,"West, Westfjords from 2007",32.2,2023,Occupancy rate of rooms,2
February,Total,54.4,2023,Occupancy rate of beds,2
February,East,21.4,2023,Occupancy rate of beds,2
February,Capital region,69.7,2023,Occupancy rate of beds,2
February,North,28.6,2023,Occupancy rate of beds,2
February,South,51.6,2023,Occupancy rate of beds,2
February,Southwest,49.4,2023,Occupancy rate of beds,2
February,"West, Westfjords from 2007",24.8,2023,Occupancy rate of beds,2
March,Total,65.0,2023,Occupancy rate of rooms,3
March,East,34.2,2023,Occupancy rate of rooms,3
March,Capital region,78.7,2023,Occupancy rate of rooms,3
March,North,35.9,2023,Occupancy rate of rooms,3
March,South,70.0,2023,Occupancy rate of rooms,3
March,Southwest,53.7,2023,Occupancy rate of rooms,3
March,"West, Westfjords from 2007",37.8,2023,Occupancy rate of rooms,3
March,Total,54.4,2023,Occupancy rate of beds,3
March,East,28.9,2023,Occupancy rate of beds,3
March,Capital region,66.8,2023,Occupancy rate of beds,3
March,North,28.7,2023,Occupancy rate of beds,3
March,South,56.9,2023,Occupancy rate of beds,3
March,Southwest,47.0,2023,Occupancy rate of beds,3
March,"West, Westfjords from 2007",31.6,2023,Occupancy rate of beds,3
April,Total,58.1,2023,Occupancy rate of rooms,4
April,East,37.7,2023,Occupancy rate of rooms,4
April,Capital region,66.1,2023,Occupancy rate of rooms,4
April,North,40.3,2023,Occupancy rate of rooms,4
April,South,60.5,2023,Occupancy rate of rooms,4
April,Southwest,60.9,2023,Occupancy rate of rooms,4
April,"West, Westfjords from 2007",34.0,2023,Occupancy rate of rooms,4
April,Total,48.9,2023,Occupancy rate of beds,4
April,East,33.5,2023,Occupancy rate of beds,4
April,Capital region,57.2,2023,Occupancy rate of beds,4
April,North,32.6,2023,Occupancy rate of beds,4
April,South,49.2,2023,Occupancy rate of beds,4
April,Southwest,51.1,2023,Occupancy rate of beds,4
April,"West, Westfjords from 2007",28.2,2023,Occupancy rate of beds,4
May,Total,65.8,2023,Occupancy rate of rooms,5
May,East,61.0,2023,Occupancy rate of rooms,5
May,Capital region,70.3,2023,Occupancy rate of rooms,5
May,North,55.8,2023,Occupancy rate of rooms,5
May,South,67.4,2023,Occupancy rate of rooms,5
May,Southwest,65.0,2023,Occupancy rate of rooms,5
May,"West, Westfjords from 2007",51.8,2023,Occupancy rate of rooms,5
May,Total,53.2,2023,Occupancy rate of beds,5
May,East,55.3,2023,Occupancy rate of beds,5
May,Capital region,56.6,2023,Occupancy rate of beds,5
May,North,45.6,2023,Occupancy rate of beds,5
May,South,53.8,2023,Occupancy rate of beds,5
May,Southwest,55.5,2023,Occupancy rate of beds,5
May,"West, Westfjords from 2007",40.0,2023,Occupancy rate of beds,5
June,Total,79.0,2023,Occupancy rate of rooms,6
June,East,82.4,2023,Occupancy rate of rooms,6
June,Capital region,80.1,2023,Occupancy rate of rooms,6
June,North,73.4,2023,Occupancy rate of rooms,6
June,South,82.7,2023,Occupancy rate of rooms,6
June,Southwest,76.9,2023,Occupancy rate of rooms,6
June,"West, Westfjords from 2007",71.1,2023,Occupancy rate of rooms,6
June,Total,66.2,2023,Occupancy rate of beds,6
June,East,76.6,2023,Occupancy rate of beds,6
June,Capital region,67.5,2023,Occupancy rate of beds,6
June,North,62.1,2023,Occupancy rate of beds,6
June,South,68.6,2023,Occupancy rate of beds,6
June,Southwest,63.3,2023,Occupancy rate of beds,6
June,"West, Westfjords from 2007",57.7,2023,Occupancy rate of beds,6
July,Total,86.8,2023,Occupancy rate of rooms,7
July,East,91.1,2023,Occupancy rate of rooms,7
July,Capital region,87.6,2023,Occupancy rate of rooms,7
July,North,80.4,2023,Occupancy rate of rooms,7
July,South,90.7,2023,Occupancy rate of rooms,7
July,Southwest,85.1,2023,Occupancy rate of rooms,7
July,"West, Westfjords from 2007",80.7,2023,Occupancy rate of rooms,7
July,Total,75.3,2023,Occupancy rate of beds,7
July,East,83.3,2023,Occupancy rate of beds,7
July,Capital region,76.7,2023,Occupancy rate of beds,7
July,North,67.8,2023,Occupancy rate of beds,7
July,South,78.7,2023,Occupancy rate of beds,7
July,Southwest,73.2,2023,Occupancy rate of beds,7
July,"West, Westfjords from 2007",67.1,2023,Occupancy rate of beds,7
August,Total,85.8,2023,Occupancy rate of rooms,8
August,East,91.1,2023,Occupancy rate of rooms,8
August,Capital region,84.3,2023,Occupancy rate of rooms,8
August,North,81.3,2023,Occupancy rate of rooms,8
August,South,91.9,2023,Occupancy rate of rooms,8
August,Southwest,88.2,2023,Occupancy rate of rooms,8
August,"West, Westfjords from 2007",79.4,2023,Occupancy rate of rooms,8
August,Total,74.5,2023,Occupancy rate of beds,8
August,East,84.2,2023,Occupancy rate of beds,8
August,Capital region,74.6,2023,Occupancy rate of beds,8
August,North,70.4,2023,Occupancy rate of beds,8
August,South,78.1,2023,Occupancy rate of beds,8
August,Southwest,75.0,2023,Occupancy rate of beds,8
August,"West, Westfjords from 2007",65.0,2023,Occupancy rate of beds,8
September,Total,81.7,2023,Occupancy rate of rooms,9
September,East,82.7,2023,Occupancy rate of rooms,9
September,Capital region,83.0,2023,Occupancy rate of rooms,9
September,North,73.3,2023,Occupancy rate of rooms,9
September,South,87.5,2023,Occupancy rate of rooms,9
September,Southwest,84.7,2023,Occupancy rate of rooms,9
September,"West, Westfjords from 2007",67.5,2023,Occupancy rate of rooms,9
September,Total,67.5,2023,Occupancy rate of beds,9
September,East,74.1,2023,Occupancy rate of beds,9
September,Capital region,68.8,2023,Occupancy rate of beds,9
September,North,59.7,2023,Occupancy rate of beds,9
September,South,71.8,2023,Occupancy rate of beds,9
September,Southwest,70.4,2023,Occupancy rate of beds,9
September,"West, Westfjords from 2007",54.4,2023,Occupancy rate of beds,9
October,Total,75.7,2023,Occupancy rate of rooms,10
October,East,53.3,2023,Occupancy rate of rooms,10
October,Capital region,84.8,2023,Occupancy rate of rooms,10
October,North,53.4,2023,Occupancy rate of rooms,10
October,South,76.8,2023,Occupancy rate of rooms,10
October,Southwest,83.4,2023,Occupancy rate of rooms,10
October,"West, Westfjords from 2007",52.4,2023,Occupancy rate of rooms,10
October,Total,62.8,2023,Occupancy rate of beds,10
October,East,46.4,2023,Occupancy rate of beds,10
October,Capital region,71.5,2023,Occupancy rate of beds,10
October,North,41.5,2023,Occupancy rate of beds,10
October,South,63.6,2023,Occupancy rate of beds,10
October,Southwest,70.1,2023,Occupancy rate of beds,10
October,"West, Westfjords from 2007",40.2,2023,Occupancy rate of beds,10
November,Total,58.6,2023,Occupancy rate of rooms,11
November,East,24.1,2023,Occupancy rate of rooms,11
November,Capital region,74.5,2023,Occupancy rate of rooms,11
November,North,24.7,2023,Occupancy rate of rooms,11
November,South,58.7,2023,Occupancy rate of rooms,11
November,Southwest,53.7,2023,Occupancy rate of rooms,11
November,"West, Westfjords from 2007",32.8,2023,Occupancy rate of rooms,11
November,Total,48.1,2023,Occupancy rate of beds,11
November,East,20.0,2023,Occupancy rate of beds,11
November,Capital region,63.1,2023,Occupancy rate of beds,11
November,North,19.1,2023,Occupancy rate of beds,11
November,South,46.3,2023,Occupancy rate of beds,11
November,Southwest,44.2,2023,Occupancy rate of beds,11
November,"West, Westfjords from 2007",25.9,2023,Occupancy rate of beds,11
December,Total,45.9,2023,Occupancy rate of rooms,12
December,East,10.4,2023,Occupancy rate of rooms,12
December,Capital region,62.9,2023,Occupancy rate of rooms,12
December,North,13.3,2023,Occupancy rate of rooms,12
December,South,40.7,2023,Occupancy rate of rooms,12
December,Southwest,44.2,2023,Occupancy rate of rooms,12
December,"West, Westfjords from 2007",18.6,2023,Occupancy rate of rooms,12
December,Total,38.9,2023,Occupancy rate of beds,12
December,East,8.3,2023,Occupancy rate of beds,12
December,Capital region,55.3,2023,Occupancy rate of beds,12
December,North,10.4,2023,Occupancy rate of beds,12
December,South,33.0,2023,Occupancy rate of beds,12
December,Southwest,36.0,2023,Occupancy rate of beds,12
December,"West, Westfjords from 2007",14.2,2023,Occupancy rate of beds,12
January,Total,44.4,2024,Occupancy rate of rooms,1
January,East,9.5,2024,Occupancy rate of rooms,1
January,Capital region,63.4,2024,Occupancy rate of rooms,1
January,North,10.2,2024,Occupancy rate of rooms,1
January,South,36.6,2024,Occupancy rate of rooms,1
January,Southwest,38.2,2024,Occupancy rate of rooms,1
January,"West, Westfjords from 2007",14.5,2024,Occupancy rate of rooms,1
January,Total,37.0,2024,Occupancy rate of beds,1
January,East,8.2,2024,Occupancy rate of beds,1
January,Capital region,54.1,2024,Occupancy rate of beds,1
January,North,8.0,2024,Occupancy rate of beds,1
January,South,30.2,2024,Occupancy rate of beds,1
January,Southwest,29.8,2024,Occupancy rate of beds,1
January,"West, Westfjords from 2007",11.4,2024,Occupancy rate of beds,1
February,Total,61.7,2024,Occupancy rate of rooms,2
February,East,23.0,2024,Occupancy rate of rooms,2
February,Capital region,75.7,2024,Occupancy rate of rooms,2
February,North,32.3,2024,Occupancy rate of rooms,2
February,South,66.2,2024,Occupancy rate of rooms,2
February,Southwest,48.2,2024,Occupancy rate of rooms,2
February,"West, Westfjords from 2007",32.1,2024,Occupancy rate of rooms,2
February,Total,52.2,2024,Occupancy rate of beds,2
February,East,19.3,2024,Occupancy rate of beds,2
February,Capital region,66.2,2024,Occupancy rate of beds,2
February,North,26.0,2024,Occupancy rate of beds,2
February,South,55.0,2024,Occupancy rate of beds,2
February,Southwest,38.8,2024,Occupancy rate of beds,2
February,"West, Westfjords from 2007",24.6,2024,Occupancy rate of beds,2
March,Total,63.5,2024,Occupancy rate of rooms,3
March,East,26.5,2024,Occupancy rate of rooms,3
March,Capital region,76.1,2024,Occupancy rate of rooms,3
March,North,34.1,2024,Occupancy rate of rooms,3
March,South,71.7,2024,Occupancy rate of rooms,3
March,Southwest,51.2,2024,Occupancy rate of rooms,3
March,"West, Westfjords from 2007",36.9,2024,Occupancy rate of rooms,3
March,Total,54.1,2024,Occupancy rate of beds,3
March,East,23.7,2024,Occupancy rate of beds,3
March,Capital region,65.9,2024,Occupancy rate of beds,3
March,North,27.5,2024,Occupancy rate of beds,3
March,South,60.5,2024,Occupancy rate of beds,3
March,Southwest,44.9,2024,Occupancy rate of beds,3
March,"West, Westfjords from 2007",30.4,2024,Occupancy rate of beds,3
April,Total,51.1,2024,Occupancy rate of rooms,4
April,East,30.9,2024,Occupancy rate of rooms,4
April,Capital region,58.9,2024,Occupancy rate of rooms,4
April,North,33.0,2024,Occupancy rate of rooms,4
April,South,52.6,2024,Occupancy rate of rooms,4
April,Southwest,60.2,2024,Occupancy rate of rooms,4
April,"West, Westfjords from 2007",28.4,2024,Occupancy rate of rooms,4
April,Total,42.9,2024,Occupancy rate of beds,4
April,East,27.2,2024,Occupancy rate of beds,4
April,Capital region,49.9,2024,Occupancy rate of beds,4
April,North,26.7,2024,Occupancy rate of beds,4
April,South,44.0,2024,Occupancy rate of beds,4
April,Southwest,51.8,2024,Occupancy rate of beds,4
April,"West, Westfjords from 2007",23.2,2024,Occupancy rate of beds,4
May,Total,58.9,2024,Occupancy rate of rooms,5
May,East,46.8,2024,Occupancy rate of rooms,5
May,Capital region,64.2,2024,Occupancy rate of rooms,5
May,North,52.8,2024,Occupancy rate of rooms,5
May,South,59.0,2024,Occupancy rate of rooms,5
May,Southwest,57.3,2024,Occupancy rate of rooms,5
May,"West, Westfjords from 2007",44.4,2024,Occupancy rate of rooms,5
May,Total,47.6,2024,Occupancy rate of beds,5
May,East,42.4,2024,Occupancy rate of beds,5
May,Capital region,51.0,2024,Occupancy rate of beds,5
May,North,42.5,2024,Occupancy rate of beds,5
May,South,48.5,2024,Occupancy rate of beds,5
May,Southwest,48.2,2024,Occupancy rate of beds,5
May,"West, Westfjords from 2007",35.0,2024,Occupancy rate of beds,5
June,Total,73.8,2024,Occupancy rate of rooms,6
June,East,61.8,2024,Occupancy rate of rooms,6
June,Capital region,78.2,2024,Occupancy rate of rooms,6
June,North,66.9,2024,Occupancy rate of rooms,6
June,South,76.3,2024,Occupancy rate of rooms,6
June,Southwest,68.8,2024,Occupancy rate of rooms,6
June,"West, Westfjords from 2007",60.9,2024,Occupancy rate of rooms,6
June,Total,61.0,2024,Occupancy rate of beds,6
June,East,55.4,2024,Occupancy rate of beds,6
June,Capital region,63.8,2024,Occupancy rate of beds,6
June,North,55.9,2024,Occupancy rate of beds,6
June,South,63.7,2024,Occupancy rate of beds,6
June,Southwest,59.1,2024,Occupancy rate of beds,6
June,"West, Westfjords from 2007",48.5,2024,Occupancy rate of beds,6
July,Total,81.0,2024,Occupancy rate of rooms,7
July,East,77.4,2024,Occupancy rate of rooms,7
July,Capital region,81.2,2024,Occupancy rate of rooms,7
July,North,81.2,2024,Occupancy rate of rooms,7
July,South,86.0,2024,Occupancy rate of rooms,7
July,Southwest,78.6,2024,Occupancy rate of rooms,7
July,"West, Westfjords from 2007",68.6,2024,Occupancy rate of rooms,7
July,Total,69.5,2024,Occupancy rate of beds,7
July,East,70.4,2024,Occupancy rate of beds,7
July,Capital region,69.4,2024,Occupancy rate of beds,7
July,North,68.9,2024,Occupancy rate of beds,7
July,South,74.4,2024,Occupancy rate of beds,7
July,Southwest,70.2,2024,Occupancy rate of beds,7
July,"West, Westfjords from 2007",56.5,2024,Occupancy rate of beds,7
August,Total,86.1,2024,Occupancy rate of rooms,8
August,East,81.4,2024,Occupancy rate of rooms,8
August,Capital region,89.2,2024,Occupancy rate of rooms,8
August,North,81.1,2024,Occupancy rate of rooms,8
August,South,89.9,2024,Occupancy rate of rooms,8
August,Southwest,80.5,2024,Occupancy rate of rooms,8
August,"West, Westfjords from 2007",72.0,2024,Occupancy rate of rooms,8
August,Total,73.3,2024,Occupancy rate of beds,8
August,East,75.9,2024,Occupancy rate of beds,8
August,Capital region,74.7,2024,Occupancy rate of beds,8
August,North,69.9,2024,Occupancy rate of beds,8
August,South,78.0,2024,Occupancy rate of beds,8
August,Southwest,71.2,2024,Occupancy rate of beds,8
August,"West, Westfjords from 2007",58.9,2024,Occupancy rate of beds,8
September,Total,78.8,2024,Occupancy rate of rooms,9
September,East,68.4,2024,Occupancy rate of rooms,9
September,Capital region,82.7,2024,Occupancy rate of rooms,9
September,North,68.9,2024,Occupancy rate of rooms,9
September,South,83.0,2024,Occupancy rate of rooms,9
September,Southwest,80.8,2024,Occupancy rate of rooms,9
September,"West, Westfjords from 2007",60.2,2024,Occupancy rate of rooms,9
September,Total,64.1,2024,Occupancy rate of beds,9
September,East,61.7,2024,Occupancy rate of beds,9
September,Capital region,65.9,2024,Occupancy rate of beds,9
September,North,56.7,2024,Occupancy rate of beds,9
September,South,69.6,2024,Occupancy rate of beds,9
September,Southwest,67.5,2024,Occupancy rate of beds,9
September,"West, Westfjords from 2007",47.2,2024,Occupancy rate of beds,9
October,Total,77.2,2024,Occupancy rate of rooms,10
October,East,44.1,2024,Occupancy rate of rooms,10
October,Capital region,86.4,2024,Occupancy rate of rooms,10
October,North,57.4,2024,Occupancy rate of rooms,10
October,South,82.8,2024,Occupancy rate of rooms,10
October,Southwest,74.1,2024,Occupancy rate of rooms,10
October,"West, Westfjords from 2007",53.2,2024,Occupancy rate of rooms,10
October,Total,63.2,2024,Occupancy rate of beds,10
October,East,39.3,2024,Occupancy rate of beds,10
October,Capital region,69.8,2024,Occupancy rate of beds,10
October,North,45.1,2024,Occupancy rate of beds,10
October,South,69.3,2024,Occupancy rate of beds,10
October,Southwest,63.6,2024,Occupancy rate of beds,10
October,"West, Westfjords from 2007",42.5,2024,Occupancy rate of beds,10
November,Total,61.8,2024,Occupancy rate of rooms,11
November,East,34.2,2024,Occupancy rate of rooms,11
November,Capital region,75.5,2024,Occupancy rate of rooms,11
November,North,30.4,2024,Occupancy rate of rooms,11
November,South,61.3,2024,Occupancy rate of rooms,11
November,Southwest,59.7,2024,Occupancy rate of rooms,11
November,"West, Westfjords from 2007",34.1,2024,Occupancy rate of rooms,11
November,Total,50.0,2024,Occupancy rate of beds,11
November,East,27.9,2024,Occupancy rate of beds,11
November,Capital region,62.2,2024,Occupancy rate of beds,11
November,North,23.9,2024,Occupancy rate of beds,11
November,South,48.8,2024,Occupancy rate of beds,11
November,Southwest,47.1,2024,Occupancy rate of beds,11
November,"West, Westfjords from 2007",25.8,2024,Occupancy rate of beds,11
December,Total,51.9,2024,Occupancy rate of rooms,12
December,East,15.5,2024,Occupancy rate of rooms,12
December,Capital region,70.8,2024,Occupancy rate of rooms,12
December,North,15.4,2024,Occupancy rate of rooms,12
December,South,47.2,2024,Occupancy rate of rooms,12
December,Southwest,44.9,2024,Occupancy rate of rooms,12
December,"West, Westfjords from 2007",17.6,2024,Occupancy rate of rooms,12
December,Total,42.6,2024,Occupancy rate of beds,12
December,East,12.5,2024,Occupancy rate of beds,12
December,Capital region,58.7,2024,Occupancy rate of beds,12
December,North,12.2,2024,Occupancy rate of beds,12
December,South,38.8,2024,Occupancy rate of beds,12
December,Southwest,36.6,2024,Occupancy rate of beds,12
December,"West, Westfjords from 2007",13.6,2024,Occupancy rate of beds,12
January,Total,46.9,2025,Occupancy rate of rooms,1
January,East,17.2,2025,Occupancy rate of rooms,1
January,Capital region,62.2,2025,Occupancy rate of rooms,1
January,North,13.4,2025,Occupancy rate of rooms,1
January,South,41.4,2025,Occupancy rate of rooms,1
January,Southwest,46.4,2025,Occupancy rate of rooms,1
January,"West, Westfjords from 2007",17.0,2025,Occupancy rate of rooms,1
January,Total,37.7,2025,Occupancy rate of beds,1
January,East,13.8,2025,Occupancy rate of beds,1
January,Capital region,50.5,2025,Occupancy rate of beds,1
January,North,10.3,2025,Occupancy rate of beds,1
January,South,33.5,2025,Occupancy rate of beds,1
January,Southwest,37.5,2025,Occupancy rate of beds,1
January,"West, Westfjords from 2007",12.9,2025,Occupancy rate of beds,1
February,Total,62.8,2025,Occupancy rate of rooms,2
February,East,28.6,2025,Occupancy rate of rooms,2
February,Capital region,75.7,2025,Occupancy rate of rooms,2
February,North,33.0,2025,Occupancy rate of rooms,2
February,South,64.9,2025,Occupancy rate of rooms,2
February,Southwest,58.5,2025,Occupancy rate of rooms,2
February,"West, Westfjords from 2007",29.9,2025,Occupancy rate of rooms,2
February,Total,51.5,2025,Occupancy rate of beds,2
February,East,23.7,2025,Occupancy rate of beds,2
February,Capital region,62.6,2025,Occupancy rate of beds,2
February,North,25.9,2025,Occupancy rate of beds,2
February,South,52.9,2025,Occupancy rate of beds,2
February,Southwest,51.1,2025,Occupancy rate of beds,2
February,"West, Westfjords from 2007",21.8,2025,Occupancy rate of beds,2
March,Total,62.4,2025,Occupancy rate of rooms,3
March,East,31.2,2025,Occupancy rate of rooms,3
March,Capital region,73.2,2025,Occupancy rate of rooms,3
March,North,37.1,2025,Occupancy rate of rooms,3
March,South,67.5,2025,Occupancy rate of rooms,3
March,Southwest,60.8,2025,Occupancy rate of rooms,3
March,"West, Westfjords from 2007",36.7,2025,Occupancy rate of rooms,3
March,Total,51.1,2025,Occupancy rate of beds,3
March,East,25.9,2025,Occupancy rate of beds,3
March,Capital region,60.1,2025,Occupancy rate of beds,3
March,North,29.5,2025,Occupancy rate of beds,3
March,South,56.1,2025,Occupancy rate of beds,3
March,Southwest,50.9,2025,Occupancy rate of beds,3
March,"West, Westfjords from 2007",27.8,2025,Occupancy rate of beds,3
April,Total,56.6,2025,Occupancy rate of rooms,4
April,East,47.7,2025,Occupancy rate of rooms,4
April,Capital region,62.0,2025,Occupancy rate of rooms,4
April,North,44.1,2025,Occupancy rate of rooms,4
April,South,57.7,2025,Occupancy rate of rooms,4
April,Southwest,62.1,2025,Occupancy rate of rooms,4
April,"West, Westfjords from 2007",36.6,2025,Occupancy rate of rooms,4
April,Total,47.2,2025,Occupancy rate of beds,4
April,East,39.8,2025,Occupancy rate of beds,4
April,Capital region,52.0,2025,Occupancy rate of beds,4
April,North,36.0,2025,Occupancy rate of beds,4
April,South,48.8,2025,Occupancy rate of beds,4
April,Southwest,52.5,2025,Occupancy rate of beds,4
April,"West, Westfjords from 2007",28.8,2025,Occupancy rate of beds,4
May,Total,63.7,2025,Occupancy rate of rooms,5
May,East,54.4,2025,Occupancy rate of rooms,5
May,Capital region,69.1,2025,Occupancy rate of rooms,5
May,North,51.8,2025,Occupancy rate of rooms,5
May,South,63.4,2025,Occupancy rate of rooms,5
May,Southwest,68.2,2025,Occupancy rate of rooms,5
May,"West, Westfjords from 2007",50.6,2025,Occupancy rate of rooms,5
May,Total,50.8,2025,Occupancy rate of beds,5
May,East,47.2,2025,Occupancy rate of beds,5
May,Capital region,54.9,2025,Occupancy rate of beds,5
May,North,41.6,2025,Occupancy rate of beds,5
May,South,50.8,2025,Occupancy rate of beds,5
May,Southwest,55.1,2025,Occupancy rate of beds,5
May,"West, Westfjords from 2007",39.3,2025,Occupancy rate of beds,5
June,Total,79.8,2025,Occupancy rate of rooms,6
June,East,77.2,2025,Occupancy rate of rooms,6
June,Capital region,81.6,2025,Occupancy rate of rooms,6
June,North,74.6,2025,Occupancy rate of rooms,6
June,South,84.2,2025,Occupancy rate of rooms,6
June,Southwest,77.7,2025,Occupancy rate of rooms,6
June,"West, Westfjords from 2007",68.3,2025,Occupancy rate of rooms,6
June,Total,65.8,2025,Occupancy rate of beds,6
June,East,68.1,2025,Occupancy rate of beds,6
June,Capital region,67.0,2025,Occupancy rate of beds,6
June,North,60.0,2025,Occupancy rate of beds,6
June,South,70.7,2025,Occupancy rate of beds,6
June,Southwest,65.7,2025,Occupancy rate of beds,6
June,"West, Westfjords from 2007",53.5,2025,Occupancy rate of beds,6
July,Total,88.0,2025,Occupancy rate of rooms,7
July,East,91.1,2025,Occupancy rate of rooms,7
July,Capital region,87.7,2025,Occupancy rate of rooms,7
July,North,85.5,2025,Occupancy rate of rooms,7
July,South,93.7,2025,Occupancy rate of rooms,7
July,Southwest,83.8,2025,Occupancy rate of rooms,7
July,"West, Westfjords from 2007",78.3,2025,Occupancy rate of rooms,7
July,Total,75.1,2025,Occupancy rate of beds,7
July,East,80.9,2025,Occupancy rate of beds,7
July,Capital region,74.1,2025,Occupancy rate of beds,7
July,North,71.8,2025,Occupancy rate of beds,7
July,South,82.6,2025,Occupancy rate of beds,7
July,Southwest,73.2,2025,Occupancy rate of beds,7
July,"West, Westfjords from 2007",62.8,2025,Occupancy rate of beds,7
August,Total,89.9,2025,Occupancy rate of rooms,8
August,East,89.6,2025,Occupancy rate of rooms,8
August,Capital region,92.2,2025,Occupancy rate of rooms,8
August,North,85.8,2025,Occupancy rate of rooms,8
August,South,93.3,2025,Occupancy rate of rooms,8
August,Southwest,86.7,2025,Occupancy rate of rooms,8
August,"West, Westfjords from 2007",75.0,2025,Occupancy rate of rooms,8
August,Total,77.1,2025,Occupancy rate of beds,8
August,East,82.1,2025,Occupancy rate of beds,8
August,Capital region,77.3,2025,Occupancy rate of beds,8
August,North,73.3,2025,Occupancy rate of beds,8
August,South,83.1,2025,Occupancy rate of beds,8
August,Southwest,76.6,2025,Occupancy rate of beds,8
August,"West, Westfjords from 2007",61.3,2025,Occupancy rate of beds,8
September,Total,81.6,2025,Occupancy rate of rooms,9
September,East,75.2,2025,Occupancy rate of rooms,9
September,Capital region,84.4,2025,Occupancy rate of rooms,9
September,North,77.7,2025,Occupancy rate of rooms,9
September,South,85.6,2025,Occupancy rate of rooms,9
September,Southwest,81.2,2025,Occupancy rate of rooms,9
September,"West, Westfjords from 2007",62.7,2025,Occupancy rate of rooms,9
September,Total,65.9,2025,Occupancy rate of beds,9
September,East,66.8,2025,Occupancy rate of beds,9
September,Capital region,65.8,2025,Occupancy rate of beds,9
September,North,63.1,2025,Occupancy rate of beds,9
September,South,72.4,2025,Occupancy rate of beds,9
September,Southwest,67.2,2025,Occupancy rate of beds,9
September,"West, Westfjords from 2007",49.6,2025,Occupancy rate of beds,9
October,Total,72.5,2025,Occupancy rate of rooms,10
October,East,46.7,2025,Occupancy rate of rooms,10
October,Capital region,80.7,2025,Occupancy rate of rooms,10
October,North,54.6,2025,Occupancy rate of rooms,10
October,South,76.4,2025,Occupancy rate of rooms,10
October,Southwest,74.7,2025,Occupancy rate of rooms,10
October,"West, Westfjords from 2007",48.5,2025,Occupancy rate of rooms,10
October,Total,59.2,2025,Occupancy rate of beds,10
October,East,41.9,2025,Occupancy rate of beds,10
October,Capital region,65.0,2025,Occupancy rate of beds,10
October,North,43.5,2025,Occupancy rate of beds,10
October,South,64.8,2025,Occupancy rate of beds,10
October,Southwest,60.6,2025,Occupancy rate of beds,10
October,"West, Westfjords from 2007",37.8,2025,Occupancy rate of beds,10
November,Total,57.0,2025,Occupancy rate of rooms,11
November,East,24.7,2025,Occupancy rate of rooms,11
November,Capital region,69.4,2025,Occupancy rate of rooms,11
November,North,27.8,2025,Occupancy rate of rooms,11
November,South,55.3,2025,Occupancy rate of rooms,11
November,Southwest,65.6,2025,Occupancy rate of rooms,11
November,"West, Westfjords from 2007",29.5,2025,Occupancy rate of rooms,11
November,Total,45.5,2025,Occupancy rate of beds,11
November,East,20.4,2025,Occupancy rate of beds,11
November,Capital region,55.7,2025,Occupancy rate of beds,11
November,North,21.6,2025,Occupancy rate of beds,11
November,South,44.7,2025,Occupancy rate of beds,11
November,Southwest,50.6,2025,Occupancy rate of beds,11
November,"West, Westfjords from 2007",22.2,2025,Occupancy rate of beds,11
December,Total,45.3,2025,Occupancy rate of rooms,12
December,East,11.3,2025,Occupancy rate of rooms,12
December,Capital region,57.7,2025,Occupancy rate of rooms,12
December,North,17.6,2025,Occupancy rate of rooms,12
December,South,41.1,2025,Occupancy rate of rooms,12
December,Southwest,53.8,2025,Occupancy rate of rooms,12
December,"West, Westfjords from 2007",14.5,2025,Occupancy rate of rooms,12
December,Total,37.4,2025,Occupancy rate of beds,12
December,East,9.3,2025,Occupancy rate of beds,12
December,Capital region,48.3,2025,Occupancy rate of beds,12
December,North,14.1,2025,Occupancy rate of beds,12
December,South,34.7,2025,Occupancy rate of beds,12
December,Southwest,41.8,2025,Occupancy rate of beds,12
December,"West, Westfjords from 2007",10.9,2025,Occupancy rate of beds,12
January,Total,43.0,2026,Occupancy rate of rooms,1
January,East,9.6,2026,Occupancy rate of rooms,1
January,Capital region,56.2,2026,Occupancy rate of rooms,1
January,North,16.6,2026,Occupancy rate of rooms,1
January,South,36.5,2026,Occupancy rate of rooms,1
January,Southwest,49.9,2026,Occupancy rate of rooms,1
January,"West, Westfjords from 2007",14.4,2026,Occupancy rate of rooms,1
January,Total,34.8,2026,Occupancy rate of beds,1
January,East,7.3,2026,Occupancy rate of beds,1
January,Capital region,45.5,2026,Occupancy rate of beds,1
January,North,13.0,2026,Occupancy rate of beds,1
January,South,30.4,2026,Occupancy rate of beds,1
January,Southwest,40.3,2026,Occupancy rate of beds,1
January,"West, Westfjords from 2007",10.7,2026,Occupancy rate of beds,1
February,Total,64.2,2026,Occupancy rate of rooms,2
February,East,25.6,2026,Occupancy rate of rooms,2
February,Capital region,76.8,2026,Occupancy rate of rooms,2
February,North,35.8,2026,Occupancy rate of rooms,2
February,South,66.4,2026,Occupancy rate of rooms,2
February,Southwest,60.0,2026,Occupancy rate of rooms,2
February,"West, Westfjords from 2007",32.2,2026,Occupancy rate of rooms,2
February,Total,51.9,2026,Occupancy rate of beds,2
February,East,19.3,2026,Occupancy rate of beds,2
February,Capital region,62.3,2026,Occupancy rate of beds,2
February,North,28.6,2026,Occupancy rate of beds,2
February,South,54.6,2026,Occupancy rate of beds,2
February,Southwest,49.8,2026,Occupancy rate of beds,2
February,"West, Westfjords from 2007",24.0,2026,Occupancy rate of beds,2
March,Total,62.0,2026,Occupancy rate of rooms,3
March,East,35.2,2026,Occupancy rate of rooms,3
March,Capital region,71.8,2026,Occupancy rate of rooms,3
March,North,36.1,2026,Occupancy rate of rooms,3
March,South,64.9,2026,Occupancy rate of rooms,3
March,Southwest,68.1,2026,Occupancy rate of rooms,3
March,"West, Westfjords from 2007",34.2,2026,Occupancy rate of rooms,3
March,Total,50.9,2026,Occupancy rate of beds,3
March,East,29.2,2026,Occupancy rate of beds,3
March,Capital region,58.1,2026,Occupancy rate of beds,3
March,North,28.9,2026,Occupancy rate of beds,3
March,South,55.3,2026,Occupancy rate of beds,3
March,Southwest,58.5,2026,Occupancy rate of beds,3
March,"West, Westfjords from 2007",25.6,2026,Occupancy rate of beds,3
